OBJECTID,ACCIDENT_NO,ABS_CODE,ACCIDENT_STATUS,ACCIDENT_DATE,ACCIDENT_TIME,ALCOHOLTIME,ACCIDENT_TYPE,DAY_OF_WEEK,DCA_CODE,HIT_RUN_FLAG,LIGHT_CONDITION,POLICE_ATTEND,ROAD_GEOMETRY,SEVERITY,SPEED_ZONE,RUN_OFFROAD,NODE_ID,LONGITUDE,LATITUDE,NODE_TYPE,LGA_NAME,REGION_NAME,VICGRID_X,VICGRID_Y,TOTAL_PERSONS,INJ_OR_FATAL,FATALITY,SERIOUSINJURY,OTHERINJURY,NONINJURED,MALES,FEMALES,BICYCLIST,PASSENGER,DRIVER,PEDESTRIAN,PILLION,MOTORIST,UNKNOWN,PED_CYCLIST_5_12,PED_CYCLIST_13_18,OLD_PEDESTRIAN,OLD_DRIVER,YOUNG_DRIVER,ALCOHOL_RELATED,UNLICENCSED,NO_OF_VEHICLES,HEAVYVEHICLE,PASSENGERVEHICLE,MOTORCYCLE,PUBLICVEHICLE,DEG_URBAN_NAME,DEG_URBAN_ALL,LGA_NAME_ALL,REGION_NAME_ALL,SRNS,SRNS_ALL,RMA,RMA_ALL,DIVIDED,DIVIDED_ALL,STAT_DIV_NAME,Year,Month,Hour,ALCOHOL_RELATED
3473957,T20190000947,ABS to receive accident,Finished,1/1/2019,01.15.00,Yes,Collision with a fixed object,Monday,RIGHT OFF CARRIAGEWAY INTO OBJECT/PARKED VEHICLE,No,Dark Street lights on,Yes,Not at intersection,Other injury accident,80 km/hr,Yes,341404,144.86102,-37.82434,Non-Intersection,MARIBYRNONG,METROPOLITAN NORTH WEST REGION,2487764.74,2408511.837,1,1,0,0,1,0,1,0,0,0,1,0,0,0,0,0,0,0,0,0,No,1,1,0,1,0,0,MELB_URBAN,MELB_URBAN,MARIBYRNONG,METROPOLITAN NORTH WEST REGION,M,M,Freeway,Freeway,Divided,Div,Metro,2019,1,01,0
3473959,T20190000951,ABS to receive accident,Finished,17/1/2019,08.28.00,No,Collision with vehicle,Thursday,OUT OF CONTROL (OVERTAKING),No,Day,Yes,Not at intersection,Serious injury accident,50 km/hr,Yes,341631,144.95845,-37.79385,Non-Intersection,MELBOURNE,METROPOLITAN NORTH WEST REGION,2496340.83,2411904.629,2,2,0,1,1,0,1,1,1,0,1,0,0,0,0,0,0,0,0,0,No,0,3,0,2,0,0,MELB_URBAN,MELB_URBAN,MELBOURNE,METROPOLITAN NORTH WEST REGION,,,Arterial Other,Arterial Other,Undivided,Undiv,Metro,2019,1,08,0
3473960,T20190000953,ABS to receive accident,Finished,16/1/2019,20.50.00,Yes,Collision with vehicle,Tuesday,HEAD ON (NOT OVERTAKING),Yes,Dark Street lights on,Yes,Not at intersection,Other injury accident,70 km/hr,No,341399,145.31407,-38.0568,Non-Intersection,CASEY,METROPOLITAN SOUTH EAST REGION,2527564.556,2382673.983,4,2,0,0,2,2,3,0,0,2,2,0,0,0,0,0,0,0,0,0,No,0,2,0,2,0,0,MELB_URBAN,MELB_URBAN,CASEY,METROPOLITAN SOUTH EAST REGION,,,Local Road,Local Road,Undivided,Undiv,Metro,2019,1,20,0
3473961,T20190000956,ABS to receive accident,Finished,17/1/2019,08.55.00,No,Collision with vehicle,Thursday,VEHICLE STRIKES DOOR OF PARKED/STATIONARY VEHICLE,No,Day,Yes,Not at intersection,Other injury accident,40 km/hr,No,341408,145.00796,-37.81129,Non-Intersection,YARRA,METROPOLITAN NORTH WEST REGION,2500700.76,2409969.463,2,1,0,0,1,1,2,0,1,0,1,0,0,0,0,0,0,0,0,0,No,0,2,0,1,0,0,MELB_URBAN,MELB_URBAN,YARRA,METROPOLITAN NORTH WEST REGION,,,Arterial Other,Arterial Other,Undivided,Undiv,Metro,2019,1,08,0
3473962,T20190000957,ABS to receive accident,Finished,17/1/2019,06.50.00,No,Collision with vehicle,Wednesday,RIGHT THROUGH,No,Dusk/Dawn,Yes,Cross intersection,Serious injury accident,60 km/hr,No,342198,145.05449,-37.84303,Non-Intersection,BOROONDARA,METROPOLITAN SOUTH EAST REGION,2504795.703,2406444.863,2,1,0,1,0,1,2,0,0,0,1,0,0,1,0,0,0,0,0,0,No,0,2,0,1,1,0,MELB_URBAN,MELB_URBAN,BOROONDARA,METROPOLITAN SOUTH EAST REGION,,,Arterial Other,Arterial Other,Undivided,Undiv,Metro,2019,1,06,0
3473963,T20190000969,ABS to receive accident,Finished,17/1/2019,14.00.00,No,Collision with vehicle,Thursday,RIGHT THROUGH,No,Day,Yes,Cross intersection,Other injury accident,110 km/hr,No,26265,145.86719,-36.60109,Intersection,BENALLA,NORTH EASTERN REGION,2577580.693,2543908.48,2,1,0,0,1,1,2,0,0,0,2,0,0,0,0,0,0,0,0,1,No,0,2,0,2,0,0,RURAL_VICTORIA,RURAL_VICTORIA,BENALLA,NORTH EASTERN REGION,M,M,Freeway,"Freeway,Local Road",Divided,"Div,Undiv",Country,2019,1,14,0
3473964,T20190000970,ABS to receive accident,Finished,17/1/2019,12.20.00,No,Collision with vehicle,Wednesday,HEAD ON (NOT OVERTAKING),No,Day,Yes,Not at intersection,Serious injury accident,100 km/hr,No,342895,145.3875,-37.53767,Non-Intersection,MURRINDINDI,NORTH EASTERN REGION,2534243.51,2440265.898,2,1,0,1,0,1,1,1,0,0,2,0,0,0,0,0,0,0,0,0,No,0,2,1,1,0,0,RURAL_VICTORIA,RURAL_VICTORIA,"MURRINDINDI,MURRINDINDI",NORTH EASTERN REGION,C,C,Arterial Other,Arterial Other,Undivided,Undiv,Country,2019,1,12,0
3473965,T20190000971,ABS to receive accident,Finished,16/1/2019,18.00.00,Yes,Collision with vehicle,Tuesday,REAR END(VEHICLES IN SAME LANE),No,Day,No,Not at intersection,Other injury accident,80 km/hr,No,341618,145.12057,-37.68206,Non-Intersection,NILLUMBIK,METROPOLITAN NORTH WEST REGION,2510634.682,2424305.046,3,1,0,0,1,2,0,3,0,0,3,0,0,0,0,0,0,0,0,1,No,0,3,0,3,0,0,MELB_URBAN,MELB_URBAN,NILLUMBIK,METROPOLITAN NORTH WEST REGION,,,Arterial Other,Arterial Other,Divided,Div,Metro,2019,1,18,0
3473966,T20190000972,ABS to receive accident,Finished,17/1/2019,12.00.00,No,Collision with vehicle,Thursday,RIGHT THROUGH,No,Day,Yes,T intersection,Other injury accident,60 km/hr,No,341428,145.00246,-37.68764,Non-Intersection,WHITTLESEA,METROPOLITAN NORTH WEST REGION,2500216.924,2423692.345,4,3,0,0,3,1,0,3,0,2,2,0,0,0,0,0,0,0,0,0,No,1,2,0,2,0,0,MELB_URBAN,MELB_URBAN,WHITTLESEA,METROPOLITAN NORTH WEST REGION,,,Arterial Other,Arterial Other,Divided,Div,Metro,2019,1,12,0
3473967,T20190000973,ABS to receive accident,Finished,17/1/2019,06.50.00,No,Collision with vehicle,Thursday,U TURN,No,Day,Yes,Not at intersection,Other injury accident,60 km/hr,No,341600,144.89017,-37.85288,Non-Intersection,HOBSONS BAY,METROPOLITAN NORTH WEST REGION,2490334.615,2405347.498,3,1,0,0,1,2,2,1,0,1,2,0,0,0,0,0,0,0,0,0,No,0,2,0,2,0,0,MELB_URBAN,MELB_URBAN,HOBSONS BAY,METROPOLITAN NORTH WEST REGION,,,Arterial Other,Arterial Other,Undivided,Undiv,Metro,2019,1,06,0
3473968,T20190000975,ABS to receive accident,Finished,17/1/2019,13.42.00,No,Collision with vehicle,Thursday,HEAD ON (NOT OVERTAKING),No,Day,Yes,Not at intersection,Serious injury accident,80 km/hr,No,342071,144.14982,-38.04931,Non-Intersection,GOLDEN PLAINS,SOUTH WESTERN REGION,2425376.568,2383218.063,2,1,0,1,0,1,2,0,0,0,2,0,0,0,0,0,0,0,1,0,No,0,2,1,1,0,0,TOWNS,TOWNS,GOLDEN PLAINS,SOUTH WESTERN REGION,C,C,Arterial Other,Arterial Other,Undivided,Undiv,Country,2019,1,13,0
3473996,T20190000476,ABS to receive accident,Finished,6/1/2019,12.40.00,No,Collision with vehicle,Sunday,REAR END(VEHICLES IN SAME LANE),No,Day,No,Not at intersection,Other injury accident,Not known,No,341063,145.29554,-37.77027,Non-Intersection,MAROONDAH,METROPOLITAN SOUTH EAST REGION,2526037.282,2414481.575,2,1,0,0,1,1,1,1,0,0,2,0,0,0,0,0,0,0,0,1,No,0,2,0,2,0,0,MELB_URBAN,MELB_URBAN,MAROONDAH,METROPOLITAN SOUTH EAST REGION,,,Arterial Highway,Arterial Highway,Undivided,Undiv,Metro,2019,1,12,0
3473997,T20190000479,ABS to receive accident,Finished,9/1/2019,12.04.00,No,Collision with vehicle,Tuesday,CROSS TRAFFIC(INTERSECTIONS ONLY),No,Day,Yes,Cross intersection,Other injury accident,60 km/hr,No,73915,142.22913,-38.38272,Intersection,MOYNE,SOUTH WESTERN REGION,2257898.475,2343015.729,2,2,0,0,2,0,2,0,0,0,2,0,0,0,0,0,0,0,0,1,No,0,2,0,2,0,0,TOWNS,TOWNS,MOYNE,SOUTH WESTERN REGION,A,A,Arterial Highway,"Arterial Highway,Local Road",Undivided,Undiv,Country,2019,1,12,0
3473998,T20190000481,ABS to receive accident,Finished,9/1/2019,11.30.00,No,Collision with a fixed object,Tuesday,LEFT OFF CARRIAGEWAY INTO OBJECT/PARKED VEHICLE,No,Day,Yes,Not at intersection,Other injury accident,100 km/hr,Yes,343176,142.74391,-38.00744,Non-Intersection,MOYNE,SOUTH WESTERN REGION,2301880.55,2385850.793,5,5,0,0,5,0,1,4,0,4,1,0,0,0,0,0,0,0,0,0,No,0,1,0,1,0,0,RURAL_VICTORIA,RURAL_VICTORIA,MOYNE,SOUTH WESTERN REGION,B,B,Arterial Highway,Arterial Highway,Undivided,Undiv,Country,2019,1,11,0
3473999,T20190000483,ABS to receive accident,Finished,9/1/2019,13.30.00,No,Collision with vehicle,Tuesday,REAR END(VEHICLES IN SAME LANE),No,Day,Yes,Cross intersection,Other injury accident,60 km/hr,No,57357,145.06966,-37.67884,Intersection,WHITTLESEA,METROPOLITAN NORTH WEST REGION,2506144.088,2424666.668,3,1,0,0,1,2,1,2,0,0,3,0,0,0,0,0,0,0,0,0,No,0,3,0,3,0,0,MELB_URBAN,MELB_URBAN,WHITTLESEA,METROPOLITAN NORTH WEST REGION,C,C,Arterial Other,"Arterial Other,Local Road",Divided,"Div,Undiv",Metro,2019,1,13,0
3474000,T20190000487,ABS to receive accident,Finished,9/1/2019,15.05.00,No,Collision with a fixed object,Wednesday,LEFT OFF CARRIAGEWAY INTO OBJECT/PARKED VEHICLE,No,Day,Yes,Not at intersection,Other injury accident,40 km/hr,Yes,341248,144.30435,-36.77236,Off Road,BENDIGO,NORTHERN REGION,2437904.089,2525031.36,1,1,0,0,1,0,0,1,0,0,1,0,0,0,0,0,0,0,1,0,No,0,1,0,1,0,0,LARGE_PROVINCIAL_CITIES,LARGE_PROVINCIAL_CITIES,BENDIGO,NORTHERN REGION,,,,,,,Country,2019,1,15,0
3474001,T20190000488,ABS to receive accident,Finished,9/1/2019,06.15.00,No,No collision and no object struck,Wednesday,OUT OF CONTROL ON CARRIAGEWAY (ON STRAIGHT),No,Day,Yes,Not at intersection,Serious injury accident,40 km/hr,No,341042,145.22772,-37.84854,Non-Intersection,KNOX,METROPOLITAN SOUTH EAST REGION,2520041.046,2405810.985,1,1,0,1,0,0,1,0,1,0,0,0,0,0,0,0,0,0,0,0,Yes,0,1,0,0,0,0,MELB_URBAN,MELB_URBAN,KNOX,METROPOLITAN SOUTH EAST REGION,,,Arterial Other,Arterial Other,Divided,Div,Metro,2019,1,06,1
3474002,T20190000491,ABS to receive accident,Finished,9/1/2019,14.44.00,No,Collision with vehicle,Tuesday,REAR END(VEHICLES IN SAME LANE),No,Day,Yes,T intersection,Other injury accident,60 km/hr,No,341738,144.98888,-38.33648,Intersection,MORNINGTON PENINSULA,METROPOLITAN SOUTH EAST REGION,2499027.302,2351672.651,2,1,0,0,1,1,1,1,0,0,2,0,0,0,0,0,0,0,0,1,No,1,2,1,1,0,0,RURAL_VICTORIA,RURAL_VICTORIA,MORNINGTON PENINSULA,METROPOLITAN SOUTH EAST REGION,,,Local Road,Local Road,Undivided,Undiv,Metro,2019,1,14,0
3474003,T20190000495,ABS to receive accident,Finished,9/1/2019,15.15.00,No,Collision with vehicle,Tuesday,REAR END(VEHICLES IN SAME LANE),No,Day,Yes,Not at intersection,Serious injury accident,70 km/hr,No,341932,145.16676,-37.8747,Non-Intersection,MONASH,METROPOLITAN SOUTH EAST REGION,2514671.066,2402919.185,4,1,0,1,0,3,3,1,0,1,3,0,0,0,0,0,0,0,0,1,No,0,3,0,3,0,0,MELB_URBAN,MELB_URBAN,MONASH,METROPOLITAN SOUTH EAST REGION,,,Arterial Highway,Arterial Highway,Divided,Div,Metro,2019,1,15,0
3474004,T20190000496,ABS to receive accident,Finished,9/1/2019,17.20.00,No,Collision with vehicle,Tuesday,LANE CHANGE LEFT (NOT OVERTAKING),No,Day,Yes,Not at intersection,Other injury accident,60 km/hr,No,341058,144.97113,-37.85442,Non-Intersection,PORT PHILLIP,METROPOLITAN NORTH WEST REGION,2497459.396,2405181.988,2,1,0,0,1,1,2,0,1,0,1,0,0,0,0,0,0,0,0,0,No,0,2,0,1,0,0,MELB_URBAN,MELB_URBAN,PORT PHILLIP,METROPOLITAN NORTH WEST REGION,,,Arterial Other,Arterial Other,Divided,Div,Metro,2019,1,17,0
3474005,T20190000497,ABS to receive accident,Finished,9/1/2019,17.45.00,No,Collision with vehicle,Tuesday,RIGHT THROUGH,No,Day,Yes,Not at intersection,Other injury accident,60 km/hr,No,341083,144.97908,-37.41686,Non-Intersection,MITCHELL,NORTHERN REGION,2498148.141,2453742.098,2,2,0,0,2,0,0,2,0,0,2,0,0,0,0,0,0,0,0,0,No,0,2,0,2,0,0,TOWNS,TOWNS,MITCHELL,NORTHERN REGION,B,B,Arterial Highway,Arterial Highway,Undivided,Undiv,Country,2019,1,17,0
3474006,T20190000498,ABS to receive accident,Finished,9/1/2019,16.30.00,No,Collision with vehicle,Wednesday,HEAD ON (NOT OVERTAKING),No,Day,Yes,Not at intersection,Other injury accident,60 km/hr,No,341625,145.22977,-37.76706,Non-Intersection,MANNINGHAM,METROPOLITAN SOUTH EAST REGION,2520243.869,2414854.439,3,2,0,0,2,1,0,3,0,0,3,0,0,0,0,0,0,0,0,0,No,0,3,0,3,0,0,MELB_URBAN,"RURAL_VICTORIA,MELB_URBAN",MANNINGHAM,METROPOLITAN SOUTH EAST REGION,,,Arterial Other,Arterial Other,Undivided,Undiv,Metro,2019,1,16,0
3474007,T20190000501,ABS to receive accident,Finished,9/1/2019,17.05.00,No,collision with some other object,Tuesday,STRUCK OBJECT ON CARRIAGEWAY,No,Day,Yes,Not at intersection,Serious injury accident,100 km/hr,No,341099,146.36855,-36.09292,Non-Intersection,INDIGO,NORTH EASTERN REGION,2623240.868,2599760.565,1,1,0,1,0,0,1,0,0,0,0,0,0,1,0,0,0,0,0,0,No,0,1,0,0,1,0,RURAL_VICTORIA,RURAL_VICTORIA,INDIGO,NORTH EASTERN REGION,,,Local Road,Local Road,Undivided,Undiv,Country,2019,1,17,0
3474009,T20190000979,ABS to receive accident,Finished,14/1/2019,17.30.00,Yes,Collision with vehicle,Sunday,LANE CHANGE LEFT (NOT OVERTAKING),No,Day,No,Not at intersection,Other injury accident,60 km/hr,No,341977,144.97872,-37.84425,Non-Intersection,MELBOURNE,METROPOLITAN NORTH WEST REGION,2498127.346,2406310.877,2,1,0,0,1,1,1,1,1,0,1,0,0,0,0,0,0,0,0,0,No,0,2,0,1,0,0,MELB_URBAN,MELB_URBAN,MELBOURNE,METROPOLITAN NORTH WEST REGION,,,Arterial Other,Arterial Other,Undivided,Undiv,Metro,2019,1,17,0
3474010,T20190000986,ABS to receive accident,Finished,17/1/2019,05.50.00,Yes,Collision with vehicle,Thursday,RIGHT NEAR (INTERSECTIONS ONLY),No,Unk.,No,T intersection,Other injury accident,60 km/hr,No,52805,143.84943,-37.54996,Intersection,BALLARAT,WESTERN REGION,2398341.635,2438358.17,2,1,0,0,1,1,2,0,1,0,1,0,0,0,0,0,0,0,0,0,No,0,2,0,1,0,0,LARGE_PROVINCIAL_CITIES,LARGE_PROVINCIAL_CITIES,BALLARAT,WESTERN REGION,C,C,Arterial Other,"Arterial Other,Local Road",Undivided,Undiv,Country,2019,1,05,0
3474011,T20190000987,ABS to receive accident,Finished,17/1/2019,15.20.00,No,Collision with a fixed object,Thursday,LEFT OFF CARRIAGEWAY INTO OBJECT/PARKED VEHICLE,No,Day,Yes,Not at intersection,Fatal accident,100 km/hr,Yes,341320,143.51499,-37.04745,Non-Intersection,PYRENEES,WESTERN REGION,2367924.47,2493705.252,1,1,1,0,0,0,1,0,0,0,1,0,0,0,0,0,0,0,0,0,No,1,1,0,1,0,0,RURAL_VICTORIA,RURAL_VICTORIA,PYRENEES,WESTERN REGION,,,Local Road,Local Road,Undivided,Undiv,Country,2019,1,15,0
3474012,T20190000988,ABS to receive accident,Finished,17/1/2019,15.06.00,No,No collision and no object struck,Thursday,OUT OF CONTROL ON CARRIAGEWAY (ON STRAIGHT),No,Day,Yes,Not at intersection,Serious injury accident,80 km/hr,No,341438,144.9626,-37.82689,Non-Intersection,MELBOURNE,METROPOLITAN NORTH WEST REGION,2496707.8,2408237.83,1,1,0,1,0,0,1,0,0,0,0,0,0,1,0,0,0,0,0,0,No,0,1,0,0,1,0,MELB_URBAN,MELB_URBAN,MELBOURNE,METROPOLITAN NORTH WEST REGION,M,M,Freeway,Freeway,Undivided,Undiv,Metro,2019,1,15,0
3474013,T20190000989,ABS to receive accident,Finished,17/1/2019,17.20.00,No,Collision with vehicle,Thursday,RIGHT NEAR (INTERSECTIONS ONLY),Not known,Day,Yes,T intersection,Other injury accident,60 km/hr,No,36198,144.95493,-37.80848,Intersection,MELBOURNE,METROPOLITAN NORTH WEST REGION,2496030.958,2410280.352,2,1,0,0,1,1,1,1,0,0,1,0,0,1,0,0,0,0,0,0,No,0,2,0,1,1,0,MELB_URBAN,MELB_URBAN,MELBOURNE,METROPOLITAN NORTH WEST REGION,,,Arterial Other,"Arterial Other,Local Road",Divided,"Div,Undiv",Metro,2019,1,17,0
3474014,T20190000990,ABS to receive accident,Finished,17/1/2019,15.00.00,No,Collision with vehicle,Wednesday,CROSS TRAFFIC(INTERSECTIONS ONLY),No,Day,Yes,Cross intersection,Other injury accident,60 km/hr,No,41831,145.17629,-37.89026,Intersection,MONASH,METROPOLITAN SOUTH EAST REGION,2515506.855,2401190.563,2,1,0,0,1,1,2,0,0,0,1,0,0,1,0,0,0,0,0,0,No,0,2,0,1,1,0,MELB_URBAN,MELB_URBAN,MONASH,METROPOLITAN SOUTH EAST REGION,,,Arterial Other,"Arterial Other,Local Road",Undivided,Undiv,Metro,2019,1,15,0
3474015,T20190000993,ABS to receive accident,Finished,17/1/2019,16.15.00,No,Collision with vehicle,Wednesday,HEAD ON (NOT OVERTAKING),No,Day,Yes,Multiple intersection,Other injury accident,60 km/hr,No,342070,143.86825,-37.54468,Non-Intersection,BALLARAT,WESTERN REGION,2399997.272,2438963.464,2,1,0,0,1,1,2,0,0,0,2,0,0,0,0,0,0,0,0,0,No,0,2,0,2,0,0,LARGE_PROVINCIAL_CITIES,LARGE_PROVINCIAL_CITIES,BALLARAT,WESTERN REGION,,,Local Road,Local Road,Undivided,Undiv,Country,2019,1,16,0
3474016,T20190000995,ABS to receive accident,Finished,17/1/2019,17.50.00,No,Collision with vehicle,Thursday,REAR END(VEHICLES IN SAME LANE),No,Day,Yes,Cross intersection,Other injury accident,60 km/hr,No,44219,145.02636,-37.63768,Intersection,WHITTLESEA,METROPOLITAN NORTH WEST REGION,2502326.829,2429236.917,5,3,0,0,3,2,4,1,0,1,4,0,0,0,0,0,0,0,0,1,No,0,4,0,4,0,0,MELB_URBAN,MELB_URBAN,WHITTLESEA,METROPOLITAN NORTH WEST REGION,C,C,Arterial Other,"Arterial Other,Local Road",Undivided,Undiv,Metro,2019,1,17,0
3474017,T20190001001,ABS to receive accident,Finished,17/1/2019,19.48.00,Yes,Collision with a fixed object,Thursday,U TURN INTO FIXED OBJECT/PARKED VEHICLE,No,Day,Yes,Not at intersection,Other injury accident,70 km/hr,No,341412,145.00625,-37.66196,Non-Intersection,WHITTLESEA,METROPOLITAN NORTH WEST REGION,2500551.674,2426542.941,1,1,0,0,1,0,0,1,0,0,1,0,0,0,0,0,0,0,1,0,No,0,1,0,1,0,0,MELB_URBAN,MELB_URBAN,WHITTLESEA,METROPOLITAN NORTH WEST REGION,,,Arterial Other,Arterial Other,Divided,Div,Metro,2019,1,19,0
3474018,T20190001010,ABS to receive accident,Finished,17/1/2019,17.20.00,No,Collision with vehicle,Thursday,OTHER OPPOSING MANOEUVRES NOT INCLUDED IN DCAs 120-125.,No,Day,Yes,Not at intersection,Other injury accident,50 km/hr,No,341422,145.01213,-37.63056,Non-Intersection,WHITTLESEA,METROPOLITAN NORTH WEST REGION,2501070.517,2430026.924,2,1,0,0,1,1,1,1,1,0,1,0,0,0,0,0,0,0,0,0,No,0,2,0,1,0,0,MELB_URBAN,MELB_URBAN,WHITTLESEA,METROPOLITAN NORTH WEST REGION,,,Local Road,Local Road,Undivided,Undiv,Metro,2019,1,17,0
3474019,T20190001017,ABS to receive accident,Finished,17/1/2019,13.00.00,No,Collision with a fixed object,Thursday,LEFT OFF CARRIAGEWAY INTO OBJECT/PARKED VEHICLE,No,Day,Yes,Not at intersection,Serious injury accident,60 km/hr,Yes,341501,145.06033,-37.20656,Non-Intersection,MITCHELL,NORTHERN REGION,2505355.071,2477078.023,1,1,0,1,0,0,0,1,0,0,1,0,0,0,0,0,0,0,0,0,No,0,1,0,1,0,0,TOWNS,TOWNS,MITCHELL,NORTHERN REGION,C,C,Arterial Other,Arterial Other,Undivided,Undiv,Country,2019,1,13,0
3474020,T20190001020,ABS to receive accident,Finished,18/1/2019,08.22.00,No,Collision with vehicle,Friday,CROSS TRAFFIC(INTERSECTIONS ONLY),No,Day,Yes,Cross intersection,Other injury accident,60 km/hr,No,341528,144.9565,-37.80382,Intersection,MELBOURNE,METROPOLITAN NORTH WEST REGION,2496169.683,2410797.961,2,1,0,0,1,1,2,0,1,0,1,0,0,0,0,0,0,0,0,0,No,0,2,1,0,0,0,MELB_URBAN,MELB_URBAN,MELBOURNE,METROPOLITAN NORTH WEST REGION,,,Arterial Other,"Arterial Other,Local Road",Divided,"Div,Undiv",Metro,2019,1,08,0
3474021,T20190001021,ABS to receive accident,Finished,16/1/2019,16.15.00,No,Struck Pedestrian,Wednesday,PED STRUCK WALKING TO/FROM OR BOARDING/ALIGHTING VEHICLE.,Yes,Day,No,Cross intersection,Other injury accident,60 km/hr,No,29495,145.00812,-37.74315,Intersection,DAREBIN,METROPOLITAN NORTH WEST REGION,2500715.512,2417532.187,2,1,0,0,1,1,0,1,0,0,0,1,0,0,1,0,0,0,0,0,No,0,1,0,0,0,0,MELB_URBAN,MELB_URBAN,DAREBIN,METROPOLITAN NORTH WEST REGION,,,Arterial Other,"Arterial Other,Local Road",Undivided,Undiv,Metro,2019,1,16,0
3474048,T20190000509,ABS to receive accident,Finished,9/1/2019,16.27.00,No,No collision and no object struck,Wednesday,OUT OF CONTROL ON CARRIAGEWAY (ON STRAIGHT),No,Day,Yes,Not at intersection,Other injury accident,100 km/hr,No,341224,144.26256,-36.68057,Non-Intersection,BENDIGO,NORTHERN REGION,2434095.563,2535187.983,1,1,0,0,1,0,1,0,0,0,0,0,0,1,0,0,0,0,0,0,No,0,1,0,0,1,0,RURAL_VICTORIA,RURAL_VICTORIA,BENDIGO,NORTHERN REGION,,,Local Road,Local Road,Undivided,Undiv,Country,2019,1,16,0
3474049,T20190000511,ABS to receive accident,Finished,9/1/2019,19.10.00,Yes,Collision with vehicle,Wednesday,RIGHT THROUGH,No,Day,Yes,T intersection,Other injury accident,80 km/hr,No,296274,145.27638,-37.99029,Intersection,CASEY,METROPOLITAN SOUTH EAST REGION,2524278.604,2390067.134,2,1,0,0,1,1,1,1,0,0,2,0,0,0,0,0,0,0,0,1,No,0,2,0,2,0,0,MELB_URBAN,MELB_URBAN,CASEY,METROPOLITAN SOUTH EAST REGION,,,Arterial Other,"Arterial Other,Local Road",Divided,"Div,Undiv",Metro,2019,1,19,0
3474051,T20190000516,ABS to receive accident,Finished,7/1/2019,00.45.00,Yes,Collision with a fixed object,Monday,LEFT OFF CARRIAGEWAY INTO OBJECT/PARKED VEHICLE,No,Dark Street lights on,Yes,Cross intersection,Other injury accident,70 km/hr,Yes,254026,144.72877,-37.89344,Intersection,WYNDHAM,METROPOLITAN NORTH WEST REGION,2476143.815,2400817.464,2,2,0,0,2,0,1,1,0,1,1,0,0,0,0,0,0,0,0,0,No,0,1,0,1,0,0,MELB_URBAN,MELB_URBAN,WYNDHAM,METROPOLITAN NORTH WEST REGION,,,Local Road,Local Road,Undivided,Undiv,Metro,2019,1,00,0
3474052,T20190000521,ABS to receive accident,Finished,4/1/2019,15.39.00,No,Collision with vehicle,Thursday,CROSS TRAFFIC(INTERSECTIONS ONLY),No,Day,Yes,Cross intersection,Other injury accident,40 km/hr,No,29542,145.03682,-37.81469,Intersection,BOROONDARA,METROPOLITAN SOUTH EAST REGION,2503242.222,2409591.113,2,1,0,0,1,1,0,2,0,0,2,0,0,0,0,0,0,0,0,1,No,0,2,0,2,0,0,MELB_URBAN,MELB_URBAN,BOROONDARA,METROPOLITAN SOUTH EAST REGION,,,Arterial Other,Arterial Other,Undivided,Undiv,Metro,2019,1,15,0
3474053,T20190000522,ABS to receive accident,Finished,10/1/2019,07.50.00,No,Collision with vehicle,Wednesday,REAR END(VEHICLES IN SAME LANE),No,Day,Yes,Not at intersection,Other injury accident,80 km/hr,No,341065,145.14058,-38.01193,Non-Intersection,KINGSTON,METROPOLITAN SOUTH EAST REGION,2512345.942,2387691.442,6,2,0,0,2,4,2,4,0,2,4,0,0,0,0,0,0,0,1,0,No,0,4,0,4,0,0,MELB_URBAN,MELB_URBAN,KINGSTON,METROPOLITAN SOUTH EAST REGION,,,Arterial Highway,Arterial Highway,Divided,Div,Metro,2019,1,07,0
3474054,T20190000524,ABS to receive accident,Finished,9/1/2019,07.15.00,No,Struck animal,Tuesday,STRUCK ANIMAL,No,Day,No,Not at intersection,Other injury accident,60 km/hr,No,341943,142.74174,-38.51341,Non-Intersection,MOYNE,SOUTH WESTERN REGION,2303022.127,2329692.956,1,1,0,0,1,0,1,0,0,0,0,0,0,1,0,0,0,0,0,0,No,0,1,0,0,1,0,RURAL_VICTORIA,RURAL_VICTORIA,MOYNE,SOUTH WESTERN REGION,,,Local Road,Local Road,Undivided,Undiv,Country,2019,1,07,0
3474055,T20190000526,ABS to receive accident,Finished,10/1/2019,10.36.00,No,Struck Pedestrian,Wednesday,PED ON FOOTHPATH STRUCK BY VEHENTERING/LEAVING DRIVEWAY.,No,Day,Yes,Not at intersection,Other injury accident,50 km/hr,No,341508,145.27501,-37.88383,Off Road,KNOX,METROPOLITAN SOUTH EAST REGION,2524192.082,2401883.533,2,1,0,0,1,1,2,0,0,0,1,1,0,0,0,0,0,1,0,0,No,0,1,0,1,0,0,MELB_URBAN,MELB_URBAN,KNOX,METROPOLITAN SOUTH EAST REGION,,,,,,,Metro,2019,1,10,0