OBJECTID,ACCIDENT_NO,ABS_CODE,ACCIDENT_STATUS,ACCIDENT_DATE,ACCIDENT_TIME,ALCOHOLTIME,ACCIDENT_TYPE,DAY_OF_WEEK,DCA_CODE,HIT_RUN_FLAG,LIGHT_CONDITION,POLICE_ATTEND,ROAD_GEOMETRY,SEVERITY,SPEED_ZONE,RUN_OFFROAD,NODE_ID,LONGITUDE,LATITUDE,NODE_TYPE,LGA_NAME,REGION_NAME,VICGRID_X,VICGRID_Y,TOTAL_PERSONS,INJ_OR_FATAL,FATALITY,SERIOUSINJURY,OTHERINJURY,NONINJURED,MALES,FEMALES,BICYCLIST,PASSENGER,DRIVER,PEDESTRIAN,PILLION,MOTORIST,UNKNOWN,PED_CYCLIST_5_12,PED_CYCLIST_13_18,OLD_PEDESTRIAN,OLD_DRIVER,YOUNG_DRIVER,ALCOHOL_RELATED,UNLICENCSED,NO_OF_VEHICLES,HEAVYVEHICLE,PASSENGERVEHICLE,MOTORCYCLE,PUBLICVEHICLE,DEG_URBAN_NAME,DEG_URBAN_ALL,LGA_NAME_ALL,REGION_NAME_ALL,SRNS,SRNS_ALL,RMA,RMA_ALL,DIVIDED,DIVIDED_ALL,STAT_DIV_NAME,Year,Month,Hour,ALCOHOL_RELATED
3474056,T20190000527,ABS to receive accident,Finished,5/1/2019,17.50.00,Yes,Collision with vehicle,Friday,CROSS TRAFFIC(INTERSECTIONS ONLY),No,Day,Yes,Cross intersection,Other injury accident,60 km/hr,No,56829,145.41331,-36.38086,Intersection,SHEPPARTON,NORTH EASTERN REGION,2537082.27,2568617.432,2,1,0,0,1,1,0,2,0,0,2,0,0,0,0,0,0,0,0,0,No,0,2,0,1,0,0,SMALL_CITIES,SMALL_CITIES,SHEPPARTON,NORTH EASTERN REGION,,,Local Road,Local Road,Undivided,Undiv,Country,2019,1,17,0
3474057,T20190000529,ABS to receive accident,Finished,10/1/2019,01.30.00,Yes,Collision with a fixed object,Wednesday,LEFT OFF CARRIAGEWAY INTO OBJECT/PARKED VEHICLE,No,Dark No street lights,Yes,Cross intersection,Other injury accident,80 km/hr,Yes,69058,144.51102,-37.90272,Intersection,WYNDHAM,METROPOLITAN NORTH WEST REGION,2456996.608,2399711.538,1,1,0,0,1,0,1,0,0,0,1,0,0,0,0,0,0,0,0,1,No,0,1,0,1,0,0,RURAL_VICTORIA,RURAL_VICTORIA,WYNDHAM,METROPOLITAN NORTH WEST REGION,,,Local Road,Local Road,Undivided,Undiv,Metro,2019,1,01,0
3474058,T20190000530,ABS to receive accident,Finished,10/1/2019,13.45.00,No,Collision with vehicle,Wednesday,CROSS TRAFFIC(INTERSECTIONS ONLY),No,Day,Yes,Cross intersection,Other injury accident,50 km/hr,No,51008,145.40426,-36.37045,Intersection,SHEPPARTON,NORTH EASTERN REGION,2536275.24,2569776.615,10,1,0,0,1,9,7,3,0,8,2,0,0,0,0,0,0,0,1,0,No,0,2,0,1,0,1,SMALL_CITIES,SMALL_CITIES,SHEPPARTON,NORTH EASTERN REGION,,,Local Road,Local Road,Undivided,Undiv,Country,2019,1,13,0
3474059,T20190000534,ABS to receive accident,Reopened,10/1/2019,13.09.00,No,Collision with a fixed object,Thursday,RIGHT OFF CARRIAGEWAY INTO OBJECT/PARKED VEHICLE,No,Day,Yes,Not at intersection,Other injury accident,100 km/hr,Yes,341480,146.50587,-36.38962,Non-Intersection,WANGARATTA,NORTH EASTERN REGION,2635085.7,2566657.728,2,1,0,0,1,1,0,2,0,1,1,0,0,0,0,0,0,0,0,0,No,0,1,0,1,0,0,RURAL_VICTORIA,RURAL_VICTORIA,WANGARATTA,NORTH EASTERN REGION,C,C,Arterial Other,Arterial Other,Undivided,Undiv,Country,2019,1,13,0
3474060,T20190000537,ABS to receive accident,Finished,10/1/2019,11.48.00,No,Collision with vehicle,Wednesday,REAR END(VEHICLES IN SAME LANE),No,Day,Yes,Cross intersection,Other injury accident,80 km/hr,No,342457,144.95492,-37.66578,Non-Intersection,HUME,METROPOLITAN NORTH WEST REGION,2496023.227,2426117.888,3,1,0,0,1,2,1,2,0,1,2,0,0,0,0,0,0,0,0,1,No,0,2,0,2,0,0,MELB_URBAN,MELB_URBAN,HUME,METROPOLITAN NORTH WEST REGION,,,Arterial Other,Arterial Other,Divided,Div,Metro,2019,1,11,0
3474095,T20190000009,ABS to receive accident,Finished,1/1/2019,02.16.00,Yes,Collision with a fixed object,Monday,RIGHT OFF CARRIAGEWAY INTO OBJECT/PARKED VEHICLE,No,Dark Street lights on,Yes,T intersection,Serious injury accident,60 km/hr,Yes,342191,145.2659,-38.04193,Non-Intersection,CASEY,METROPOLITAN SOUTH EAST REGION,2523341.669,2384337.844,1,1,0,1,0,0,1,0,0,0,1,0,0,0,0,0,0,0,0,0,Yes,0,1,0,1,0,0,MELB_URBAN,MELB_URBAN,CASEY,METROPOLITAN SOUTH EAST REGION,,,Arterial Other,Arterial Other,Divided,Div,Metro,2019,1,02,1
3474096,T20190000021,ABS to receive accident,Finished,1/1/2019,08.27.00,No,Collision with a fixed object,Monday,RIGHT OFF CARRIAGEWAY INTO OBJECT/PARKED VEHICLE,No,Day,Yes,T intersection,Serious injury accident,50 km/hr,Yes,343169,145.0055,-37.92179,Intersection,BAYSIDE,METROPOLITAN SOUTH EAST REGION,2500483.734,2397704.913,1,1,0,1,0,0,0,1,0,0,1,0,0,0,0,0,0,0,0,0,No,0,1,0,1,0,0,MELB_URBAN,MELB_URBAN,BAYSIDE,METROPOLITAN SOUTH EAST REGION,,,Arterial Other,"Arterial Other,Local Road",Undivided,Undiv,Metro,2019,1,08,0
3474097,T20190000022,ABS to receive accident,Finished,1/1/2019,07.45.00,No,Collision with a fixed object,Tuesday,LEFT OFF CARRIAGEWAY INTO OBJECT/PARKED VEHICLE,No,Day,Yes,Not at intersection,Other injury accident,100 km/hr,Yes,340797,144.38487,-38.05987,Non-Intersection,GEELONG,SOUTH WESTERN REGION,2446014.771,2382204.808,1,1,0,0,1,0,0,1,0,0,1,0,0,0,0,0,0,0,0,1,No,0,1,0,1,0,0,LARGE_PROVINCIAL_CITIES,LARGE_PROVINCIAL_CITIES,GEELONG,SOUTH WESTERN REGION,M,M,Freeway,Freeway,Undivided,Undiv,Country,2019,1,07,0
3474098,T20190000025,ABS to receive accident,Finished,1/1/2019,10.38.00,No,Struck Pedestrian,Tuesday,PED NEAR SIDE. PED HIT BY VEHICLE FROM THE RIGHT.,No,Day,Yes,Cross intersection,Other injury accident,60 km/hr,No,40099,144.98249,-37.86022,Intersection,PORT PHILLIP,METROPOLITAN NORTH WEST REGION,2498459.111,2404538.839,2,1,0,0,1,1,1,1,0,0,1,1,0,0,0,0,0,0,0,0,No,0,1,0,1,0,0,MELB_URBAN,MELB_URBAN,PORT PHILLIP,METROPOLITAN NORTH WEST REGION,,,Arterial Other,"Arterial Other,Local Road",Undivided,Undiv,Metro,2019,1,10,0
3474100,T20190000539,ABS to receive accident,Finished,10/1/2019,13.20.00,No,Collision with vehicle,Wednesday,RIGHT THROUGH,No,Day,Yes,Cross intersection,Other injury accident,50 km/hr,No,45359,144.91618,-37.77174,Intersection,MOONEE VALLEY,METROPOLITAN NORTH WEST REGION,2492615.404,2414355.954,2,2,0,0,2,0,0,2,0,0,2,0,0,0,0,0,0,0,0,0,No,0,2,0,2,0,0,MELB_URBAN,MELB_URBAN,MOONEE VALLEY,METROPOLITAN NORTH WEST REGION,,,Arterial Other,"Arterial Other,Local Road",Undivided,Undiv,Metro,2019,1,13,0
3474101,T20190000540,ABS to receive accident,Finished,10/1/2019,13.30.00,No,Collision with vehicle,Wednesday,OTHER ON PATH,No,Day,Yes,Not at intersection,Other injury accident,60 km/hr,No,343343,144.9795,-37.77176,Non-Intersection,MORELAND,METROPOLITAN NORTH WEST REGION,2498193.608,2414356.823,1,1,0,0,1,0,1,0,0,0,1,0,0,0,0,0,0,0,0,0,No,0,2,0,2,0,0,MELB_URBAN,MELB_URBAN,MORELAND,METROPOLITAN NORTH WEST REGION,,,Arterial Other,Arterial Other,Undivided,Undiv,Metro,2019,1,13,0
3474102,T20190000543,ABS to receive accident,Finished,9/1/2019,21.40.00,Yes,Struck animal,Wednesday,STRUCK ANIMAL,No,Dark No street lights,Yes,Not at intersection,Serious injury accident,100 km/hr,No,341835,144.19049,-35.8421,Non-Intersection,GANNAWARRA,NORTHERN REGION,2426863.083,2628167.005,2,1,0,1,0,1,0,2,0,1,1,0,0,0,0,0,0,0,0,0,No,0,1,0,1,0,0,RURAL_VICTORIA,RURAL_VICTORIA,GANNAWARRA,NORTHERN REGION,,,Local Road,Local Road,Undivided,Undiv,Country,2019,1,21,0
3474103,T20190000544,ABS to receive accident,Finished,10/1/2019,15.30.00,No,Struck Pedestrian,Wednesday,FAR SIDE. PED HIT BY VEHICLE FROM THE LEFT,No,Day,Yes,Not at intersection,Other injury accident,40 km/hr,No,341102,144.96378,-37.81558,Non-Intersection,MELBOURNE,METROPOLITAN NORTH WEST REGION,2496810.56,2409492.264,2,1,0,0,1,1,1,1,0,0,1,1,0,0,0,0,0,1,0,0,No,0,1,0,1,0,0,MELBOURNE_CBD,MELBOURNE_CBD,MELBOURNE,METROPOLITAN NORTH WEST REGION,,,Local Road,Local Road,Undivided,Undiv,Metro,2019,1,15,0
3474104,T20190000545,ABS to receive accident,Finished,10/1/2019,16.07.00,No,Collision with vehicle,Thursday,VEHICLE STRIKES DOOR OF PARKED/STATIONARY VEHICLE,No,Day,Yes,Not at intersection,Other injury accident,60 km/hr,No,341156,144.97751,-37.78345,Non-Intersection,YARRA,METROPOLITAN NORTH WEST REGION,2498019.067,2413058.516,2,1,0,0,1,1,2,0,0,0,1,0,0,0,1,0,0,0,1,0,No,0,2,0,2,0,0,MELB_URBAN,MELB_URBAN,YARRA,METROPOLITAN NORTH WEST REGION,,,Arterial Other,Arterial Other,Divided,Div,Metro,2019,1,16,0
3474105,T20190000547,ABS to receive accident,Finished,10/1/2019,15.57.00,No,Collision with vehicle,Thursday,REAR END(VEHICLES IN SAME LANE),No,Day,Yes,T intersection,Serious injury accident,70 km/hr,No,341236,144.76291,-37.76618,Non-Intersection,BRIMBANK,METROPOLITAN NORTH WEST REGION,2479111.252,2414949.783,5,1,0,1,0,4,3,2,0,1,4,0,0,0,0,0,0,0,0,2,No,0,4,0,4,0,0,MELB_URBAN,MELB_URBAN,BRIMBANK,METROPOLITAN NORTH WEST REGION,,,Arterial Other,Arterial Other,Divided,Div,Metro,2019,1,15,0
3474106,T20190000551,ABS to receive accident,Finished,10/1/2019,17.20.00,No,Collision with a fixed object,Wednesday,LEFT OFF CARRIAGEWAY INTO OBJECT/PARKED VEHICLE,No,Day,Yes,Not at intersection,Other injury accident,50 km/hr,Yes,341084,145.24715,-37.79459,Non-Intersection,MAROONDAH,METROPOLITAN SOUTH EAST REGION,2521766.927,2411795.19,1,1,0,0,1,0,1,0,0,0,1,0,0,0,0,0,0,0,1,0,No,0,1,0,1,0,0,MELB_URBAN,MELB_URBAN,MAROONDAH,METROPOLITAN SOUTH EAST REGION,,,Local Road,Local Road,Undivided,Undiv,Metro,2019,1,17,0
3474107,T20190000552,ABS to receive accident,Finished,10/1/2019,17.05.00,No,Collision with vehicle,Thursday,REAR END(VEHICLES IN SAME LANE),No,Day,Yes,Not at intersection,Other injury accident,80 km/hr,No,341141,145.07463,-38.20645,Non-Intersection,MORNINGTON PENINSULA,METROPOLITAN SOUTH EAST REGION,2506536.661,2366104.931,4,1,0,0,1,3,2,2,0,2,2,0,0,0,0,0,0,0,0,1,No,0,2,0,2,0,0,MELB_URBAN,MELB_URBAN,MORNINGTON PENINSULA,METROPOLITAN SOUTH EAST REGION,,,Arterial Highway,Arterial Highway,Divided,Div,Metro,2019,1,17,0
3474108,T20190000553,ABS to receive accident,Finished,10/1/2019,17.30.00,No,Collision with vehicle,Wednesday,CROSS TRAFFIC(INTERSECTIONS ONLY),No,Day,Yes,Cross intersection,Other injury accident,50 km/hr,No,52978,143.8395,-37.57901,Intersection,BALLARAT,WESTERN REGION,2397503.345,2435123.078,2,1,0,0,1,1,1,1,0,0,2,0,0,0,0,0,0,0,0,0,No,0,2,0,2,0,0,LARGE_PROVINCIAL_CITIES,LARGE_PROVINCIAL_CITIES,BALLARAT,WESTERN REGION,,,Local Road,Local Road,Undivided,Undiv,Country,2019,1,17,0
3474109,T20190000554,ABS to receive accident,Finished,10/1/2019,15.30.00,No,Collision with vehicle,Thursday,REAR END(VEHICLES IN SAME LANE),No,Day,No,Not at intersection,Other injury accident,80 km/hr,No,341073,142.82025,-38.07463,Non-Intersection,MOYNE,SOUTH WESTERN REGION,2308753.318,2378550.347,2,1,0,0,1,1,2,0,0,0,2,0,0,0,0,0,0,0,0,1,No,0,2,0,2,0,0,TOWNS,TOWNS,MOYNE,SOUTH WESTERN REGION,B,B,Arterial Highway,Arterial Highway,Undivided,Undiv,Country,2019,1,15,0
3474110,T20190000558,ABS to receive accident,Finished,10/1/2019,20.18.00,Yes,Collision with vehicle,Wednesday,RIGHT TURN SIDESWIPE,No,Dark Street lights unknown,Yes,T intersection,Other injury accident,60 km/hr,No,61300,144.93567,-37.658,Intersection,HUME,METROPOLITAN NORTH WEST REGION,2494324.255,2426980.13,3,2,0,0,2,1,1,2,0,1,2,0,0,0,0,0,0,0,0,1,No,0,2,1,1,0,0,MELB_URBAN,MELB_URBAN,HUME,METROPOLITAN NORTH WEST REGION,,,Local Road,Local Road,Divided,"Div,Undiv",Metro,2019,1,20,0
3474111,T20190000559,ABS to receive accident,Finished,10/1/2019,17.55.00,No,Collision with a fixed object,Thursday,LEFT OFF CARRIAGEWAY INTO OBJECT/PARKED VEHICLE,No,Day,Yes,Not at intersection,Serious injury accident,70 km/hr,Yes,341205,145.04645,-37.66258,Non-Intersection,WHITTLESEA,METROPOLITAN NORTH WEST REGION,2504098.44,2426473.041,1,1,0,1,0,0,1,0,0,0,1,0,0,0,0,0,0,0,0,0,No,0,1,0,1,0,0,MELB_URBAN,MELB_URBAN,WHITTLESEA,METROPOLITAN NORTH WEST REGION,,,Arterial Other,Arterial Other,Divided,Div,Metro,2019,1,17,0
3474112,T20190000560,ABS to receive accident,Finished,10/1/2019,21.55.00,Yes,Collision with vehicle,Wednesday,CROSS TRAFFIC(INTERSECTIONS ONLY),No,Dark Street lights on,Yes,Cross intersection,Other injury accident,50 km/hr,No,42238,144.91556,-37.68229,Intersection,HUME,METROPOLITAN NORTH WEST REGION,2492552.29,2424282.734,5,1,0,0,1,4,3,2,0,3,2,0,0,0,0,0,0,0,0,1,No,1,2,0,2,0,0,MELB_URBAN,MELB_URBAN,HUME,METROPOLITAN NORTH WEST REGION,,,Arterial Other,"Arterial Other,Local Road",Divided,Div,Metro,2019,1,21,0
3474139,T20190000030,ABS to receive accident,Finished,1/1/2019,12.15.00,No,Vehicle overturned (no collision),Monday,OFF CARRIAGEWAY ON RIGHT BEND,No,Day,Yes,Not at intersection,Other injury accident,100 km/hr,Yes,342875,142.54063,-38.24044,Non-Intersection,MOYNE,SOUTH WESTERN REGION,2284701.194,2359553.736,1,1,0,0,1,0,1,0,0,0,1,0,0,0,0,0,0,0,0,1,No,0,1,0,1,0,0,RURAL_VICTORIA,RURAL_VICTORIA,MOYNE,SOUTH WESTERN REGION,,,Local Road,Local Road,Undivided,Undiv,Country,2019,1,12,0
3474140,T20190000031,ABS to receive accident,Finished,1/1/2019,13.52.00,No,Collision with vehicle,Monday,HEAD ON (NOT OVERTAKING),No,Day,Yes,Not at intersection,Other injury accident,80 km/hr,No,341246,144.3544,-38.0299,Non-Intersection,GEELONG,SOUTH WESTERN REGION,2443317.878,2385512.668,3,1,0,0,1,2,3,0,0,1,2,0,0,0,0,0,0,0,0,0,No,0,2,0,2,0,0,RURAL_VICTORIA,RURAL_VICTORIA,GEELONG,SOUTH WESTERN REGION,C,C,Arterial Other,Arterial Other,Undivided,Undiv,Country,2019,1,13,0
3474142,T20190000035,ABS to receive accident,Finished,1/1/2019,15.15.00,No,Collision with vehicle,Tuesday,RIGHT NEAR (INTERSECTIONS ONLY),No,Day,No,T intersection,Other injury accident,60 km/hr,No,49400,145.41616,-37.21356,Intersection,MURRINDINDI,NORTH EASTERN REGION,2536933.577,2476221.532,3,2,0,0,2,1,2,1,0,1,2,0,0,0,0,0,0,0,0,1,No,0,2,1,1,0,0,TOWNS,TOWNS,"MURRINDINDI,MURRINDINDI",NORTH EASTERN REGION,B,"B,C",Arterial Highway,"Arterial Highway,Arterial Other",Undivided,Undiv,Country,2019,1,15,0
3474143,T20190000037,ABS to receive accident,Finished,1/1/2019,15.50.00,No,collision with some other object,Monday,STRUCK OBJECT ON CARRIAGEWAY,No,Day,Yes,Not at intersection,Other injury accident,80 km/hr,No,341009,145.55517,-35.82901,Non-Intersection,MOIRA,NORTH EASTERN REGION,2550166.977,2629783.936,1,1,0,0,1,0,0,1,0,0,1,0,0,0,0,0,0,0,0,0,No,0,1,0,1,0,0,RURAL_VICTORIA,RURAL_VICTORIA,MOIRA,NORTH EASTERN REGION,A,A,Arterial Highway,Arterial Highway,Undivided,Undiv,Country,2019,1,15,0
3474144,T20190000041,ABS to receive accident,Finished,1/1/2019,15.35.00,No,Collision with vehicle,Tuesday,CROSS TRAFFIC(INTERSECTIONS ONLY),No,Day,Yes,Cross intersection,Other injury accident,80 km/hr,No,43815,145.45698,-37.79486,Intersection,YARRA RANGES,METROPOLITAN SOUTH EAST REGION,2540247.115,2411696.477,5,2,0,0,2,3,3,2,0,3,2,0,0,0,0,0,0,0,0,0,No,0,2,0,2,0,0,RURAL_VICTORIA,RURAL_VICTORIA,YARRA RANGES,METROPOLITAN SOUTH EAST REGION,,,Local Road,Local Road,Undivided,Undiv,Metro,2019,1,15,0
3474146,T20190000049,ABS to receive accident,Finished,1/1/2019,14.30.00,No,Collision with a fixed object,Tuesday,LEFT OFF CARRIAGEWAY INTO OBJECT/PARKED VEHICLE,No,Day,Yes,Not at intersection,Serious injury accident,50 km/hr,Yes,340800,146.41833,-37.03993,Non-Intersection,MANSFIELD,NORTH EASTERN REGION,2626158.149,2494629.261,1,1,0,1,0,0,1,0,0,0,0,0,0,1,0,0,0,0,0,0,No,0,1,0,0,1,0,RURAL_VICTORIA,RURAL_VICTORIA,MANSFIELD,NORTH EASTERN REGION,,,Local Road,Local Road,Undivided,Undiv,Country,2019,1,14,0
3474147,T20190000051,ABS to receive accident,Finished,1/1/2019,17.27.00,No,Collision with vehicle,Tuesday,VEHICLE COLLIDES WITH VEHICLE PARKED ON LEFT OF ROAD,No,Day,No,Not at intersection,Serious injury accident,50 km/hr,No,341873,145.00617,-37.94767,Non-Intersection,BAYSIDE,METROPOLITAN SOUTH EAST REGION,2500542.116,2394832.419,1,1,0,1,0,0,0,1,0,0,1,0,0,0,0,0,0,0,1,0,Yes,0,4,0,4,0,0,MELB_URBAN,MELB_URBAN,BAYSIDE,METROPOLITAN SOUTH EAST REGION,,,Local Road,Local Road,Undivided,Undiv,Metro,2019,1,17,1
3474148,T20190000059,ABS to receive accident,Finished,1/1/2019,17.05.00,No,Collision with a fixed object,Tuesday,LEFT OFF CARRIAGEWAY INTO OBJECT/PARKED VEHICLE,Yes,Day,Yes,Not at intersection,Other injury accident,100 km/hr,Yes,340805,145.00088,-38.32433,Non-Intersection,MORNINGTON PENINSULA,METROPOLITAN SOUTH EAST REGION,2500077.247,2353021.67,1,1,0,0,1,0,1,0,0,0,1,0,0,0,0,0,0,0,0,0,Yes,0,2,0,2,0,0,RURAL_VICTORIA,RURAL_VICTORIA,MORNINGTON PENINSULA,METROPOLITAN SOUTH EAST REGION,M,M,Freeway,Freeway,Divided,Div,Metro,2019,1,17,1
3474149,T20190000060,ABS to receive accident,Finished,1/1/2019,19.12.00,Yes,Collision with vehicle,Monday,REAR END(VEHICLES IN SAME LANE),Yes,Day,Yes,Not at intersection,Other injury accident,60 km/hr,No,341850,144.56763,-37.6872,Non-Intersection,MELTON,METROPOLITAN NORTH WEST REGION,2461865.984,2423655.272,7,3,0,0,3,4,4,3,0,3,4,0,0,0,0,0,0,0,0,0,No,0,4,0,4,0,0,SMALL_CITIES,SMALL_CITIES,MELTON,METROPOLITAN NORTH WEST REGION,C,C,Arterial Other,Arterial Other,Divided,Div,Metro,2019,1,19,0
3474150,T20190000064,ABS to receive accident,Finished,1/1/2019,20.50.00,Yes,Struck animal,Monday,STRUCK ANIMAL,No,Dark No street lights,Yes,Not at intersection,Serious injury accident,100 km/hr,No,341097,146.984,-36.21969,Non-Intersection,WODONGA,NORTH EASTERN REGION,2678363.744,2584722.032,2,2,0,2,0,0,1,1,0,0,0,0,1,1,0,0,0,0,0,0,No,0,1,0,0,1,0,RURAL_VICTORIA,RURAL_VICTORIA,WODONGA,NORTH EASTERN REGION,C,C,Arterial Other,Arterial Other,Undivided,Undiv,Country,2019,1,20,0
3474151,T20190000072,ABS to receive accident,Finished,2/1/2019,00.05.00,Yes,Collision with vehicle,Tuesday,RIGHT THROUGH,No,Dark Street lights on,Yes,Cross intersection,Other injury accident,80 km/hr,No,36816,144.929,-37.64379,Intersection,HUME,METROPOLITAN NORTH WEST REGION,2493734.378,2428557.311,3,2,0,0,2,1,1,2,0,1,2,0,0,0,0,0,0,0,0,0,No,0,2,0,2,0,0,MELB_URBAN,MELB_URBAN,HUME,METROPOLITAN NORTH WEST REGION,,,Arterial Other,"Arterial Other,Local Road",Divided,"Div,Undiv",Metro,2019,1,00,0
3474152,T20190000564,ABS to receive accident,Finished,10/1/2019,18.50.00,Yes,Collision with a fixed object,Thursday,LEFT OFF CARRIAGEWAY INTO OBJECT/PARKED VEHICLE,No,Day,Yes,Not at intersection,Fatal accident,110 km/hr,Yes,342919,141.18498,-34.27498,Non-Intersection,MILDURA,WESTERN REGION,2148445.422,2795369.709,2,2,1,1,0,0,2,0,0,0,0,0,1,1,0,0,0,0,0,0,No,0,1,0,0,1,0,RURAL_VICTORIA,RURAL_VICTORIA,MILDURA,WESTERN REGION,A,A,Arterial Highway,Arterial Highway,Undivided,Undiv,Country,2019,1,18,0
3474153,T20190000567,ABS to receive accident,Finished,10/1/2019,18.00.00,Yes,Collision with vehicle,Thursday,HEAD ON (NOT OVERTAKING),No,Day,Yes,Not at intersection,Other injury accident,60 km/hr,No,341417,144.90973,-37.67449,Non-Intersection,HUME,METROPOLITAN NORTH WEST REGION,2492037.309,2425148.221,3,2,0,0,2,1,2,1,0,1,2,0,0,0,0,0,0,0,1,1,No,0,2,0,2,0,0,MELB_URBAN,MELB_URBAN,HUME,METROPOLITAN NORTH WEST REGION,,,Local Road,Local Road,Undivided,Undiv,Metro,2019,1,18,0
3474154,T20190000569,ABS to receive accident,Finished,11/1/2019,08.20.00,No,Collision with vehicle,Thursday,RIGHT THROUGH,No,Day,Yes,Cross intersection,Other injury accident,60 km/hr,No,36355,144.9677,-37.80506,Intersection,MELBOURNE,METROPOLITAN NORTH WEST REGION,2497155.387,2410660.1,2,1,0,0,1,1,0,2,1,0,1,0,0,0,0,0,0,0,0,0,No,0,2,0,1,0,0,MELB_URBAN,MELB_URBAN,MELBOURNE,METROPOLITAN NORTH WEST REGION,,,Local Road,Local Road,Divided,Div,Metro,2019,1,08,0
3474155,T20190000571,ABS to receive accident,Finished,11/1/2019,07.20.00,No,Collision with vehicle,Thursday,REAR END(VEHICLES IN SAME LANE),No,Day,Yes,Not at intersection,Other injury accident,60 km/hr,No,342034,144.93765,-37.7108,Non-Intersection,MORELAND,METROPOLITAN NORTH WEST REGION,2494502.374,2421120.07,1,1,0,0,1,0,1,0,0,0,1,0,0,0,0,0,0,0,0,0,No,0,2,0,2,0,0,MELB_URBAN,MELB_URBAN,MORELAND,METROPOLITAN NORTH WEST REGION,,,Local Road,Local Road,Undivided,Undiv,Metro,2019,1,07,0
3474156,T20190000572,ABS to receive accident,Finished,11/1/2019,08.00.00,No,Collision with a fixed object,Thursday,RIGHT OFF CARRIAGEWAY INTO OBJECT/PARKED VEHICLE,No,Day,Yes,Not at intersection,Other injury accident,60 km/hr,Yes,341178,144.25821,-36.7471,Non-Intersection,BENDIGO,NORTHERN REGION,2433763.687,2527803.007,1,1,0,0,1,0,0,1,0,0,1,0,0,0,0,0,0,0,0,0,No,0,1,0,1,0,0,LARGE_PROVINCIAL_CITIES,LARGE_PROVINCIAL_CITIES,BENDIGO,NORTHERN REGION,B,B,Arterial Highway,Arterial Highway,Divided,Div,Country,2019,1,08,0
3474157,T20190000576,ABS to receive accident,Finished,11/1/2019,09.06.00,No,Collision with vehicle,Friday,CROSS TRAFFIC(INTERSECTIONS ONLY),No,Day,Yes,Cross intersection,Other injury accident,60 km/hr,No,37741,145.0021,-37.84028,Intersection,STONNINGTON,METROPOLITAN SOUTH EAST REGION,2500185.003,2406752.207,2,1,0,0,1,1,1,1,1,0,1,0,0,0,0,0,0,0,1,0,No,0,2,0,1,0,0,MELB_URBAN,MELB_URBAN,STONNINGTON,METROPOLITAN SOUTH EAST REGION,,,Arterial Other,"Arterial Other,Local Road",Undivided,Undiv,Metro,2019,1,09,0
3474158,T20190000577,ABS to receive accident,Finished,9/1/2019,13.00.00,No,No collision and no object struck,Wednesday,OTHER ACCIDENTS ON CURVE NOT INCLUDED IN DCAs 180-184,No,Day,No,Not at intersection,Other injury accident,60 km/hr,No,341356,146.07238,-37.98007,Non-Intersection,BAW BAW,EASTERN REGION,2594212.965,2390705.514,1,1,0,0,1,0,1,0,0,0,0,0,0,1,0,0,0,0,0,0,No,0,1,0,0,1,0,RURAL_VICTORIA,RURAL_VICTORIA,BAW BAW,"EASTERN REGION,EASTERN REGION",,,Local Road,Local Road,Undivided,Undiv,Country,2019,1,13,0
3474159,T20190000580,ABS to receive accident,Finished,10/1/2019,16.10.00,No,Collision with vehicle,Thursday,REAR END(VEHICLES IN SAME LANE),No,Day,Yes,Not at intersection,Other injury accident,60 km/hr,No,341447,145.2947,-37.89872,Non-Intersection,KNOX,METROPOLITAN SOUTH EAST REGION,2525918.56,2400225.067,3,1,0,0,1,2,2,1,0,1,2,0,0,0,0,0,0,0,0,0,No,0,2,0,2,0,0,MELB_URBAN,MELB_URBAN,KNOX,METROPOLITAN SOUTH EAST REGION,,,Arterial Other,Arterial Other,Undivided,Undiv,Metro,2019,1,16,0
3474160,T20190000582,ABS to receive accident,Finished,10/1/2019,07.38.00,No,Collision with vehicle,Thursday,LANE CHANGE RIGHT (NOT OVERTAKING),No,Dusk/Dawn,Yes,Not at intersection,Serious injury accident,80 km/hr,No,342005,145.17483,-37.82443,Non-Intersection,WHITEHORSE,METROPOLITAN SOUTH EAST REGION,2515391.549,2408497.121,2,1,0,1,0,1,2,0,0,0,2,0,0,0,0,0,0,0,0,1,No,0,2,0,2,0,0,MELB_URBAN,MELB_URBAN,WHITEHORSE,METROPOLITAN SOUTH EAST REGION,,,Arterial Highway,Arterial Highway,Divided,Div,Metro,2019,1,07,0