OBJECTID,ACCIDENT_NO,ABS_CODE,ACCIDENT_STATUS,ACCIDENT_DATE,ACCIDENT_TIME,ALCOHOLTIME,ACCIDENT_TYPE,DAY_OF_WEEK,DCA_CODE,HIT_RUN_FLAG,LIGHT_CONDITION,POLICE_ATTEND,ROAD_GEOMETRY,SEVERITY,SPEED_ZONE,RUN_OFFROAD,NODE_ID,LONGITUDE,LATITUDE,NODE_TYPE,LGA_NAME,REGION_NAME,VICGRID_X,VICGRID_Y,TOTAL_PERSONS,INJ_OR_FATAL,FATALITY,SERIOUSINJURY,OTHERINJURY,NONINJURED,MALES,FEMALES,BICYCLIST,PASSENGER,DRIVER,PEDESTRIAN,PILLION,MOTORIST,UNKNOWN,PED_CYCLIST_5_12,PED_CYCLIST_13_18,OLD_PEDESTRIAN,OLD_DRIVER,YOUNG_DRIVER,ALCOHOL_RELATED,UNLICENCSED,NO_OF_VEHICLES,HEAVYVEHICLE,PASSENGERVEHICLE,MOTORCYCLE,PUBLICVEHICLE,DEG_URBAN_NAME,DEG_URBAN_ALL,LGA_NAME_ALL,REGION_NAME_ALL,SRNS,SRNS_ALL,RMA,RMA_ALL,DIVIDED,DIVIDED_ALL,STAT_DIV_NAME,Year,Month,Hour,ALCOHOL_RELATED
3474161,T20190000583,ABS to receive accident,Finished,11/1/2019,09.30.00,No,Collision with vehicle,Thursday,REAR END(VEHICLES IN SAME LANE),No,Day,Yes,T intersection,Other injury accident,60 km/hr,No,42389,145.11758,-37.9362,Intersection,KINGSTON,METROPOLITAN SOUTH EAST REGION,2510336.273,2396099.436,2,1,0,0,1,1,1,1,0,0,2,0,0,0,0,0,0,0,0,0,No,0,2,0,1,0,0,MELB_URBAN,MELB_URBAN,KINGSTON,METROPOLITAN SOUTH EAST REGION,,,Arterial Other,"Arterial Other,Local Road",Undivided,Undiv,Metro,2019,1,09,0
3474162,T20190000584,ABS to receive accident,Finished,11/1/2019,12.45.00,No,Collision with vehicle,Thursday,RIGHT THROUGH,No,Day,Yes,Not at intersection,Other injury accident,40 km/hr,No,341095,145.00176,-37.81615,Non-Intersection,YARRA,METROPOLITAN NORTH WEST REGION,2500155.311,2409430.119,2,1,0,0,1,1,0,2,1,0,1,0,0,0,0,0,0,0,0,0,No,0,2,0,1,0,0,MELB_URBAN,MELB_URBAN,YARRA,METROPOLITAN NORTH WEST REGION,,,Local Road,Local Road,Undivided,Undiv,Metro,2019,1,12,0
3474163,T20190000586,ABS to receive accident,Finished,11/1/2019,11.15.00,No,Collision with vehicle,Thursday,REAR END(VEHICLES IN SAME LANE),No,Day,Yes,Not at intersection,Other injury accident,100 km/hr,No,342703,145.42853,-38.07819,Non-Intersection,CARDINIA,METROPOLITAN SOUTH EAST REGION,2537600.021,2380260.049,2,1,0,0,1,1,2,0,0,0,2,0,0,0,0,0,0,0,0,1,No,0,2,1,1,0,0,SMALL_TOWNS,SMALL_TOWNS,CARDINIA,METROPOLITAN SOUTH EAST REGION,M,M,Freeway,Freeway,Divided,Div,Metro,2019,1,11,0
3474164,T20190000587,ABS to receive accident,Finished,11/1/2019,11.20.00,No,Collision with vehicle,Thursday,REAR END(VEHICLES IN SAME LANE),No,Day,Yes,T intersection,Other injury accident,60 km/hr,No,38452,145.03918,-37.69444,Intersection,WHITTLESEA,METROPOLITAN NORTH WEST REGION,2503454.967,2422937.615,3,1,0,0,1,2,0,3,0,1,2,0,0,0,0,0,0,0,0,0,No,0,2,0,2,0,0,MELB_URBAN,MELB_URBAN,WHITTLESEA,METROPOLITAN NORTH WEST REGION,,,Arterial Other,"Arterial Other,Local Road",Undivided,Undiv,Metro,2019,1,11,0
3474191,T20190000074,ABS to receive accident,Finished,2/1/2019,01.45.00,Yes,Collision with vehicle,Wednesday,HEAD ON (NOT OVERTAKING),No,Dark Street lights on,Yes,T intersection,Other injury accident,70 km/hr,No,41802,145.16387,-37.8907,Intersection,MONASH,METROPOLITAN SOUTH EAST REGION,2514413.572,2401143.578,2,1,0,0,1,1,2,0,0,0,2,0,0,0,0,0,0,0,1,0,No,0,2,0,2,0,0,MELB_URBAN,MELB_URBAN,MONASH,METROPOLITAN SOUTH EAST REGION,,,Arterial Highway,"Arterial Highway,Local Road",Divided,"Div,Undiv",Metro,2019,1,01,0
3474192,T20190000075,ABS to receive accident,Finished,2/1/2019,00.49.00,Yes,Struck Pedestrian,Wednesday,FAR SIDE. PED HIT BY VEHICLE FROM THE LEFT,No,Dark Street lights on,Yes,T intersection,Serious injury accident,50 km/hr,No,340798,145.01487,-37.63482,Intersection,WHITTLESEA,METROPOLITAN NORTH WEST REGION,2501312.776,2429554.674,2,1,0,1,0,1,1,1,0,0,1,1,0,0,0,0,0,0,0,0,No,0,1,0,1,0,0,MELB_URBAN,MELB_URBAN,WHITTLESEA,METROPOLITAN NORTH WEST REGION,,,Local Road,Local Road,Undivided,Undiv,Metro,2019,1,00,0
3474193,T20190000076,ABS to receive accident,Finished,2/1/2019,04.40.00,Yes,Collision with vehicle,Wednesday,U TURN,Yes,Dark Street lights on,Yes,Not at intersection,Other injury accident,50 km/hr,No,341004,145.1701,-37.95819,Non-Intersection,DANDENONG,METROPOLITAN SOUTH EAST REGION,2514948.836,2393651.549,3,2,0,0,2,1,1,0,0,1,2,0,0,0,0,0,0,0,0,0,No,0,2,0,2,0,0,MELB_URBAN,MELB_URBAN,DANDENONG,METROPOLITAN SOUTH EAST REGION,,,Local Road,Local Road,Undivided,Undiv,Metro,2019,1,04,0
3474194,T20190000078,ABS to receive accident,Finished,2/1/2019,05.25.00,Yes,Collision with vehicle,Wednesday,CROSS TRAFFIC(INTERSECTIONS ONLY),No,Dusk/Dawn,Yes,Cross intersection,Other injury accident,40 km/hr,No,44300,144.66702,-37.86088,Intersection,WYNDHAM,METROPOLITAN NORTH WEST REGION,2470699.765,2404414.822,2,1,0,0,1,1,1,1,0,0,2,0,0,0,0,0,0,0,0,1,No,0,2,0,2,0,0,MELB_URBAN,MELB_URBAN,WYNDHAM,METROPOLITAN NORTH WEST REGION,,,Local Road,Local Road,Divided,"Div,Undiv",Metro,2019,1,05,0
3474195,T20190000079,ABS to receive accident,Finished,2/1/2019,07.43.00,No,Collision with vehicle,Wednesday,CROSS TRAFFIC(INTERSECTIONS ONLY),No,Day,Yes,Cross intersection,Other injury accident,50 km/hr,No,71833,144.34111,-38.13392,Intersection,GEELONG,SOUTH WESTERN REGION,2442231.585,2373958.86,2,1,0,0,1,1,1,1,0,0,2,0,0,0,0,0,0,0,0,1,No,0,2,0,2,0,0,LARGE_PROVINCIAL_CITIES,LARGE_PROVINCIAL_CITIES,GEELONG,SOUTH WESTERN REGION,,,Local Road,Local Road,Undivided,Undiv,Country,2019,1,07,0
3474196,T20190000084,ABS to receive accident,Finished,2/1/2019,11.25.00,No,Fall from or in moving vehicle,Wednesday,FELL IN/FROM VEHICLE,No,Day,Yes,Not at intersection,Other injury accident,50 km/hr,No,342189,144.74975,-36.12416,Non-Intersection,CAMPASPE,NORTHERN REGION,2477472.889,2597151.482,2,1,0,0,1,1,1,1,0,1,1,0,0,0,0,0,0,0,0,0,No,0,1,0,0,0,1,SMALL_CITIES,SMALL_CITIES,CAMPASPE,NORTHERN REGION,B,B,Arterial Highway,Arterial Highway,Undivided,Undiv,Country,2019,1,11,0
3474197,T20190000085,ABS to receive accident,Finished,2/1/2019,06.37.00,No,Struck Pedestrian,Tuesday,PED NEAR SIDE. PED HIT BY VEHICLE FROM THE RIGHT.,No,Day,Yes,Cross intersection,Serious injury accident,Not known,No,40423,145.05245,-37.85331,Intersection,STONNINGTON,METROPOLITAN SOUTH EAST REGION,2504615.471,2405304.738,2,1,0,1,0,1,1,1,0,0,1,1,0,0,0,0,0,0,0,0,No,0,1,0,0,0,1,MELB_URBAN,MELB_URBAN,STONNINGTON,METROPOLITAN SOUTH EAST REGION,,,Arterial Other,"Arterial Other,Local Road",Divided,"Div,Undiv",Metro,2019,1,06,0
3474200,T20190000092,ABS to receive accident,Finished,2/1/2019,02.52.00,Yes,Collision with vehicle,Wednesday,RIGHT THROUGH,No,Dark Street lights on,Yes,Cross intersection,Serious injury accident,70 km/hr,No,38061,145.02239,-37.69611,Intersection,DAREBIN,METROPOLITAN NORTH WEST REGION,2501974.488,2422751.899,4,1,0,1,0,3,1,2,0,2,2,0,0,0,0,0,0,0,0,0,No,0,2,0,2,0,0,MELB_URBAN,MELB_URBAN,"WHITTLESEA,DAREBIN",METROPOLITAN NORTH WEST REGION,,,Arterial Other,"Arterial Other,Local Road",Divided,"Div,Undiv",Metro,2019,1,02,0
3474201,T20190000094,ABS to receive accident,Finished,2/1/2019,13.12.00,No,Collision with a fixed object,Tuesday,LEFT OFF CARRIAGEWAY INTO OBJECT/PARKED VEHICLE,No,Day,Yes,T intersection,Serious injury accident,60 km/hr,Yes,40734,145.13622,-37.85809,Intersection,MONASH,METROPOLITAN SOUTH EAST REGION,2511987.086,2404766.262,1,1,0,1,0,0,1,0,0,0,1,0,0,0,0,0,0,0,1,0,No,0,1,0,1,0,0,MELB_URBAN,MELB_URBAN,"WHITEHORSE,MONASH",METROPOLITAN SOUTH EAST REGION,,,Arterial Other,"Arterial Other,Local Road",Undivided,Undiv,Metro,2019,1,13,0
3474202,T20190000095,ABS to receive accident,Finished,2/1/2019,13.25.00,No,Collision with vehicle,Wednesday,REAR END(VEHICLES IN SAME LANE),No,Day,Yes,Cross intersection,Other injury accident,80 km/hr,No,340853,145.0898,-37.70323,Non-Intersection,BANYULE,METROPOLITAN NORTH WEST REGION,2507918.315,2421959.235,4,1,0,0,1,3,1,3,0,0,4,0,0,0,0,0,0,0,1,1,No,0,4,0,4,0,0,MELB_URBAN,MELB_URBAN,BANYULE,METROPOLITAN NORTH WEST REGION,,,Arterial Highway,Arterial Highway,Divided,Div,Metro,2019,1,13,0
3474204,T20190000595,ABS to receive accident,Finished,11/1/2019,13.28.00,No,Collision with vehicle,Friday,REAR END(VEHICLES IN SAME LANE),No,Day,Yes,Not at intersection,Other injury accident,60 km/hr,No,341679,144.72324,-37.58321,Non-Intersection,HUME,METROPOLITAN NORTH WEST REGION,2475557.341,2435247.231,5,1,0,0,1,4,3,2,0,0,5,0,0,0,0,0,0,0,0,3,No,0,5,0,5,0,0,SMALL_CITIES,SMALL_CITIES,HUME,METROPOLITAN NORTH WEST REGION,C,C,Arterial Other,Arterial Other,Undivided,Undiv,Metro,2019,1,13,0
3474205,T20190000596,ABS to receive accident,Finished,11/1/2019,14.15.00,No,Collision with a fixed object,Friday,LEFT OFF CARRIAGEWAY INTO OBJECT/PARKED VEHICLE,No,Day,Yes,T intersection,Serious injury accident,50 km/hr,Yes,342098,145.09411,-37.70604,Intersection,BANYULE,METROPOLITAN NORTH WEST REGION,2508298.322,2421646.939,1,1,0,1,0,0,1,0,0,0,1,0,0,0,0,0,0,0,0,1,No,0,1,0,1,0,0,MELB_URBAN,MELB_URBAN,BANYULE,METROPOLITAN NORTH WEST REGION,,,Local Road,Local Road,Undivided,Undiv,Metro,2019,1,14,0
3474206,T20190000599,ABS to receive accident,Finished,7/1/2019,17.15.00,No,Collision with vehicle,Monday,RIGHT THROUGH,No,Day,Yes,T intersection,Other injury accident,70 km/hr,No,341414,145.25679,-37.8266,Intersection,MAROONDAH,METROPOLITAN SOUTH EAST REGION,2522606.382,2408239.75,2,1,0,0,1,1,1,1,0,0,2,0,0,0,0,0,0,0,0,0,No,0,2,0,2,0,0,MELB_URBAN,MELB_URBAN,MAROONDAH,METROPOLITAN SOUTH EAST REGION,,,Arterial Other,"Arterial Other,Local Road",Divided,"Div,Undiv",Metro,2019,1,17,0
3474207,T20190000603,ABS to receive accident,Finished,11/1/2019,11.50.00,No,Collision with vehicle,Thursday,VEHICLE COLLIDES WITH VEHICLE PARKED ON LEFT OF ROAD,No,Day,Yes,Cross intersection,Other injury accident,60 km/hr,No,46554,144.77775,-37.71083,Intersection,BRIMBANK,METROPOLITAN NORTH WEST REGION,2480404.514,2421096.542,3,1,0,0,1,2,1,0,0,1,1,0,0,1,0,0,0,0,0,0,No,0,2,0,1,1,0,MELB_URBAN,MELB_URBAN,BRIMBANK,METROPOLITAN NORTH WEST REGION,,,Arterial Other,"Arterial Other,Local Road",Divided,"Div,Undiv",Metro,2019,1,11,0
3474208,T20190000604,ABS to receive accident,Finished,11/1/2019,13.00.00,No,Struck Pedestrian,Thursday,PED PLAYING/LYING/WORKING/STANDING ON CARRIAGEWAY.,Yes,Day,No,Not at intersection,Other injury accident,40 km/hr,No,341324,145.07454,-37.65937,Non-Intersection,WHITTLESEA,METROPOLITAN NORTH WEST REGION,2506576.588,2426827.978,2,1,0,0,1,1,1,0,0,0,0,1,0,0,1,0,0,0,0,0,No,0,1,0,0,0,0,MELB_URBAN,MELB_URBAN,WHITTLESEA,METROPOLITAN NORTH WEST REGION,C,C,Arterial Other,Arterial Other,Divided,Div,Metro,2019,1,13,0
3474209,T20190000608,ABS to receive accident,Finished,11/1/2019,16.30.00,No,Collision with a fixed object,Thursday,LEFT OFF CARRIAGEWAY INTO OBJECT/PARKED VEHICLE,No,Day,Yes,Not at intersection,Other injury accident,100 km/hr,Yes,341225,144.21732,-36.66535,Non-Intersection,BENDIGO,NORTHERN REGION,2430038.356,2536844.794,2,1,0,0,1,1,0,2,0,1,1,0,0,0,0,0,0,0,0,1,No,0,1,0,1,0,0,RURAL_VICTORIA,RURAL_VICTORIA,BENDIGO,NORTHERN REGION,C,C,Arterial Other,Arterial Other,Undivided,Undiv,Country,2019,1,16,0
3474210,T20190000609,ABS to receive accident,Finished,11/1/2019,16.05.00,Yes,Collision with vehicle,Friday,RIGHT THROUGH,No,Day,Yes,T intersection,Other injury accident,60 km/hr,No,341570,144.99055,-38.31488,Intersection,MORNINGTON PENINSULA,METROPOLITAN SOUTH EAST REGION,2499173.66,2354070.491,2,2,0,0,2,0,1,1,0,0,2,0,0,0,0,0,0,0,0,1,No,0,2,0,2,0,0,MELB_URBAN,MELB_URBAN,MORNINGTON PENINSULA,METROPOLITAN SOUTH EAST REGION,C,C,Arterial Other,"Arterial Other,Local Road",Undivided,Undiv,Metro,2019,1,16,0
3474211,T20190000614,ABS to receive accident,Finished,1/1/2019,05.30.00,Yes,Collision with a fixed object,Tuesday,OFF RIGHT BEND INTO OBJECT/PARKED VEHICLE,No,Day,No,Not at intersection,Serious injury accident,100 km/hr,Yes,341131,144.48227,-37.46658,Non-Intersection,MACEDON RANGES,NORTHERN REGION,2454204.402,2448100.416,2,1,0,1,0,1,1,1,0,1,1,0,0,0,0,0,0,0,0,1,Yes,0,1,0,1,0,0,RURAL_VICTORIA,RURAL_VICTORIA,MACEDON RANGES,NORTHERN REGION,,,Local Road,Local Road,Undivided,Undiv,Country,2019,1,05,1
3474212,T20190000615,ABS to receive accident,Finished,11/1/2019,13.45.00,No,Collision with vehicle,Friday,RIGHT THROUGH,No,Day,Yes,Not at intersection,Other injury accident,70 km/hr,No,341106,145.1644,-37.88744,Non-Intersection,MONASH,METROPOLITAN SOUTH EAST REGION,2514460.898,2401505.068,2,1,0,0,1,1,2,0,0,0,1,0,0,1,0,0,0,0,0,0,No,0,2,0,1,1,0,MELB_URBAN,MELB_URBAN,MONASH,METROPOLITAN SOUTH EAST REGION,,,Arterial Highway,Arterial Highway,Divided,Div,Metro,2019,1,13,0
3474213,T20190000621,ABS to receive accident,Finished,11/1/2019,18.34.00,Yes,Collision with vehicle,Thursday,CROSS TRAFFIC(INTERSECTIONS ONLY),No,Day,Yes,Not at intersection,Other injury accident,70 km/hr,No,341092,145.04249,-37.93408,Non-Intersection,KINGSTON,METROPOLITAN SOUTH EAST REGION,2503734.949,2396340.098,2,1,0,0,1,1,1,1,0,0,2,0,0,0,0,0,0,0,0,1,No,0,2,0,2,0,0,MELB_URBAN,MELB_URBAN,KINGSTON,METROPOLITAN SOUTH EAST REGION,,,Arterial Other,Arterial Other,Divided,Div,Metro,2019,1,18,0
3474214,T20190000623,ABS to receive accident,Finished,11/1/2019,14.28.00,No,Collision with vehicle,Friday,CROSS TRAFFIC(INTERSECTIONS ONLY),No,Day,Yes,Cross intersection,Other injury accident,60 km/hr,No,39673,145.24155,-37.79461,Intersection,MAROONDAH,METROPOLITAN SOUTH EAST REGION,2521273.339,2411794.048,4,2,0,0,2,2,1,1,0,1,3,0,0,0,0,0,0,0,1,0,No,0,3,0,3,0,0,MELB_URBAN,MELB_URBAN,MAROONDAH,METROPOLITAN SOUTH EAST REGION,,,Local Road,Local Road,Undivided,Undiv,Metro,2019,1,14,0
3474215,T20190000624,ABS to receive accident,Finished,11/1/2019,18.15.00,Yes,Collision with vehicle,Friday,OUT OF CONTROL (OVERTAKING),No,Day,Yes,T intersection,Serious injury accident,60 km/hr,Yes,341471,145.30328,-37.82681,Intersection,MAROONDAH,METROPOLITAN SOUTH EAST REGION,2526698.647,2408204.265,2,1,0,1,0,1,1,1,0,0,1,0,0,1,0,0,0,0,0,0,Yes,0,2,0,1,1,0,MELB_URBAN,MELB_URBAN,MAROONDAH,METROPOLITAN SOUTH EAST REGION,,,Local Road,Local Road,Undivided,Undiv,Metro,2019,1,18,1
3474216,T20190000626,ABS to receive accident,Finished,11/1/2019,19.50.00,Yes,Struck Pedestrian,Friday,PED NEAR SIDE. PED HIT BY VEHICLE FROM THE RIGHT.,No,Day,Yes,Not at intersection,Other injury accident,70 km/hr,No,190250,145.04708,-37.7119,Non-Intersection,DAREBIN,METROPOLITAN NORTH WEST REGION,2504150.879,2420999.3,4,1,0,0,1,3,2,2,0,2,1,1,0,0,0,0,0,0,0,0,No,0,1,0,1,0,0,MELB_URBAN,MELB_URBAN,DAREBIN,METROPOLITAN NORTH WEST REGION,,,Arterial Highway,Arterial Highway,Divided,Div,Metro,2019,1,19,0
3474243,T20190000099,ABS to receive accident,Finished,2/1/2019,15.00.00,No,Struck Pedestrian,Wednesday,FAR SIDE. PED HIT BY VEHICLE FROM THE LEFT,No,Day,Yes,Cross intersection,Other injury accident,40 km/hr,No,65799,144.95645,-37.81175,Intersection,MELBOURNE,METROPOLITAN NORTH WEST REGION,2496165.019,2409916.976,2,2,0,0,2,0,1,1,0,0,1,1,0,0,0,0,0,0,0,1,No,0,1,0,1,0,0,MELBOURNE_CBD,"MELBOURNE_CBD,MELB_URBAN",MELBOURNE,METROPOLITAN NORTH WEST REGION,,,Local Road,Local Road,Undivided,Undiv,Metro,2019,1,15,0
3474244,T20190000100,ABS to receive accident,Finished,2/1/2019,14.18.00,No,Collision with vehicle,Wednesday,RIGHT THROUGH,No,Day,Yes,T intersection,Other injury accident,50 km/hr,No,1329,144.91823,-37.74934,Intersection,MOONEE VALLEY,METROPOLITAN NORTH WEST REGION,2492794.106,2416841.528,2,1,0,0,1,1,1,1,0,0,2,0,0,0,0,0,0,0,0,0,No,0,2,0,2,0,0,MELB_URBAN,MELB_URBAN,MOONEE VALLEY,METROPOLITAN NORTH WEST REGION,,,Local Road,Local Road,Undivided,Undiv,Metro,2019,1,14,0
3474246,T20190000107,ABS to receive accident,Finished,2/1/2019,10.30.00,No,Vehicle overturned (no collision),Wednesday,OUT OF CONTROL (OVERTAKING),No,Day,Yes,Not at intersection,Serious injury accident,100 km/hr,Yes,341088,141.27536,-38.15476,Non-Intersection,GLENELG,SOUTH WESTERN REGION,2173610.989,2365460.08,2,2,0,1,1,0,2,0,0,1,1,0,0,0,0,0,0,0,0,0,No,0,1,0,1,0,0,RURAL_VICTORIA,RURAL_VICTORIA,GLENELG,SOUTH WESTERN REGION,C,C,Arterial Other,Arterial Other,Undivided,Undiv,Country,2019,1,10,0
3474247,T20190000108,ABS to receive accident,Finished,2/1/2019,14.35.00,No,Collision with vehicle,Wednesday,RIGHT NEAR (INTERSECTIONS ONLY),No,Day,Yes,T intersection,Other injury accident,100 km/hr,No,52045,146.86395,-38.10202,Intersection,WELLINGTON,EASTERN REGION,2663482.881,2376100.02,3,1,0,0,1,2,2,1,0,1,2,0,0,0,0,0,0,0,0,0,No,0,2,1,1,0,0,RURAL_VICTORIA,RURAL_VICTORIA,WELLINGTON,"EASTERN REGION,EASTERN REGION",C,C,Arterial Other,"Arterial Other,Local Road",Undivided,Undiv,Country,2019,1,14,0
3474248,T20190000109,ABS to receive accident,Finished,2/1/2019,17.20.00,No,No collision and no object struck,Wednesday,OUT OF CONTROL ON CARRIAGEWAY (ON BEND),No,Day,Yes,Not at intersection,Other injury accident,40 km/hr,No,341406,147.06322,-36.92992,Non-Intersection,ALPINE,NORTH EASTERN REGION,2683777.137,2505784.317,1,1,0,0,1,0,1,0,0,0,0,0,0,1,0,0,0,0,0,0,No,0,1,0,0,1,0,RURAL_VICTORIA,RURAL_VICTORIA,ALPINE,NORTH EASTERN REGION,B,B,Arterial Highway,Arterial Highway,Undivided,Undiv,Country,2019,1,17,0
3474250,T20190000112,ABS to receive accident,Finished,2/1/2019,20.10.00,Yes,Struck Pedestrian,Tuesday,PED NEAR SIDE. PED HIT BY VEHICLE FROM THE RIGHT.,No,Day,Yes,T intersection,Other injury accident,60 km/hr,No,36160,145.12014,-38.14534,Intersection,FRANKSTON,METROPOLITAN SOUTH EAST REGION,2510531.425,2372885.062,2,1,0,0,1,1,1,1,0,0,1,1,0,0,0,0,0,0,0,0,No,0,1,0,1,0,0,MELB_URBAN,MELB_URBAN,FRANKSTON,METROPOLITAN SOUTH EAST REGION,,,Arterial Highway,"Arterial Highway,Arterial Other",Divided,Div,Metro,2019,1,20,0
3474251,T20190000119,ABS to receive accident,Finished,2/1/2019,19.42.00,Yes,Collision with vehicle,Wednesday,CROSS TRAFFIC(INTERSECTIONS ONLY),Yes,Day,Yes,Cross intersection,Serious injury accident,60 km/hr,No,38064,145.02156,-37.75857,Intersection,DAREBIN,METROPOLITAN NORTH WEST REGION,2501899.529,2415820.083,7,5,0,4,1,2,4,1,0,4,3,0,0,0,0,0,0,0,0,0,No,0,3,0,3,0,0,MELB_URBAN,MELB_URBAN,DAREBIN,METROPOLITAN NORTH WEST REGION,,,Arterial Other,"Arterial Other,Local Road",Divided,"Div,Undiv",Metro,2019,1,19,0
3474253,T20190000125,ABS to receive accident,Finished,2/1/2019,13.00.00,No,Collision with vehicle,Wednesday,RIGHT THROUGH,No,Day,No,Not at intersection,Other injury accident,50 km/hr,No,340864,144.56081,-38.16132,Non-Intersection,GEELONG,SOUTH WESTERN REGION,2461507.604,2371028.436,2,1,0,0,1,1,1,1,1,0,1,0,0,0,0,0,0,0,0,0,No,0,2,0,1,0,0,SMALL_CITIES,SMALL_CITIES,GEELONG,SOUTH WESTERN REGION,,,Local Road,Local Road,Undivided,Undiv,Country,2019,1,13,0
3474254,T20190000126,ABS to receive accident,Finished,2/1/2019,18.02.00,Yes,Struck Pedestrian,Tuesday,PED NEAR SIDE. PED HIT BY VEHICLE FROM THE RIGHT.,Yes,Day,Yes,Not at intersection,Serious injury accident,30km/hr,No,342114,145.04043,-37.64595,Non-Intersection,WHITTLESEA,METROPOLITAN NORTH WEST REGION,2503568.174,2428319.117,3,1,0,1,0,2,2,0,0,1,1,1,0,0,0,0,0,0,0,0,No,0,1,0,1,0,0,MELB_URBAN,MELB_URBAN,WHITTLESEA,METROPOLITAN NORTH WEST REGION,,,Arterial Other,Arterial Other,Undivided,Undiv,Metro,2019,1,18,0
3474256,T20190000627,ABS to receive accident,Finished,11/1/2019,17.15.00,Yes,Collision with vehicle,Friday,REAR END(VEHICLES IN SAME LANE),No,Day,Yes,Not at intersection,Other injury accident,70 km/hr,No,341779,144.34691,-38.18208,Non-Intersection,GEELONG,SOUTH WESTERN REGION,2442776.188,2368616.35,5,1,0,0,1,4,2,3,0,1,4,0,0,0,0,0,0,0,0,0,No,0,4,0,4,0,0,LARGE_PROVINCIAL_CITIES,LARGE_PROVINCIAL_CITIES,GEELONG,SOUTH WESTERN REGION,A,A,Arterial Highway,Arterial Highway,Divided,Div,Country,2019,1,17,0
3474257,T20190000629,ABS to receive accident,Finished,11/1/2019,17.55.00,No,Collision with vehicle,Thursday,REAR END(VEHICLES IN SAME LANE),No,Day,Yes,Not at intersection,Other injury accident,50 km/hr,No,341397,145.08467,-37.61179,Non-Intersection,WHITTLESEA,METROPOLITAN NORTH WEST REGION,2507475.503,2432107.199,3,1,0,0,1,2,2,1,0,1,2,0,0,0,0,0,0,0,0,0,No,0,2,0,2,0,0,MELB_URBAN,MELB_URBAN,WHITTLESEA,METROPOLITAN NORTH WEST REGION,,,Local Road,Local Road,Undivided,Undiv,Metro,2019,1,17,0
3474258,T20190000630,ABS to receive accident,Finished,11/1/2019,15.51.00,No,Collision with vehicle,Thursday,LEFT OFF CARRIAGEWAY INTO OBJECT/PARKED VEHICLE,No,Day,Yes,Not at intersection,Other injury accident,40 km/hr,Yes,341096,144.33501,-38.24157,Non-Intersection,GEELONG,SOUTH WESTERN REGION,2441780.097,2362006.001,2,1,0,0,1,1,0,2,0,1,1,0,0,0,0,0,0,0,0,0,No,0,2,0,2,0,0,RURAL_VICTORIA,RURAL_VICTORIA,GEELONG,SOUTH WESTERN REGION,,,Local Road,Local Road,Undivided,Undiv,Country,2019,1,15,0
3474259,T20190000633,ABS to receive accident,Finished,11/1/2019,19.15.00,Yes,Collision with vehicle,Friday,LEFT FAR (INTERSECTIONS ONLY),No,Day,Yes,T intersection,Other injury accident,50 km/hr,No,40924,145.25091,-37.84314,Intersection,KNOX,METROPOLITAN SOUTH EAST REGION,2522084.082,2406405.725,3,1,0,0,1,2,3,0,1,1,1,0,0,0,0,1,0,0,0,1,No,0,2,0,1,0,0,MELB_URBAN,MELB_URBAN,KNOX,METROPOLITAN SOUTH EAST REGION,,,Arterial Other,"Arterial Other,Local Road",Divided,"Div,Undiv",Metro,2019,1,19,0
3474260,T20190000634,ABS to receive accident,Finished,11/1/2019,16.00.00,No,Collision with a fixed object,Thursday,LEFT OFF CARRIAGEWAY INTO OBJECT/PARKED VEHICLE,No,Day,Yes,T intersection,Serious injury accident,50 km/hr,Yes,343241,145.02984,-37.36791,Intersection,MITCHELL,NORTHERN REGION,2502642.588,2459174.824,2,2,0,1,1,0,0,1,0,1,1,0,0,0,0,0,0,0,0,0,No,0,1,0,1,0,0,TOWNS,TOWNS,MITCHELL,NORTHERN REGION,,,Local Road,Local Road,Undivided,Undiv,Country,2019,1,16,0
3474261,T20190000635,ABS to receive accident,Finished,11/1/2019,01.25.00,Yes,Collision with vehicle,Friday,RIGHT THROUGH,No,Dark Street lights on,Yes,T intersection,Other injury accident,80 km/hr,No,30002,145.14359,-37.9247,Intersection,MONASH,METROPOLITAN SOUTH EAST REGION,2512624.464,2397372.563,2,1,0,0,1,1,2,0,0,0,2,0,0,0,0,0,0,0,0,2,No,0,2,0,2,0,0,MELB_URBAN,MELB_URBAN,"MONASH,DANDENONG",METROPOLITAN SOUTH EAST REGION,,,,,,,Metro,2019,1,01,0
3474262,T20190000637,ABS to receive accident,Finished,10/1/2019,05.40.00,Yes,Struck animal,Wednesday,STRUCK ANIMAL,No,Dusk/Dawn,Yes,Not at intersection,Other injury accident,100 km/hr,No,341326,144.60693,-37.4381,Non-Intersection,MACEDON RANGES,NORTHERN REGION,2465218.326,2451313.603,1,1,0,0,1,0,1,0,0,0,0,0,0,1,0,0,0,0,0,0,No,0,1,0,0,1,0,TOWNS,TOWNS,MACEDON RANGES,NORTHERN REGION,,,Local Road,Local Road,Undivided,Undiv,Country,2019,1,05,0