OBJECTID,ACCIDENT_NO,ABS_CODE,ACCIDENT_STATUS,ACCIDENT_DATE,ACCIDENT_TIME,ALCOHOLTIME,ACCIDENT_TYPE,DAY_OF_WEEK,DCA_CODE,HIT_RUN_FLAG,LIGHT_CONDITION,POLICE_ATTEND,ROAD_GEOMETRY,SEVERITY,SPEED_ZONE,RUN_OFFROAD,NODE_ID,LONGITUDE,LATITUDE,NODE_TYPE,LGA_NAME,REGION_NAME,VICGRID_X,VICGRID_Y,TOTAL_PERSONS,INJ_OR_FATAL,FATALITY,SERIOUSINJURY,OTHERINJURY,NONINJURED,MALES,FEMALES,BICYCLIST,PASSENGER,DRIVER,PEDESTRIAN,PILLION,MOTORIST,UNKNOWN,PED_CYCLIST_5_12,PED_CYCLIST_13_18,OLD_PEDESTRIAN,OLD_DRIVER,YOUNG_DRIVER,ALCOHOL_RELATED,UNLICENCSED,NO_OF_VEHICLES,HEAVYVEHICLE,PASSENGERVEHICLE,MOTORCYCLE,PUBLICVEHICLE,DEG_URBAN_NAME,DEG_URBAN_ALL,LGA_NAME_ALL,REGION_NAME_ALL,SRNS,SRNS_ALL,RMA,RMA_ALL,DIVIDED,DIVIDED_ALL,STAT_DIV_NAME,Year,Month,Hour,ALCOHOL_RELATED
3474263,T20190000638,ABS to receive accident,Finished,11/1/2019,16.10.00,No,Collision with a fixed object,Thursday,LEFT OFF CARRIAGEWAY INTO OBJECT/PARKED VEHICLE,No,Day,Yes,Not at intersection,Other injury accident,70 km/hr,Yes,341168,144.77916,-37.74311,Non-Intersection,BRIMBANK,METROPOLITAN NORTH WEST REGION,2480536.566,2417513.981,1,1,0,0,1,0,0,1,0,0,1,0,0,0,0,0,0,0,0,1,No,0,1,0,1,0,0,MELB_URBAN,MELB_URBAN,BRIMBANK,METROPOLITAN NORTH WEST REGION,,,Arterial Other,Arterial Other,Divided,Div,Metro,2019,1,16,0
3474264,T20190000639,ABS to receive accident,Finished,11/1/2019,19.15.00,Yes,Collision with a fixed object,Friday,OFF RIGHT BEND INTO OBJECT/PARKED VEHICLE,No,Day,Yes,Not at intersection,Other injury accident,100 km/hr,Yes,341203,147.8385,-37.79394,Non-Intersection,EAST GIPPSLAND,EASTERN REGION,2749957.083,2408167.919,1,1,0,0,1,0,1,0,0,0,1,0,0,0,0,0,0,0,1,0,No,0,1,0,1,0,0,RURAL_VICTORIA,RURAL_VICTORIA,EAST GIPPSLAND,"EASTERN REGION,EASTERN REGION",,,Local Road,Local Road,Undivided,Undiv,Country,2019,1,19,0
3474265,T20190000640,ABS to receive accident,Finished,11/1/2019,00.35.00,Yes,Collision with vehicle,Thursday,CROSS TRAFFIC(INTERSECTIONS ONLY),No,Dark Street lights unknown,Yes,Cross intersection,Other injury accident,60 km/hr,No,61041,145.09574,-37.60064,Intersection,WHITTLESEA,METROPOLITAN NORTH WEST REGION,2508453.223,2433344.132,2,1,0,0,1,1,1,1,0,0,2,0,0,0,0,0,0,0,0,1,No,0,2,0,2,0,0,MELB_URBAN,MELB_URBAN,WHITTLESEA,METROPOLITAN NORTH WEST REGION,C,C,Arterial Other,"Arterial Other,Local Road",Undivided,Undiv,Metro,2019,1,00,0
3474267,T20190000642,ABS to receive accident,Finished,11/1/2019,16.07.00,Yes,Collision with vehicle,Friday,LANE CHANGE LEFT (NOT OVERTAKING),Yes,Day,Yes,Not at intersection,Fatal accident,100 km/hr,No,341128,144.73128,-37.87495,Non-Intersection,WYNDHAM,METROPOLITAN NORTH WEST REGION,2476358.743,2402870.236,2,1,1,0,0,1,1,1,0,0,1,0,0,1,0,0,0,0,0,0,No,0,2,0,1,1,0,MELB_URBAN,MELB_URBAN,WYNDHAM,METROPOLITAN NORTH WEST REGION,M,M,Freeway,Freeway,Divided,Div,Metro,2019,1,16,0
3474268,T20190000643,ABS to receive accident,Finished,11/1/2019,21.27.00,Yes,Collision with a fixed object,Friday,RIGHT OFF CARRIAGEWAY INTO OBJECT/PARKED VEHICLE,No,Dark No street lights,Yes,Multiple intersection,Fatal accident,100 km/hr,Yes,341152,146.07844,-37.00381,Non-Intersection,MANSFIELD,NORTH EASTERN REGION,2595972.786,2499033.947,2,2,1,1,0,0,2,0,0,1,1,0,0,0,0,0,0,0,0,1,No,0,1,0,1,0,0,RURAL_VICTORIA,RURAL_VICTORIA,MANSFIELD,NORTH EASTERN REGION,C,C,Arterial Other,Arterial Other,Undivided,Undiv,Country,2019,1,21,0
3474296,T20190000134,ABS to receive accident,Finished,3/1/2019,10.20.00,No,Collision with a fixed object,Thursday,LEFT OFF CARRIAGEWAY INTO OBJECT/PARKED VEHICLE,No,Day,Yes,Not at intersection,Serious injury accident,80 km/hr,Yes,340969,147.19934,-36.75556,Non-Intersection,ALPINE,NORTH EASTERN REGION,2696346.111,2524854.229,1,1,0,1,0,0,1,0,0,0,0,0,0,1,0,0,0,0,0,0,No,0,1,0,0,1,0,RURAL_VICTORIA,RURAL_VICTORIA,ALPINE,NORTH EASTERN REGION,C,C,Arterial Other,Arterial Other,Undivided,Undiv,Country,2019,1,10,0
3474297,T20190000139,ABS to receive accident,Finished,2/1/2019,12.10.00,No,Vehicle overturned (no collision),Wednesday,OFF CARRIAGEWAY ON LEFT BEND,No,Day,Yes,Not at intersection,Other injury accident,100 km/hr,Yes,341103,145.848,-37.5451,Non-Intersection,YARRA RANGES,METROPOLITAN SOUTH EAST REGION,2574930.296,2439177.444,1,1,0,0,1,0,1,0,0,0,0,0,0,1,0,0,0,0,0,0,No,0,1,0,0,1,0,RURAL_VICTORIA,RURAL_VICTORIA,YARRA RANGES,METROPOLITAN SOUTH EAST REGION,C,C,Arterial Other,Arterial Other,Undivided,Undiv,Metro,2019,1,12,0
3474298,T20190000146,ABS to receive accident,Finished,3/1/2019,14.10.00,No,collision with some other object,Wednesday,OFF RIGHT BEND INTO OBJECT/PARKED VEHICLE,No,Day,Yes,Not at intersection,Serious injury accident,100 km/hr,Yes,341443,147.57628,-36.17171,Non-Intersection,TOWONG,NORTH EASTERN REGION,2731742.828,2588768.944,1,1,0,1,0,0,1,0,0,0,0,0,0,1,0,0,0,0,0,0,No,0,1,0,0,1,0,RURAL_VICTORIA,RURAL_VICTORIA,TOWONG,NORTH EASTERN REGION,B,B,Arterial Highway,Arterial Highway,Undivided,Undiv,Country,2019,1,14,0
3474299,T20190000148,ABS to receive accident,Finished,3/1/2019,17.45.00,No,Collision with vehicle,Thursday,RIGHT REAR.,No,Day,Yes,Not at intersection,Other injury accident,50 km/hr,No,341329,145.50205,-38.06053,Non-Intersection,CARDINIA,METROPOLITAN SOUTH EAST REGION,2544060.956,2382189.499,2,1,0,0,1,1,1,1,1,0,1,0,0,0,0,0,0,0,0,0,No,0,2,0,1,0,0,SMALL_CITIES,SMALL_CITIES,CARDINIA,METROPOLITAN SOUTH EAST REGION,,,Local Road,Local Road,Undivided,Undiv,Metro,2019,1,17,0
3474300,T20190000151,ABS to receive accident,Finished,3/1/2019,17.57.00,No,Collision with a fixed object,Wednesday,OTHER ACCIDENTS-OFF STRAIGHT NOT INCLUDED IN DCAs 170-175,No,Day,Yes,Cross intersection,Other injury accident,60 km/hr,No,340972,145.33131,-38.04413,Intersection,CASEY,METROPOLITAN SOUTH EAST REGION,2529082.943,2384075.593,1,1,0,0,1,0,1,0,0,0,1,0,0,0,0,0,0,0,1,0,No,0,1,0,1,0,0,MELB_URBAN,MELB_URBAN,CASEY,METROPOLITAN SOUTH EAST REGION,,,Local Road,Local Road,Undivided,Undiv,Metro,2019,1,17,0
3474301,T20190000152,ABS to receive accident,Finished,3/1/2019,19.31.00,Yes,No collision and no object struck,Thursday,OUT OF CONTROL ON CARRIAGEWAY (ON STRAIGHT),No,Day,Yes,Not at intersection,Other injury accident,40 km/hr,No,244464,145.02982,-37.80715,Non-Intersection,BOROONDARA,METROPOLITAN SOUTH EAST REGION,2502625.962,2410428.311,1,1,0,0,1,0,0,1,1,0,0,0,0,0,0,0,0,0,0,0,No,0,1,0,0,0,0,MELB_URBAN,MELB_URBAN,BOROONDARA,METROPOLITAN SOUTH EAST REGION,,,Arterial Other,Arterial Other,Undivided,Undiv,Metro,2019,1,19,0
3474302,T20190000161,ABS to receive accident,Finished,3/1/2019,18.30.00,Yes,Collision with vehicle,Wednesday,REAR END(VEHICLES IN SAME LANE),No,Day,No,Cross intersection,Other injury accident,80 km/hr,No,342200,145.28758,-37.82617,Intersection,MAROONDAH,METROPOLITAN SOUTH EAST REGION,2525317.246,2408280.037,4,3,0,0,3,1,3,1,0,2,2,0,0,0,0,0,0,0,0,0,No,0,2,0,2,0,0,MELB_URBAN,MELB_URBAN,MAROONDAH,METROPOLITAN SOUTH EAST REGION,,,Arterial Other,Arterial Other,Divided,Div,Metro,2019,1,18,0
3474303,T20190000167,ABS to receive accident,Finished,3/1/2019,20.50.00,Yes,Collision with vehicle,Thursday,REAR END(VEHICLES IN SAME LANE),No,Dusk/Dawn,Yes,T intersection,Serious injury accident,60 km/hr,No,341543,144.56117,-37.676,Intersection,MELTON,METROPOLITAN NORTH WEST REGION,2461290.808,2424895.148,3,1,0,1,0,2,1,2,0,1,1,0,0,1,0,0,0,0,0,0,No,1,2,0,1,1,0,SMALL_CITIES,SMALL_CITIES,MELTON,METROPOLITAN NORTH WEST REGION,,,Local Road,Local Road,Undivided,Undiv,Metro,2019,1,20,0
3474304,T20190000170,ABS to receive accident,Finished,4/1/2019,02.10.00,Yes,Collision with a fixed object,Friday,LEFT OFF CARRIAGEWAY INTO OBJECT/PARKED VEHICLE,No,Dark No street lights,Yes,Not at intersection,Other injury accident,100 km/hr,Yes,341454,143.01486,-37.30958,Non-Intersection,ARARAT,WESTERN REGION,2324055.559,2463813.153,2,2,0,0,2,0,0,2,0,1,1,0,0,0,0,0,0,0,0,0,No,0,1,0,1,0,0,RURAL_VICTORIA,RURAL_VICTORIA,ARARAT,WESTERN REGION,A,A,Arterial Highway,Arterial Highway,Undivided,Undiv,Country,2019,1,02,0
3474305,T20190000178,ABS to receive accident,Finished,3/1/2019,22.00.00,Yes,No collision and no object struck,Thursday,OUT OF CONTROL ON CARRIAGEWAY (ON STRAIGHT),No,Dark Street lights on,No,Not at intersection,Other injury accident,60 km/hr,No,341407,146.9678,-36.72829,Non-Intersection,ALPINE,NORTH EASTERN REGION,2675740.961,2528332.206,1,1,0,0,1,0,1,0,0,0,0,0,0,1,0,0,0,0,0,0,No,0,1,0,0,1,0,TOWNS,TOWNS,ALPINE,NORTH EASTERN REGION,B,B,Arterial Highway,Arterial Highway,Undivided,Undiv,Country,2019,1,22,0
3474306,T20190000181,ABS to receive accident,Finished,4/1/2019,11.15.00,No,Collision with vehicle,Friday,VEHICLE STRIKES ANOTHER VEH WHILE EMERGING FROM DRIVEWAY,No,Day,Yes,Not at intersection,Other injury accident,Other speed limit,No,342399,144.97997,-37.40881,Non-Intersection,MITCHELL,NORTHERN REGION,2498227.181,2454636.18,2,1,0,0,1,1,1,1,0,0,1,0,0,1,0,0,0,0,0,0,No,0,2,0,1,1,0,TOWNS,TOWNS,MITCHELL,NORTHERN REGION,,,Local Road,Local Road,Undivided,Undiv,Country,2019,1,11,0
3474307,T20190000182,ABS to receive accident,Finished,4/1/2019,10.00.00,No,Collision with vehicle,Friday,LEFT NEAR (INTERSECTIONS ONLY),No,Day,No,T intersection,Other injury accident,70 km/hr,No,340952,142.20541,-36.73351,Intersection,HORSHAM,WESTERN REGION,2250454.307,2525906.004,2,1,0,0,1,1,2,0,1,0,1,0,0,0,0,0,0,0,0,0,No,0,2,0,1,0,0,SMALL_CITIES,SMALL_CITIES,HORSHAM,WESTERN REGION,A,A,Arterial Highway,"Arterial Highway,Local Road",Undivided,Undiv,Country,2019,1,10,0
3474308,T20190000644,ABS to receive accident,Finished,12/1/2019,01.42.00,Yes,Collision with a fixed object,Friday,PERMANENT OBSTRUCTION ON CARRIAGEWAY,No,Dark Street lights on,Yes,Not at intersection,Serious injury accident,50 km/hr,No,342494,144.68997,-37.88405,Non-Intersection,WYNDHAM,METROPOLITAN NORTH WEST REGION,2472727.682,2401849.846,1,1,0,1,0,0,0,1,0,0,1,0,0,0,0,0,0,0,0,0,No,0,1,0,1,0,0,MELB_URBAN,MELB_URBAN,WYNDHAM,METROPOLITAN NORTH WEST REGION,,,Local Road,Local Road,Undivided,Undiv,Metro,2019,1,01,0
3474309,T20190000655,ABS to receive accident,Finished,12/1/2019,08.20.00,No,Collision with vehicle,Saturday,CROSS TRAFFIC(INTERSECTIONS ONLY),No,Day,Yes,Cross intersection,Other injury accident,80 km/hr,No,58397,145.65988,-35.93455,Intersection,MOIRA,NORTH EASTERN REGION,2559547.375,2618013.316,2,1,0,0,1,1,1,1,0,0,2,0,0,0,0,0,0,0,0,1,No,0,2,0,2,0,0,RURAL_VICTORIA,RURAL_VICTORIA,MOIRA,NORTH EASTERN REGION,B,B,Arterial Highway,"Arterial Highway,Local Road",Undivided,Undiv,Country,2019,1,08,0
3474310,T20190000659,ABS to receive accident,Finished,12/1/2019,09.35.00,No,Vehicle overturned (no collision),Saturday,OFF CARRIAGEWAY ON LEFT BEND,No,Day,Yes,Not at intersection,Serious injury accident,100 km/hr,Yes,341134,145.59373,-37.89951,Non-Intersection,CARDINIA,METROPOLITAN SOUTH EAST REGION,2552218.183,2400015.576,1,1,0,1,0,0,1,0,0,0,0,0,0,1,0,0,0,0,0,0,No,0,1,0,0,1,0,RURAL_VICTORIA,RURAL_VICTORIA,CARDINIA,METROPOLITAN SOUTH EAST REGION,C,C,Arterial Other,Arterial Other,Undivided,Undiv,Metro,2019,1,09,0
3474311,T20190000661,ABS to receive accident,Finished,12/1/2019,10.54.00,No,Collision with a fixed object,Saturday,LEFT OFF CARRIAGEWAY INTO OBJECT/PARKED VEHICLE,No,Day,Yes,Not at intersection,Other injury accident,90 km/hr,Yes,342393,145.00674,-38.34301,Non-Intersection,MORNINGTON PENINSULA,METROPOLITAN SOUTH EAST REGION,2500589.592,2350947.604,1,1,0,0,1,0,1,0,0,0,1,0,0,0,0,0,0,0,0,1,No,0,1,0,1,0,0,RURAL_VICTORIA,RURAL_VICTORIA,MORNINGTON PENINSULA,METROPOLITAN SOUTH EAST REGION,C,C,Arterial Other,Arterial Other,Undivided,Undiv,Metro,2019,1,10,0
3474312,T20190000662,ABS to receive accident,Finished,12/1/2019,11.25.00,No,Collision with vehicle,Friday,U TURN,No,Day,Yes,T intersection,Other injury accident,60 km/hr,No,53647,145.42696,-36.387,Intersection,SHEPPARTON,NORTH EASTERN REGION,2538303.184,2567930.915,3,1,0,0,1,2,1,2,0,1,2,0,0,0,0,0,0,0,0,0,No,0,2,0,2,0,0,SMALL_CITIES,SMALL_CITIES,SHEPPARTON,NORTH EASTERN REGION,A,A,Arterial Highway,"Arterial Highway,Local Road",Divided,"Div,Undiv",Country,2019,1,11,0
3474313,T20190000671,ABS to receive accident,Finished,12/1/2019,13.15.00,No,Collision with vehicle,Saturday,REAR END(VEHICLES IN SAME LANE),No,Day,Yes,T intersection,Other injury accident,80 km/hr,No,56255,145.0879,-38.39074,Intersection,MORNINGTON PENINSULA,METROPOLITAN SOUTH EAST REGION,2507680.122,2345645.143,7,1,0,0,1,6,4,3,0,4,2,0,0,1,0,0,0,0,0,0,No,0,3,0,2,1,0,RURAL_VICTORIA,RURAL_VICTORIA,MORNINGTON PENINSULA,METROPOLITAN SOUTH EAST REGION,C,C,Arterial Other,"Arterial Other,Local Road",Undivided,Undiv,Metro,2019,1,13,0
3474314,T20190000674,ABS to receive accident,Finished,12/1/2019,09.05.00,No,Collision with vehicle,Saturday,REAR END(VEHICLES IN SAME LANE),No,Day,Yes,Not at intersection,Serious injury accident,80 km/hr,No,331835,144.82994,-37.82219,Non-Intersection,BRIMBANK,METROPOLITAN NORTH WEST REGION,2485027.574,2408746.133,4,1,0,1,0,3,3,1,0,0,4,0,0,0,0,0,0,0,0,0,No,0,4,0,4,0,0,MELB_URBAN,MELB_URBAN,"HOBSONS BAY,BRIMBANK",METROPOLITAN NORTH WEST REGION,,,Arterial Highway,"Arterial Highway,Arterial Other",Divided,Div,Metro,2019,1,09,0
3474315,T20190000675,ABS to receive accident,Finished,7/1/2019,13.44.00,No,Collision with vehicle,Monday,CROSS TRAFFIC(INTERSECTIONS ONLY),No,Day,Yes,Cross intersection,Other injury accident,60 km/hr,No,685,145.03766,-37.88888,Intersection,GLEN EIRA,METROPOLITAN SOUTH EAST REGION,2503312.713,2401357.275,3,2,0,0,2,1,1,2,0,0,3,0,0,0,0,0,0,0,0,0,No,0,3,0,3,0,0,MELB_URBAN,MELB_URBAN,GLEN EIRA,METROPOLITAN SOUTH EAST REGION,,,Local Road,Local Road,Undivided,Undiv,Metro,2019,1,13,0
3474316,T20190000676,ABS to receive accident,Finished,12/1/2019,10.00.00,No,Collision with vehicle,Saturday,HEAD ON (NOT OVERTAKING),No,Day,Yes,Not at intersection,Serious injury accident,100 km/hr,No,342012,146.43211,-38.01642,Non-Intersection,BAW BAW,EASTERN REGION,2625753.473,2386255.258,2,1,0,1,0,1,2,0,0,0,1,0,0,1,0,0,0,0,0,0,No,1,2,0,1,1,0,RURAL_VICTORIA,RURAL_VICTORIA,BAW BAW,"EASTERN REGION,EASTERN REGION",,,Local Road,Local Road,Undivided,Undiv,Country,2019,1,10,0
3474317,T20190000678,ABS to receive accident,Finished,12/1/2019,14.51.00,No,Struck Pedestrian,Friday,PED EMERGES FROM IN FRONT OF PARKED OR STATIONARY VEHICLE,No,Day,Yes,T intersection,Other injury accident,40 km/hr,No,45649,144.96533,-37.74858,Intersection,MORELAND,METROPOLITAN NORTH WEST REGION,2496944.669,2416928.755,4,1,0,0,1,3,2,2,0,2,1,1,0,0,0,0,0,1,0,0,No,0,1,0,1,0,0,MELB_URBAN,MELB_URBAN,MORELAND,METROPOLITAN NORTH WEST REGION,,,Arterial Other,"Arterial Other,Local Road",Undivided,Undiv,Metro,2019,1,14,0
3474318,T20190000679,ABS to receive accident,Finished,12/1/2019,14.50.00,Yes,Collision with a fixed object,Saturday,OFF LEFT BEND INTO OBJECT/PARKED VEHICLE,No,Day,Yes,Not at intersection,Other injury accident,100 km/hr,Yes,341226,144.20547,-36.699,Non-Intersection,BENDIGO,NORTHERN REGION,2429010.747,2533102.011,1,1,0,0,1,0,1,0,0,0,1,0,0,0,0,0,0,0,0,0,No,0,1,0,1,0,0,RURAL_VICTORIA,RURAL_VICTORIA,BENDIGO,NORTHERN REGION,B,B,Arterial Highway,Arterial Highway,Undivided,Undiv,Country,2019,1,14,0
3474319,T20190000682,ABS to receive accident,Finished,12/1/2019,16.04.00,Yes,Collision with vehicle,Saturday,REAR END(VEHICLES IN SAME LANE),No,Day,Yes,Not at intersection,Other injury accident,60 km/hr,No,341159,145.03709,-37.91824,Non-Intersection,GLEN EIRA,METROPOLITAN SOUTH EAST REGION,2503260.903,2398098.323,7,1,0,0,1,6,4,3,0,4,3,0,0,0,0,0,0,0,0,0,No,0,3,0,3,0,0,MELB_URBAN,MELB_URBAN,GLEN EIRA,METROPOLITAN SOUTH EAST REGION,,,Arterial Other,Arterial Other,Undivided,Undiv,Metro,2019,1,16,0
3474320,T20190000684,ABS to receive accident,Finished,12/1/2019,15.00.00,No,Collision with vehicle,Friday,REAR END(VEHICLES IN SAME LANE),No,Day,No,Cross intersection,Other injury accident,40 km/hr,No,37906,144.99781,-37.77524,Intersection,DAREBIN,METROPOLITAN NORTH WEST REGION,2499807.305,2413970.938,2,1,0,0,1,1,1,0,0,0,2,0,0,0,0,0,0,0,0,0,No,0,2,0,2,0,0,MELB_URBAN,MELB_URBAN,DAREBIN,METROPOLITAN NORTH WEST REGION,,,Local Road,Local Road,Undivided,Undiv,Metro,2019,1,15,0
3474347,T20190000185,ABS to receive accident,Finished,4/1/2019,13.00.00,No,Struck Pedestrian,Friday,VEH STRIKES PED ON FOOTPATH/MEDIAN/TRAFFIC ISLAND.,No,Day,Yes,Cross intersection,Other injury accident,60 km/hr,No,39558,145.19366,-37.81637,Intersection,WHITEHORSE,METROPOLITAN SOUTH EAST REGION,2517050.991,2409388.617,2,1,0,0,1,1,1,1,0,0,1,1,0,0,0,0,0,0,0,0,No,0,1,0,1,0,0,MELB_URBAN,MELB_URBAN,WHITEHORSE,METROPOLITAN SOUTH EAST REGION,,,Arterial Highway,"Arterial Highway,Arterial Other",Divided,"Div,Undiv",Metro,2019,1,13,0
3474349,T20190000191,ABS to receive accident,Finished,4/1/2019,10.00.00,No,Struck Pedestrian,Thursday,PED NEAR SIDE. PED HIT BY VEHICLE FROM THE RIGHT.,No,Day,Yes,T intersection,Other injury accident,60 km/hr,No,340944,145.15906,-37.67424,Intersection,NILLUMBIK,METROPOLITAN NORTH WEST REGION,2514031.116,2425168.391,3,1,0,0,1,2,0,2,0,1,1,1,0,0,0,0,0,1,0,0,No,1,1,0,1,0,0,MELB_URBAN,MELB_URBAN,NILLUMBIK,METROPOLITAN NORTH WEST REGION,,,Arterial Other,"Arterial Other,Local Road",Undivided,Undiv,Metro,2019,1,10,0
3474351,T20190000197,ABS to receive accident,Finished,4/1/2019,15.04.00,No,Collision with vehicle,Friday,LANE CHANGE RIGHT (NOT OVERTAKING),No,Day,Yes,Not at intersection,Serious injury accident,60 km/hr,No,341556,144.88605,-37.77335,Non-Intersection,MARIBYRNONG,METROPOLITAN NORTH WEST REGION,2489961.124,2414174.602,4,2,0,1,1,2,1,1,0,1,1,0,1,1,0,0,0,0,0,1,No,0,2,0,1,1,0,MELB_URBAN,MELB_URBAN,MARIBYRNONG,METROPOLITAN NORTH WEST REGION,,,Local Road,Local Road,Divided,Div,Metro,2019,1,15,0
3474352,T20190000199,ABS to receive accident,Finished,4/1/2019,12.30.00,No,Collision with a fixed object,Thursday,LEFT OFF CARRIAGEWAY INTO OBJECT/PARKED VEHICLE,No,Day,Yes,Not at intersection,Other injury accident,60 km/hr,Yes,84833,144.86117,-37.80801,Non-Intersection,MARIBYRNONG,METROPOLITAN NORTH WEST REGION,2487775.143,2410324.565,1,1,0,0,1,0,1,0,0,0,1,0,0,0,0,0,0,0,0,0,No,0,1,0,1,0,0,MELB_URBAN,MELB_URBAN,MARIBYRNONG,METROPOLITAN NORTH WEST REGION,,,Arterial Other,Arterial Other,Undivided,Undiv,Metro,2019,1,12,0
3474353,T20190000203,ABS to receive accident,Finished,4/1/2019,15.09.00,No,Collision with vehicle,Friday,CROSS TRAFFIC(INTERSECTIONS ONLY),No,Day,Yes,Cross intersection,Other injury accident,50 km/hr,No,51327,142.77651,-34.58663,Intersection,SWAN HILL,NORTHERN REGION,2295876.883,2765430.122,2,2,0,0,2,0,1,1,0,0,2,0,0,0,0,0,0,0,0,0,No,0,2,0,2,0,0,TOWNS,TOWNS,SWAN HILL,NORTHERN REGION,,,Local Road,Local Road,Divided,"Div,Undiv",Country,2019,1,15,0
3474354,T20190000204,ABS to receive accident,Finished,4/1/2019,14.00.00,No,Vehicle overturned (no collision),Friday,OFF CARRIAGEWAY TO LEFT,No,Day,Yes,Not at intersection,Serious injury accident,75 km/hr,Yes,341155,144.77091,-37.79868,Non-Intersection,BRIMBANK,METROPOLITAN NORTH WEST REGION,2479824.921,2411344.603,1,1,0,1,0,0,0,1,0,0,1,0,0,0,0,0,0,0,0,1,No,0,1,0,1,0,0,MELB_URBAN,MELB_URBAN,BRIMBANK,METROPOLITAN NORTH WEST REGION,,,Arterial Other,Arterial Other,Undivided,Undiv,Metro,2019,1,14,0
3474355,T20190000206,ABS to receive accident,Finished,4/1/2019,15.44.00,No,Collision with vehicle,Friday,RIGHT THROUGH,No,Day,Yes,T intersection,Other injury accident,60 km/hr,No,46621,144.95219,-37.82185,Intersection,MELBOURNE,METROPOLITAN NORTH WEST REGION,2495790.778,2408796.685,2,1,0,0,1,1,1,1,0,0,2,0,0,0,0,0,0,0,0,0,No,0,2,0,2,0,0,MELB_URBAN,MELB_URBAN,MELBOURNE,METROPOLITAN NORTH WEST REGION,,,Arterial Highway,"Arterial Highway,Local Road,Non Arterial",Divided,"Div,Undiv",Metro,2019,1,15,0
3474356,T20190000209,ABS to receive accident,Finished,4/1/2019,18.30.00,Yes,Collision with vehicle,Thursday,REAR END(VEHICLES IN SAME LANE),No,Day,Yes,Cross intersection,Other injury accident,60 km/hr,No,38831,144.93106,-37.79454,Intersection,MELBOURNE,METROPOLITAN NORTH WEST REGION,2493928.604,2411825.958,2,1,0,0,1,1,2,0,0,0,1,0,0,1,0,0,0,0,0,0,No,0,2,0,1,1,0,MELB_URBAN,MELB_URBAN,MELBOURNE,METROPOLITAN NORTH WEST REGION,,,Local Road,Local Road,Undivided,Undiv,Metro,2019,1,18,0
3474357,T20190000211,ABS to receive accident,Finished,4/1/2019,17.31.00,Yes,Collision with vehicle,Friday,REAR END(VEHICLES IN SAME LANE),No,Day,Yes,Cross intersection,Other injury accident,80 km/hr,No,48303,145.14591,-37.98361,Intersection,DANDENONG,METROPOLITAN SOUTH EAST REGION,2512818.506,2390833.337,5,2,0,0,2,3,2,3,0,0,5,0,0,0,0,0,0,0,0,1,No,0,5,0,5,0,0,MELB_URBAN,MELB_URBAN,"KINGSTON,DANDENONG",METROPOLITAN SOUTH EAST REGION,,,Arterial Highway,"Arterial Highway,Arterial Other",Divided,Div,Metro,2019,1,17,0
3474359,T20190000213,ABS to receive accident,Finished,4/1/2019,07.00.00,No,Collision with vehicle,Friday,RIGHT THROUGH,No,Day,Yes,T intersection,Other injury accident,60 km/hr,No,340934,144.92519,-37.69486,Non-Intersection,MORELAND,METROPOLITAN NORTH WEST REGION,2493402.299,2422888.642,3,1,0,0,1,2,1,1,0,1,2,0,0,0,0,0,0,0,0,0,No,0,2,0,2,0,0,MELB_URBAN,MELB_URBAN,MORELAND,METROPOLITAN NORTH WEST REGION,,,Local Road,Local Road,Undivided,Undiv,Metro,2019,1,07,0
3474360,T20190000686,ABS to receive accident,Finished,12/1/2019,16.36.00,Yes,Collision with vehicle,Saturday,RIGHT THROUGH,No,Day,Yes,Cross intersection,Serious injury accident,80 km/hr,No,43917,145.32427,-38.1335,Intersection,CASEY,METROPOLITAN SOUTH EAST REGION,2528430.465,2374157.503,4,4,0,1,3,0,3,1,0,2,2,0,0,0,0,0,0,0,0,0,No,0,2,0,2,0,0,MELB_URBAN,"SMALL_TOWNS,MELB_URBAN",CASEY,METROPOLITAN SOUTH EAST REGION,C,C,Arterial Other,"Arterial Other,Local Road",Undivided,Undiv,Metro,2019,1,16,0
3474361,T20190000688,ABS to receive accident,Finished,12/1/2019,17.30.00,Yes,Collision with vehicle,Saturday,CROSS TRAFFIC(INTERSECTIONS ONLY),No,Day,Yes,Cross intersection,Other injury accident,80 km/hr,No,239081,145.09335,-37.89378,Intersection,MONASH,METROPOLITAN SOUTH EAST REGION,2508210.505,2400809.553,3,1,0,0,1,2,2,1,0,1,2,0,0,0,0,0,0,0,0,1,No,0,2,0,2,0,0,MELB_URBAN,MELB_URBAN,MONASH,METROPOLITAN SOUTH EAST REGION,,,Arterial Highway,"Arterial Highway,Local Road",Divided,"Div,Undiv",Metro,2019,1,17,0