OBJECTID,ACCIDENT_NO,ABS_CODE,ACCIDENT_STATUS,ACCIDENT_DATE,ACCIDENT_TIME,ALCOHOLTIME,ACCIDENT_TYPE,DAY_OF_WEEK,DCA_CODE,HIT_RUN_FLAG,LIGHT_CONDITION,POLICE_ATTEND,ROAD_GEOMETRY,SEVERITY,SPEED_ZONE,RUN_OFFROAD,NODE_ID,LONGITUDE,LATITUDE,NODE_TYPE,LGA_NAME,REGION_NAME,VICGRID_X,VICGRID_Y,TOTAL_PERSONS,INJ_OR_FATAL,FATALITY,SERIOUSINJURY,OTHERINJURY,NONINJURED,MALES,FEMALES,BICYCLIST,PASSENGER,DRIVER,PEDESTRIAN,PILLION,MOTORIST,UNKNOWN,PED_CYCLIST_5_12,PED_CYCLIST_13_18,OLD_PEDESTRIAN,OLD_DRIVER,YOUNG_DRIVER,ALCOHOL_RELATED,UNLICENCSED,NO_OF_VEHICLES,HEAVYVEHICLE,PASSENGERVEHICLE,MOTORCYCLE,PUBLICVEHICLE,DEG_URBAN_NAME,DEG_URBAN_ALL,LGA_NAME_ALL,REGION_NAME_ALL,SRNS,SRNS_ALL,RMA,RMA_ALL,DIVIDED,DIVIDED_ALL,STAT_DIV_NAME,Year,Month,Hour,ALCOHOL_RELATED
3474362,T20190000690,ABS to receive accident,Finished,12/1/2019,18.08.00,Yes,Collision with vehicle,Saturday,CROSS TRAFFIC(INTERSECTIONS ONLY),No,Day,Yes,Not at intersection,Other injury accident,50 km/hr,No,341146,145.0903,-37.91011,Non-Intersection,MONASH,METROPOLITAN SOUTH EAST REGION,2507940.551,2398997.878,2,1,0,0,1,1,1,1,1,0,1,0,0,0,0,1,0,0,0,0,No,0,2,0,1,0,0,MELB_URBAN,MELB_URBAN,MONASH,METROPOLITAN SOUTH EAST REGION,,,Arterial Highway,Arterial Highway,Undivided,Undiv,Metro,2019,1,18,0
3474363,T20190000692,ABS to receive accident,Finished,12/1/2019,19.45.00,Yes,Collision with vehicle,Saturday,LANE CHANGE RIGHT (NOT OVERTAKING),No,Day,Yes,Not at intersection,Other injury accident,80 km/hr,No,341107,144.89545,-37.73516,Non-Intersection,MOONEE VALLEY,METROPOLITAN NORTH WEST REGION,2490784.702,2418413.982,2,1,0,0,1,1,2,0,0,0,1,0,0,1,0,0,0,0,0,1,No,0,2,0,1,1,0,MELB_URBAN,MELB_URBAN,MOONEE VALLEY,METROPOLITAN NORTH WEST REGION,M,M,Freeway,Freeway,Undivided,Undiv,Metro,2019,1,19,0
3474364,T20190000696,ABS to receive accident,Finished,12/1/2019,21.55.00,Yes,Struck Pedestrian,Saturday,PED NEAR SIDE. PED HIT BY VEHICLE FROM THE RIGHT.,No,Dark Street lights on,Yes,Not at intersection,Serious injury accident,60 km/hr,No,341877,145.25672,-37.79462,Non-Intersection,MAROONDAH,METROPOLITAN SOUTH EAST REGION,2522609.907,2411789.297,3,1,0,1,0,2,2,1,0,1,1,1,0,0,0,0,0,0,0,0,No,0,1,0,1,0,0,MELB_URBAN,MELB_URBAN,MAROONDAH,METROPOLITAN SOUTH EAST REGION,,,Local Road,Local Road,Undivided,Undiv,Metro,2019,1,21,0
3474365,T20190000697,ABS to receive accident,Finished,12/1/2019,22.15.00,Yes,Collision with a fixed object,Saturday,RIGHT OFF CARRIAGEWAY INTO OBJECT/PARKED VEHICLE,No,Dark No street lights,Yes,Not at intersection,Other injury accident,100 km/hr,Yes,341411,143.73428,-37.66654,Non-Intersection,GOLDEN PLAINS,SOUTH WESTERN REGION,2388340.211,2425292.495,2,2,0,0,2,0,0,2,0,1,1,0,0,0,0,0,0,0,0,0,No,0,1,0,1,0,0,RURAL_VICTORIA,RURAL_VICTORIA,GOLDEN PLAINS,SOUTH WESTERN REGION,,,Local Road,Local Road,Undivided,Undiv,Country,2019,1,22,0
3474366,T20190000698,ABS to receive accident,Finished,12/1/2019,22.30.00,Yes,Collision with a fixed object,Friday,LEFT OFF CARRIAGEWAY INTO OBJECT/PARKED VEHICLE,No,Dark Street lights on,Yes,Not at intersection,Serious injury accident,70 km/hr,Yes,341218,144.35472,-38.11458,Non-Intersection,GEELONG,SOUTH WESTERN REGION,2443410.103,2376113.758,2,1,0,1,0,1,1,1,0,1,1,0,0,0,0,0,0,0,0,0,No,0,1,0,1,0,0,LARGE_PROVINCIAL_CITIES,LARGE_PROVINCIAL_CITIES,GEELONG,SOUTH WESTERN REGION,A,A,Arterial Highway,Arterial Highway,Divided,Div,Country,2019,1,22,0
3474367,T20190000699,ABS to receive accident,Finished,13/1/2019,00.14.00,Yes,Collision with vehicle,Sunday,LEFT OFF CARRIAGEWAY INTO OBJECT/PARKED VEHICLE,No,Dark No street lights,Yes,Not at intersection,Other injury accident,60 km/hr,Yes,342437,145.28518,-37.84821,Non-Intersection,KNOX,METROPOLITAN SOUTH EAST REGION,2525098.209,2405833.645,1,1,0,0,1,0,1,0,0,0,1,0,0,0,0,0,0,0,0,0,No,0,3,0,2,0,0,MELB_URBAN,MELB_URBAN,KNOX,METROPOLITAN SOUTH EAST REGION,,,Local Road,Local Road,Undivided,Undiv,Metro,2019,1,00,0
3474368,T20190000701,ABS to receive accident,Finished,13/1/2019,01.24.00,Yes,Struck Pedestrian,Sunday,FAR SIDE. PED HIT BY VEHICLE FROM THE LEFT,No,Dark Street lights on,Yes,Cross intersection,Other injury accident,60 km/hr,No,36430,144.97488,-37.79795,Intersection,MELBOURNE,METROPOLITAN NORTH WEST REGION,2497787.479,2411449.48,2,1,0,0,1,1,2,0,0,0,1,1,0,0,0,0,0,0,0,0,No,0,1,0,1,0,0,MELB_URBAN,MELB_URBAN,"YARRA,MELBOURNE",METROPOLITAN NORTH WEST REGION,,,Arterial Other,"Arterial Other,Local Road",Divided,"Div,Undiv",Metro,2019,1,01,0
3474369,T20190000704,ABS to receive accident,Finished,12/1/2019,23.35.00,Yes,Collision with a fixed object,Saturday,OUT OF CONTROL (OVERTAKING),No,Dark No street lights,Yes,Not at intersection,Other injury accident,60 km/hr,Yes,341132,145.34566,-37.89086,Non-Intersection,YARRA RANGES,METROPOLITAN SOUTH EAST REGION,2530404.053,2401082.527,1,1,0,0,1,0,1,0,0,0,1,0,0,0,0,0,0,0,0,0,No,0,1,0,1,0,0,MELB_URBAN,MELB_URBAN,YARRA RANGES,METROPOLITAN SOUTH EAST REGION,,,Local Road,Local Road,Undivided,Undiv,Metro,2019,1,23,0
3474370,T20190000708,ABS to receive accident,Finished,13/1/2019,06.15.00,Yes,Other accident,Sunday,OTHER ACCIDENTS NOT CLASSIFIABLE ELSEWHERE,Not known,Unk.,No,Not at intersection,Other injury accident,Not known,No,341138,144.96672,-37.81766,Non-Intersection,MELBOURNE,METROPOLITAN NORTH WEST REGION,2497069.725,2409261.662,1,1,0,0,1,0,1,0,1,0,0,0,0,0,0,0,0,0,0,0,No,0,1,0,0,0,0,MELBOURNE_CBD,"MELBOURNE_CBD,MELB_URBAN",MELBOURNE,METROPOLITAN NORTH WEST REGION,,,Local Road,Local Road,Undivided,Undiv,Metro,2019,1,06,0
3474371,T20190000709,ABS to receive accident,Finished,13/1/2019,05.51.00,Yes,Struck Pedestrian,Sunday,PED WALKING WITH TRAFFIC,No,Dark Street lights on,Yes,Not at intersection,Other injury accident,40 km/hr,No,341294,144.97895,-37.79548,Non-Intersection,YARRA,METROPOLITAN NORTH WEST REGION,2498146.074,2411724.39,2,1,0,0,1,1,1,1,0,0,1,1,0,0,0,0,0,0,0,1,No,0,1,0,1,0,0,MELB_URBAN,MELB_URBAN,YARRA,METROPOLITAN NORTH WEST REGION,,,Local Road,Local Road,Undivided,Undiv,Metro,2019,1,05,0
3474372,T20190000710,ABS to receive accident,Finished,13/1/2019,02.40.00,No,Struck Pedestrian,,FAR SIDE. PED HIT BY VEHICLE FROM THE LEFT,No,Dark Street lights on,Yes,Not at intersection,Other injury accident,60 km/hr,No,342044,145.00005,-37.82592,Non-Intersection,YARRA,METROPOLITAN NORTH WEST REGION,2500003.966,2408345.686,2,1,0,0,1,1,1,1,0,0,1,1,0,0,0,0,0,0,0,1,No,0,1,0,1,0,0,MELB_URBAN,MELB_URBAN,YARRA,METROPOLITAN NORTH WEST REGION,,,Arterial Other,Arterial Other,Undivided,Undiv,Metro,2019,1,02,0
3474399,T20190000215,ABS to receive accident,Finished,4/1/2019,18.42.00,Yes,Collision with a fixed object,Friday,LEFT OFF CARRIAGEWAY INTO OBJECT/PARKED VEHICLE,No,Day,Yes,Not at intersection,Other injury accident,100 km/hr,Yes,341331,144.0884,-36.57083,Non-Intersection,LODDON,NORTHERN REGION,2418414.965,2547228.71,1,1,0,0,1,0,0,1,0,0,1,0,0,0,0,0,0,0,0,0,No,0,1,0,1,0,0,RURAL_VICTORIA,RURAL_VICTORIA,LODDON,NORTHERN REGION,B,B,Arterial Highway,Arterial Highway,Undivided,Undiv,Country,2019,1,18,0
3474400,T20190000217,ABS to receive accident,Finished,4/1/2019,19.30.00,Yes,Collision with a fixed object,Friday,OFF RIGHT BEND INTO OBJECT/PARKED VEHICLE,No,Day,Yes,Not at intersection,Other injury accident,100 km/hr,Yes,341677,145.8438,-38.36922,Non-Intersection,SOUTH GIPPSLAND,EASTERN REGION,2573749.105,2347711.507,3,1,0,0,1,2,2,1,0,2,1,0,0,0,0,0,0,0,0,1,No,0,1,0,1,0,0,RURAL_VICTORIA,RURAL_VICTORIA,SOUTH GIPPSLAND,"EASTERN REGION,EASTERN REGION",C,C,Arterial Other,Arterial Other,Undivided,Undiv,Country,2019,1,19,0
3474401,T20190000219,ABS to receive accident,Finished,4/1/2019,19.40.00,Yes,Collision with a fixed object,Thursday,OFF END OF ROAD/T-INTERSECTION.,No,Day,Yes,T intersection,Other injury accident,60 km/hr,No,341049,144.37902,-38.05545,Intersection,GEELONG,SOUTH WESTERN REGION,2445498.21,2382692.064,1,1,0,0,1,0,1,0,0,0,1,0,0,0,0,0,0,0,0,0,No,0,1,0,1,0,0,LARGE_PROVINCIAL_CITIES,LARGE_PROVINCIAL_CITIES,GEELONG,SOUTH WESTERN REGION,,,Local Road,Local Road,Undivided,Undiv,Country,2019,1,19,0
3474402,T20190000222,ABS to receive accident,Finished,4/1/2019,20.53.00,Yes,Collision with a fixed object,Friday,LEFT OFF CARRIAGEWAY INTO OBJECT/PARKED VEHICLE,No,Dark Street lights on,Yes,Cross intersection,Serious injury accident,80 km/hr,Yes,29775,145.18924,-38.23858,Intersection,MORNINGTON PENINSULA,METROPOLITAN SOUTH EAST REGION,2516568.937,2362525.164,6,4,0,4,0,2,3,1,0,4,2,0,0,0,0,0,0,0,0,1,Yes,0,2,0,2,0,0,MELB_URBAN,"RURAL_VICTORIA,MELB_URBAN",MORNINGTON PENINSULA,METROPOLITAN SOUTH EAST REGION,C,C,Arterial Other,"Arterial Other,Local Road",Undivided,Undiv,Metro,2019,1,20,1
3474403,T20190000223,ABS to receive accident,Finished,5/1/2019,03.19.00,Yes,Collision with vehicle,Saturday,VEHICLE OFF FOOTPATH STRIKES VEH ON CARRIAGEWAY,No,Dark Street lights on,Yes,T intersection,Other injury accident,40 km/hr,No,258473,146.8897,-36.12604,Intersection,WODONGA,NORTH EASTERN REGION,2670093.531,2595283.775,4,1,0,0,1,3,2,0,0,1,1,0,1,1,0,0,0,0,0,0,No,1,2,0,1,1,0,SMALL_CITIES,SMALL_CITIES,WODONGA,NORTH EASTERN REGION,,,Local Road,Local Road,Undivided,Undiv,Country,2019,1,03,0
3474404,T20190000224,ABS to receive accident,Finished,5/1/2019,03.40.00,Yes,Collision with a fixed object,Friday,RIGHT OFF CARRIAGEWAY INTO OBJECT/PARKED VEHICLE,No,Dark No street lights,Yes,T intersection,Other injury accident,60 km/hr,Yes,66175,145.36414,-37.8199,Intersection,YARRA RANGES,METROPOLITAN SOUTH EAST REGION,2532059.593,2408952.001,2,2,0,0,2,0,2,0,0,1,1,0,0,0,0,0,0,0,0,1,No,0,1,0,1,0,0,MELB_URBAN,MELB_URBAN,YARRA RANGES,METROPOLITAN SOUTH EAST REGION,C,C,Arterial Other,"Arterial Other,Local Road",Undivided,Undiv,Metro,2019,1,03,0
3474405,T20190000226,ABS to receive accident,Finished,4/1/2019,14.45.00,No,Struck Pedestrian,Thursday,PED NEAR SIDE. PED HIT BY VEHICLE FROM THE RIGHT.,No,Day,Yes,Not at intersection,Serious injury accident,50 km/hr,No,341947,144.74358,-38.33846,Non-Intersection,MORNINGTON PENINSULA,METROPOLITAN SOUTH EAST REGION,2477578.916,2351422.607,3,1,0,1,0,2,2,1,0,1,1,1,0,0,0,0,0,0,0,1,No,0,1,0,1,0,0,MELB_URBAN,MELB_URBAN,MORNINGTON PENINSULA,METROPOLITAN SOUTH EAST REGION,B,B,Arterial Highway,Arterial Highway,Undivided,Undiv,Metro,2019,1,14,0
3474406,T20190000227,ABS to receive accident,Finished,4/1/2019,09.45.00,No,Collision with vehicle,Thursday,REAR END(VEHICLES IN SAME LANE),No,Day,No,T intersection,Other injury accident,60 km/hr,No,252346,144.7088,-37.83621,Intersection,WYNDHAM,METROPOLITAN NORTH WEST REGION,2474367.818,2407163.886,2,1,0,0,1,1,2,0,0,0,2,0,0,0,0,0,0,0,0,0,No,0,2,0,2,0,0,MELB_URBAN,"RURAL_VICTORIA,MELB_URBAN",WYNDHAM,METROPOLITAN NORTH WEST REGION,,,Local Road,Local Road,Undivided,Undiv,Metro,2019,1,09,0
3474408,T20190000231,ABS to receive accident,Finished,5/1/2019,09.30.00,No,Collision with vehicle,Friday,REAR END(VEHICLES IN SAME LANE),No,Day,No,Not at intersection,Other injury accident,60 km/hr,No,341219,144.99227,-37.87653,Non-Intersection,PORT PHILLIP,METROPOLITAN NORTH WEST REGION,2499320.14,2402728.296,2,1,0,0,1,1,1,1,0,0,1,0,0,1,0,0,0,0,0,0,No,0,2,0,1,1,0,MELB_URBAN,MELB_URBAN,PORT PHILLIP,METROPOLITAN NORTH WEST REGION,,,Arterial Highway,Arterial Highway,Undivided,Undiv,Metro,2019,1,09,0
3474409,T20190000232,ABS to receive accident,Finished,5/1/2019,10.35.00,No,Collision with vehicle,Saturday,LEFT THROUGH,No,Day,Yes,Not at intersection,Serious injury accident,80 km/hr,No,342503,146.41974,-38.23967,Non-Intersection,LATROBE,EASTERN REGION,2624297.753,2361493.316,2,2,0,2,0,0,2,0,0,0,2,0,0,0,0,0,0,0,0,0,No,0,2,0,2,0,0,SMALL_CITIES,SMALL_CITIES,LATROBE,"EASTERN REGION,EASTERN REGION",C,C,Arterial Other,Arterial Other,Divided,Div,Country,2019,1,10,0
3474410,T20190000234,ABS to receive accident,Finished,5/1/2019,11.10.00,No,Collision with vehicle,Friday,CROSS TRAFFIC(INTERSECTIONS ONLY),No,Day,Yes,Cross intersection,Other injury accident,60 km/hr,No,29537,145.03032,-37.79912,Intersection,BOROONDARA,METROPOLITAN SOUTH EAST REGION,2502669.934,2411319.544,2,1,0,0,1,1,2,0,1,0,1,0,0,0,0,0,0,0,0,0,No,0,2,0,1,0,0,MELB_URBAN,MELB_URBAN,BOROONDARA,METROPOLITAN SOUTH EAST REGION,,,Arterial Other,"Arterial Other,Local Road",Undivided,Undiv,Metro,2019,1,11,0
3474411,T20190000235,ABS to receive accident,Finished,4/1/2019,16.00.00,Yes,Collision with vehicle,Friday,REAR END(VEHICLES IN SAME LANE),No,Day,No,Not at intersection,Other injury accident,80 km/hr,No,340987,145.2116,-38.11936,Non-Intersection,FRANKSTON,METROPOLITAN SOUTH EAST REGION,2518555.616,2375754.901,3,1,0,0,1,2,2,1,0,0,3,0,0,0,0,0,0,0,0,1,No,0,3,0,3,0,0,MELB_URBAN,MELB_URBAN,FRANKSTON,METROPOLITAN SOUTH EAST REGION,,,Arterial Other,Arterial Other,Undivided,Undiv,Metro,2019,1,16,0
3474412,T20190000712,ABS to receive accident,Finished,10/1/2019,19.00.00,Yes,Struck Pedestrian,Wednesday,PED NEAR SIDE. PED HIT BY VEHICLE FROM THE RIGHT.,No,Day,No,Cross intersection,Other injury accident,60 km/hr,No,36103,144.94777,-37.80498,Intersection,MELBOURNE,METROPOLITAN NORTH WEST REGION,2495401.031,2410668.042,2,1,0,0,1,1,1,0,0,0,0,1,0,0,1,0,0,0,0,0,No,0,1,0,0,0,0,MELB_URBAN,MELB_URBAN,MELBOURNE,METROPOLITAN NORTH WEST REGION,,,Arterial Other,"Arterial Other,Local Road",Divided,Div,Metro,2019,1,19,0
3474413,T20190000715,ABS to receive accident,Finished,8/1/2019,14.45.00,No,Struck Pedestrian,Monday,PED ON FOOTHPATH STRUCK BY VEHENTERING/LEAVING DRIVEWAY.,No,Day,No,Not at intersection,Other injury accident,50 km/hr,No,341863,143.81992,-37.5444,Non-Intersection,BALLARAT,WESTERN REGION,2395726.366,2438942.854,2,1,0,0,1,1,1,1,0,0,1,1,0,0,0,0,0,0,0,0,No,0,1,0,1,0,0,LARGE_PROVINCIAL_CITIES,LARGE_PROVINCIAL_CITIES,BALLARAT,WESTERN REGION,,,Local Road,Local Road,Undivided,Undiv,Country,2019,1,14,0
3474414,T20190000719,ABS to receive accident,Finished,13/1/2019,11.00.00,No,Collision with vehicle,Sunday,OTHER SAME DIRECTION-MANOUEVRES NOT INCLUDED IN DCAs 130-137,No,Day,Yes,Not at intersection,Serious injury accident,80 km/hr,No,341139,145.0886,-37.69082,Non-Intersection,NILLUMBIK,METROPOLITAN NORTH WEST REGION,2507814.314,2423335.627,2,1,0,1,0,1,1,1,0,0,0,0,0,2,0,0,0,0,0,0,No,0,2,0,0,2,0,MELB_URBAN,MELB_URBAN,NILLUMBIK,METROPOLITAN NORTH WEST REGION,M,M,Freeway,Freeway,Divided,Div,Metro,2019,1,11,0
3474415,T20190000720,ABS to receive accident,Finished,13/1/2019,07.00.00,Yes,Collision with a fixed object,Sunday,OFF LEFT BEND INTO OBJECT/PARKED VEHICLE,No,Day,Yes,Not at intersection,Fatal accident,60 km/hr,Yes,341129,145.37318,-36.40425,Non-Intersection,SHEPPARTON,NORTH EASTERN REGION,2533471.788,2566036.671,1,1,1,0,0,0,1,0,0,0,0,0,0,1,0,0,0,0,0,0,No,0,1,0,0,1,0,SMALL_CITIES,SMALL_CITIES,SHEPPARTON,NORTH EASTERN REGION,,,Local Road,Local Road,Undivided,Undiv,Country,2019,1,07,0
3474416,T20190000721,ABS to receive accident,Finished,13/1/2019,10.01.00,No,Collision with a fixed object,Sunday,OUT OF CONTROL (OVERTAKING),No,Day,Yes,Not at intersection,Other injury accident,50 km/hr,Yes,341418,144.90829,-37.7694,Non-Intersection,MOONEE VALLEY,METROPOLITAN NORTH WEST REGION,2491919.998,2414614.511,1,1,0,0,1,0,1,0,0,0,1,0,0,0,0,0,0,0,0,0,No,0,1,0,1,0,0,MELB_URBAN,MELB_URBAN,MOONEE VALLEY,METROPOLITAN NORTH WEST REGION,,,Local Road,Local Road,Undivided,Undiv,Metro,2019,1,10,0
3474417,T20190000722,ABS to receive accident,Finished,13/1/2019,11.47.00,No,Collision with vehicle,,REAR END(VEHICLES IN SAME LANE),No,Day,Yes,Not at intersection,Other injury accident,100 km/hr,No,341154,145.16493,-38.08796,Non-Intersection,FRANKSTON,METROPOLITAN SOUTH EAST REGION,2514469.064,2379248.709,3,1,0,0,1,2,2,1,0,0,3,0,0,0,0,0,0,0,0,2,No,0,3,0,3,0,0,MELB_URBAN,MELB_URBAN,FRANKSTON,METROPOLITAN SOUTH EAST REGION,M,M,Freeway,Freeway,Divided,Div,Metro,2019,1,11,0
3474418,T20190000723,ABS to receive accident,Finished,13/1/2019,12.41.00,No,Collision with vehicle,,REAR END(VEHICLES IN SAME LANE),No,Day,Yes,T intersection,Other injury accident,60 km/hr,No,56086,144.75137,-37.75205,Intersection,MELTON,METROPOLITAN NORTH WEST REGION,2478090.686,2416516.001,3,1,0,0,1,2,2,1,0,0,3,0,0,0,0,0,0,0,0,1,No,0,3,0,3,0,0,MELB_URBAN,MELB_URBAN,MELTON,METROPOLITAN NORTH WEST REGION,,,Local Road,Local Road,Divided,"Div,Undiv",Metro,2019,1,12,0
3474420,T20190000725,ABS to receive accident,Finished,12/1/2019,22.00.00,Yes,Collision with vehicle,Saturday,REAR END(VEHICLES IN SAME LANE),No,Dark Street lights on,Yes,T intersection,Serious injury accident,70 km/hr,No,341571,144.807,-38.36764,Intersection,MORNINGTON PENINSULA,METROPOLITAN SOUTH EAST REGION,2483130.67,2348196.192,8,3,0,1,2,5,6,1,0,5,3,0,0,0,0,0,0,0,0,1,No,0,3,0,3,0,0,MELB_URBAN,MELB_URBAN,MORNINGTON PENINSULA,METROPOLITAN SOUTH EAST REGION,,,Local Road,Local Road,Undivided,Undiv,Metro,2019,1,22,0
3474421,T20190000726,ABS to receive accident,Finished,13/1/2019,11.35.00,No,Collision with vehicle,Sunday,RIGHT THROUGH,No,Day,Yes,T intersection,Other injury accident,100 km/hr,No,341675,145.76622,-38.41065,Intersection,SOUTH GIPPSLAND,EASTERN REGION,2566931.596,2343169.363,6,2,0,0,2,4,4,2,0,3,3,0,0,0,0,0,0,0,0,0,No,0,3,1,2,0,0,RURAL_VICTORIA,RURAL_VICTORIA,SOUTH GIPPSLAND,"EASTERN REGION,EASTERN REGION",A,A,Arterial Highway,"Arterial Highway,Local Road",Undivided,Undiv,Country,2019,1,11,0
3474422,T20190000729,ABS to receive accident,Finished,13/1/2019,13.10.00,No,Collision with vehicle,,RIGHT THROUGH,No,Day,Yes,T intersection,Other injury accident,60 km/hr,No,29915,144.93408,-37.80954,Intersection,MELBOURNE,METROPOLITAN NORTH WEST REGION,2494195.041,2410161.704,6,3,0,0,3,3,3,3,0,4,2,0,0,0,0,0,0,0,0,0,No,0,2,0,2,0,0,MELB_URBAN,MELB_URBAN,MELBOURNE,METROPOLITAN NORTH WEST REGION,M,M,Freeway,"Freeway,Arterial Highway",Divided,"Div,Undiv",Metro,2019,1,13,0
3474423,T20190000730,ABS to receive accident,Finished,13/1/2019,12.05.00,No,Collision with vehicle,Sunday,RIGHT THROUGH,No,Day,Yes,Cross intersection,Other injury accident,80 km/hr,No,38731,145.06626,-37.68831,Intersection,WHITTLESEA,METROPOLITAN NORTH WEST REGION,2505843.758,2423616.548,7,3,0,0,3,4,1,6,0,5,2,0,0,0,0,0,0,0,0,0,No,0,2,0,2,0,0,MELB_URBAN,MELB_URBAN,WHITTLESEA,METROPOLITAN NORTH WEST REGION,,,Arterial Highway,"Arterial Highway,Local Road",Divided,"Div,Undiv",Metro,2019,1,12,0
3474424,T20190000731,ABS to receive accident,Finished,13/1/2019,14.15.00,No,Collision with vehicle,Sunday,RIGHT THROUGH,No,Day,Yes,Not at intersection,Other injury accident,60 km/hr,No,341372,144.84183,-37.77077,Non-Intersection,BRIMBANK,METROPOLITAN NORTH WEST REGION,2486064.838,2414454.621,3,1,0,0,1,2,1,1,0,1,2,0,0,0,0,0,0,0,0,1,No,0,2,0,2,0,0,MELB_URBAN,MELB_URBAN,BRIMBANK,METROPOLITAN NORTH WEST REGION,,,Local Road,Local Road,Undivided,Undiv,Metro,2019,1,14,0
3474451,T20190000238,ABS to receive accident,Finished,5/1/2019,09.45.00,No,Collision with vehicle,Saturday,LEFT NEAR (INTERSECTIONS ONLY),No,Day,Yes,T intersection,Other injury accident,60 km/hr,No,40711,145.13412,-37.84238,Intersection,WHITEHORSE,METROPOLITAN SOUTH EAST REGION,2511804.578,2406510.138,2,1,0,0,1,1,0,2,0,0,2,0,0,0,0,0,0,0,0,1,No,0,2,0,2,0,0,MELB_URBAN,MELB_URBAN,WHITEHORSE,METROPOLITAN SOUTH EAST REGION,,,Arterial Other,"Arterial Other,Local Road",Undivided,Undiv,Metro,2019,1,09,0
3474452,T20190000239,ABS to receive accident,Finished,5/1/2019,12.40.00,No,Collision with a fixed object,Saturday,LEFT OFF CARRIAGEWAY INTO OBJECT/PARKED VEHICLE,No,Day,Yes,Not at intersection,Other injury accident,60 km/hr,Yes,341162,145.4436,-37.92257,Non-Intersection,CARDINIA,METROPOLITAN SOUTH EAST REGION,2539002.21,2397527.994,3,2,0,0,2,1,0,3,0,2,1,0,0,0,0,0,0,0,0,0,No,0,1,0,1,0,0,MELB_URBAN,MELB_URBAN,CARDINIA,METROPOLITAN SOUTH EAST REGION,C,C,Arterial Other,Arterial Other,Undivided,Undiv,Metro,2019,1,12,0
3474453,T20190000241,ABS to receive accident,Finished,5/1/2019,01.20.00,Yes,collision with some other object,Friday,STRUCK OBJECT ON CARRIAGEWAY,No,Dark Street lights unknown,No,Not at intersection,Other injury accident,80 km/hr,No,340982,145.22303,-37.71376,Non-Intersection,NILLUMBIK,METROPOLITAN NORTH WEST REGION,2519663.844,2420770.299,1,1,0,0,1,0,1,0,0,0,1,0,0,0,0,0,0,0,0,0,No,0,1,0,1,0,0,RURAL_VICTORIA,RURAL_VICTORIA,NILLUMBIK,METROPOLITAN NORTH WEST REGION,,,Arterial Other,Arterial Other,Undivided,Undiv,Metro,2019,1,01,0
3474454,T20190000242,ABS to receive accident,Finished,5/1/2019,13.15.00,No,Collision with vehicle,Saturday,RIGHT THROUGH,No,Day,Yes,Cross intersection,Serious injury accident,60 km/hr,No,42744,145.05779,-37.96567,Intersection,KINGSTON,METROPOLITAN SOUTH EAST REGION,2505078.566,2392833.684,3,2,0,2,0,1,2,1,0,1,2,0,0,0,0,0,0,0,1,1,No,0,2,0,2,0,0,MELB_URBAN,MELB_URBAN,KINGSTON,METROPOLITAN SOUTH EAST REGION,,,Arterial Highway,"Arterial Highway,Local Road,Arterial Other",Divided,"Div,Undiv",Metro,2019,1,13,0
3474455,T20190000245,ABS to receive accident,Finished,5/1/2019,13.00.00,No,Collision with vehicle,Saturday,RIGHT THROUGH,No,Day,Yes,T intersection,Other injury accident,100 km/hr,No,15454,144.60883,-38.26096,Intersection,GEELONG,SOUTH WESTERN REGION,2465762.009,2359986.189,7,1,0,0,1,6,2,5,0,5,2,0,0,0,0,0,0,0,0,0,No,0,2,0,2,0,0,RURAL_VICTORIA,RURAL_VICTORIA,GEELONG,SOUTH WESTERN REGION,B,"B,C",Arterial Highway,"Arterial Highway,Arterial Other",Undivided,Undiv,Country,2019,1,13,0
3474456,T20190000247,ABS to receive accident,Finished,5/1/2019,13.30.00,No,Collision with vehicle,Friday,LANE CHANGE RIGHT (NOT OVERTAKING),No,Day,Yes,T intersection,Other injury accident,60 km/hr,No,341215,145.11977,-37.82851,Non-Intersection,WHITEHORSE,METROPOLITAN SOUTH EAST REGION,2510543.694,2408051.241,4,1,0,0,1,3,2,2,0,2,2,0,0,0,0,0,0,0,1,0,No,0,2,0,2,0,0,MELB_URBAN,MELB_URBAN,WHITEHORSE,METROPOLITAN SOUTH EAST REGION,,,Arterial Other,Arterial Other,Undivided,Undiv,Metro,2019,1,13,0
3474457,T20190000255,ABS to receive accident,Finished,3/1/2019,19.45.00,Yes,Collision with a fixed object,Thursday,OFF LEFT BEND INTO OBJECT/PARKED VEHICLE,No,Day,No,T intersection,Other injury accident,60 km/hr,Yes,340957,145.02644,-38.37778,Intersection,MORNINGTON PENINSULA,METROPOLITAN SOUTH EAST REGION,2502310.946,2347088.097,1,1,0,0,1,0,1,0,0,0,0,0,0,1,0,0,0,0,0,0,No,0,1,0,0,1,0,SMALL_TOWNS,"SMALL_TOWNS,RURAL_VICTORIA",MORNINGTON PENINSULA,METROPOLITAN SOUTH EAST REGION,,,Local Road,Local Road,Undivided,Undiv,Metro,2019,1,19,0