OBJECTID,ACCIDENT_NO,ABS_CODE,ACCIDENT_STATUS,ACCIDENT_DATE,ACCIDENT_TIME,ALCOHOLTIME,ACCIDENT_TYPE,DAY_OF_WEEK,DCA_CODE,HIT_RUN_FLAG,LIGHT_CONDITION,POLICE_ATTEND,ROAD_GEOMETRY,SEVERITY,SPEED_ZONE,RUN_OFFROAD,NODE_ID,LONGITUDE,LATITUDE,NODE_TYPE,LGA_NAME,REGION_NAME,VICGRID_X,VICGRID_Y,TOTAL_PERSONS,INJ_OR_FATAL,FATALITY,SERIOUSINJURY,OTHERINJURY,NONINJURED,MALES,FEMALES,BICYCLIST,PASSENGER,DRIVER,PEDESTRIAN,PILLION,MOTORIST,UNKNOWN,PED_CYCLIST_5_12,PED_CYCLIST_13_18,OLD_PEDESTRIAN,OLD_DRIVER,YOUNG_DRIVER,ALCOHOL_RELATED,UNLICENCSED,NO_OF_VEHICLES,HEAVYVEHICLE,PASSENGERVEHICLE,MOTORCYCLE,PUBLICVEHICLE,DEG_URBAN_NAME,DEG_URBAN_ALL,LGA_NAME_ALL,REGION_NAME_ALL,SRNS,SRNS_ALL,RMA,RMA_ALL,DIVIDED,DIVIDED_ALL,STAT_DIV_NAME,Year,Month,Hour,ALCOHOL_RELATED
3475430,T20190003835,ABS to receive accident,Finished,27/2/2019,17.55.00,No,Collision with a fixed object,Tuesday,RIGHT OFF CARRIAGEWAY INTO OBJECT/PARKED VEHICLE,No,Day,Yes,Not at intersection,Other injury accident,100 km/hr,Yes,343245,141.48749,-38.26307,Non-Intersection,GLENELG,SOUTH WESTERN REGION,2192634.573,2354151.072,1,1,0,0,1,0,0,1,0,0,1,0,0,0,0,0,0,0,0,1,No,0,1,0,1,0,0,RURAL_VICTORIA,RURAL_VICTORIA,GLENELG,SOUTH WESTERN REGION,,,Local Road,Local Road,Undivided,Undiv,Country,2019,2,17,0
3475431,T20190003840,ABS to receive accident,Finished,27/2/2019,17.45.00,No,Collision with vehicle,Wednesday,RIGHT NEAR (INTERSECTIONS ONLY),No,Day,Yes,T intersection,Serious injury accident,50 km/hr,No,71019,144.40106,-38.0235,Intersection,GEELONG,SOUTH WESTERN REGION,2447410.14,2386250.442,2,1,0,1,0,1,2,0,0,0,1,0,0,1,0,0,0,0,0,0,No,0,2,0,1,1,0,SMALL_CITIES,SMALL_CITIES,GEELONG,SOUTH WESTERN REGION,,,Local Road,Local Road,Undivided,Undiv,Country,2019,2,17,0
3475432,T20190003841,ABS to receive accident,Finished,27/2/2019,15.00.00,No,Collision with vehicle,Wednesday,RIGHT NEAR (INTERSECTIONS ONLY),No,Day,Yes,T intersection,Other injury accident,70 km/hr,No,43096,145.22481,-37.96296,Intersection,DANDENONG,METROPOLITAN SOUTH EAST REGION,2519755.279,2393111.704,2,1,0,0,1,1,0,2,0,0,2,0,0,0,0,0,0,0,0,1,No,0,2,0,2,0,0,MELB_URBAN,MELB_URBAN,DANDENONG,METROPOLITAN SOUTH EAST REGION,,,Arterial Highway,"Arterial Highway,Local Road",Divided,"Div,Undiv",Metro,2019,2,15,0
3475433,T20190003842,ABS to receive accident,Finished,27/2/2019,19.45.00,Yes,collision with some other object,Tuesday,OUT OF CONTROL (OVERTAKING),No,Dusk/Dawn,Yes,Not at intersection,Serious injury accident,60 km/hr,Yes,312886,145.00438,-37.95278,Non-Intersection,BAYSIDE,METROPOLITAN SOUTH EAST REGION,2500385.141,2394265.521,2,1,0,1,0,1,2,0,1,0,1,0,0,0,0,0,0,0,0,0,No,0,2,0,1,0,0,MELB_URBAN,MELB_URBAN,BAYSIDE,METROPOLITAN SOUTH EAST REGION,,,Arterial Other,Arterial Other,Undivided,Undiv,Metro,2019,2,19,0
3475434,T20190003847,ABS to receive accident,Finished,15/2/2019,15.25.00,No,Struck Pedestrian,Friday,PED EMERGES FROM IN FRONT OF PARKED OR STATIONARY VEHICLE,No,Day,No,Not at intersection,Other injury accident,60 km/hr,No,342749,144.96747,-37.80715,Non-Intersection,MELBOURNE,METROPOLITAN NORTH WEST REGION,2497135.257,2410428.809,2,1,0,0,1,1,2,0,0,0,1,1,0,0,0,0,0,0,0,1,No,0,1,0,1,0,0,MELB_URBAN,MELB_URBAN,MELBOURNE,METROPOLITAN NORTH WEST REGION,,,Arterial Other,Arterial Other,Divided,Div,Metro,2019,2,15,0
3475435,T20190003852,ABS to receive accident,Finished,27/2/2019,19.00.00,Yes,Collision with vehicle,Tuesday,RIGHT THROUGH,No,Dusk/Dawn,Yes,Cross intersection,Other injury accident,60 km/hr,No,38668,144.88213,-37.82027,Intersection,MARIBYRNONG,METROPOLITAN NORTH WEST REGION,2489622.651,2408966.873,3,3,0,0,3,0,2,1,0,1,2,0,0,0,0,0,0,0,0,1,No,0,2,0,2,0,0,MELB_URBAN,MELB_URBAN,MARIBYRNONG,METROPOLITAN NORTH WEST REGION,,,Arterial Highway,"Arterial Highway,Arterial Other",Divided,Div,Metro,2019,2,19,0
3475436,T20190003854,ABS to receive accident,Finished,27/2/2019,19.30.00,Yes,Collision with vehicle,Tuesday,LANE CHANGE RIGHT (NOT OVERTAKING),No,Dusk/Dawn,Yes,Not at intersection,Serious injury accident,60 km/hr,No,342761,145.05829,-37.75786,Non-Intersection,BANYULE,METROPOLITAN NORTH WEST REGION,2505136.44,2415898.13,3,1,0,1,0,2,2,1,0,1,1,0,0,1,0,0,0,0,0,0,No,0,2,0,1,1,0,MELB_URBAN,MELB_URBAN,BANYULE,METROPOLITAN NORTH WEST REGION,,,Arterial Highway,Arterial Highway,Divided,Div,Metro,2019,2,19,0
3475437,T20190003864,ABS to receive accident,Finished,23/2/2019,09.31.00,No,Collision with vehicle,Friday,LEFT TURN SIDESWIPE,No,Day,Yes,T intersection,Other injury accident,50 km/hr,No,71981,144.34734,-38.1455,Intersection,GEELONG,SOUTH WESTERN REGION,2442786.564,2372677.922,2,1,0,0,1,1,1,1,1,0,1,0,0,0,0,0,0,0,0,1,No,0,2,0,1,0,0,LARGE_PROVINCIAL_CITIES,LARGE_PROVINCIAL_CITIES,GEELONG,SOUTH WESTERN REGION,,,Local Road,Local Road,Undivided,Undiv,Country,2019,2,09,0
3475438,T20190003867,ABS to receive accident,Finished,28/2/2019,07.45.00,No,Struck Pedestrian,Wednesday,PED NEAR SIDE. PED HIT BY VEHICLE FROM THE RIGHT.,No,Day,Yes,T intersection,Other injury accident,60 km/hr,No,41558,145.08797,-37.89425,Intersection,MONASH,METROPOLITAN SOUTH EAST REGION,2507737.127,2400758.316,2,1,0,0,1,1,0,2,0,0,1,1,0,0,0,0,0,1,0,0,No,0,1,0,1,0,0,MELB_URBAN,MELB_URBAN,MONASH,METROPOLITAN SOUTH EAST REGION,,,Arterial Highway,"Arterial Highway,Local Road",Undivided,Undiv,Metro,2019,2,07,0
3475439,T20190003878,ABS to receive accident,Finished,28/2/2019,07.45.00,No,Collision with vehicle,Wednesday,CROSS TRAFFIC(INTERSECTIONS ONLY),No,Day,Yes,Cross intersection,Other injury accident,60 km/hr,No,52930,143.84591,-37.56918,Intersection,BALLARAT,WESTERN REGION,2398056.333,2436221.728,2,1,0,0,1,1,1,1,0,0,2,0,0,0,0,0,0,0,1,0,No,0,2,0,2,0,0,LARGE_PROVINCIAL_CITIES,LARGE_PROVINCIAL_CITIES,BALLARAT,WESTERN REGION,C,C,Arterial Other,"Arterial Other,Local Road",Undivided,Undiv,Country,2019,2,07,0
3475440,T20190003881,ABS to receive accident,Finished,28/2/2019,08.00.00,No,Collision with vehicle,Wednesday,HEAD ON (NOT OVERTAKING),No,Day,Yes,Not at intersection,Other injury accident,60 km/hr,No,343144,144.25962,-36.7573,Non-Intersection,BENDIGO,NORTHERN REGION,2433898.488,2526673.184,2,2,0,0,2,0,0,2,0,0,2,0,0,0,0,0,0,0,0,0,No,0,2,0,2,0,0,LARGE_PROVINCIAL_CITIES,LARGE_PROVINCIAL_CITIES,BENDIGO,NORTHERN REGION,A,A,Arterial Highway,Arterial Highway,Undivided,Undiv,Country,2019,2,08,0
3475441,T20190004709,ABS to receive accident,Finished,20/2/2019,17.15.00,No,Vehicle overturned (no collision),Tuesday,OUT OF CONTROL ON CARRIAGEWAY (ON STRAIGHT),No,Day,No,Not at intersection,Other injury accident,60 km/hr,No,343383,144.33813,-36.75961,Off Road,BENDIGO,NORTHERN REGION,2440909.973,2526467.782,1,1,0,0,1,0,1,0,0,0,0,0,0,1,0,0,0,0,0,0,No,0,1,0,0,1,0,RURAL_VICTORIA,RURAL_VICTORIA,BENDIGO,NORTHERN REGION,,,,,,,Country,2019,2,17,0
3475442,T20190004714,ABS to receive accident,Finished,12/3/2019,12.25.00,No,Collision with a fixed object,Monday,OUT OF CONTROL (OVERTAKING),No,Day,Yes,Not at intersection,Other injury accident,80 km/hr,Yes,343299,145.15511,-37.85293,Non-Intersection,WHITEHORSE,METROPOLITAN SOUTH EAST REGION,2513650.294,2405336.326,1,1,0,0,1,0,1,0,0,0,1,0,0,0,0,0,0,0,0,0,No,0,1,0,1,0,0,MELB_URBAN,MELB_URBAN,WHITEHORSE,METROPOLITAN SOUTH EAST REGION,,,Arterial Highway,Arterial Highway,Divided,Div,Metro,2019,3,12,0
3475443,T20190004718,ABS to receive accident,Finished,12/3/2019,10.37.00,No,Collision with vehicle,Monday,VEHICLE COLLIDES WITH VEHICLE PARKED ON LEFT OF ROAD,No,Day,Yes,Not at intersection,Other injury accident,60 km/hr,No,343479,144.27908,-36.70973,Non-Intersection,BENDIGO,NORTHERN REGION,2435596.522,2531964.417,1,1,0,0,1,0,1,0,0,0,1,0,0,0,0,0,0,0,0,0,No,0,3,0,3,0,0,LARGE_PROVINCIAL_CITIES,LARGE_PROVINCIAL_CITIES,BENDIGO,NORTHERN REGION,,,Local Road,Local Road,Undivided,Undiv,Country,2019,3,10,0
3475444,T20190004720,ABS to receive accident,Finished,10/3/2019,16.15.00,No,Vehicle overturned (no collision),,OUT OF CONTROL ON CARRIAGEWAY (ON BEND),No,Day,No,Not at intersection,Other injury accident,80 km/hr,No,343220,145.9636,-37.33838,Non-Intersection,MURRINDINDI,NORTH EASTERN REGION,2585377.276,2462019.575,1,1,0,0,1,0,1,0,0,0,0,0,0,1,0,0,0,0,0,0,No,0,1,0,0,1,0,RURAL_VICTORIA,RURAL_VICTORIA,"MURRINDINDI,MURRINDINDI",NORTH EASTERN REGION,,,Local Road,Local Road,Undivided,Undiv,Country,2019,3,16,0
3475445,T20190004722,ABS to receive accident,Finished,12/3/2019,09.05.00,No,Collision with vehicle,Monday,RIGHT FAR (INTERSECTIONS ONLY),No,Day,No,T intersection,Other injury accident,Not known,No,343453,144.9907,-37.77209,Non-Intersection,DAREBIN,METROPOLITAN NORTH WEST REGION,2499180.874,2414319.962,2,1,0,0,1,1,0,2,1,0,1,0,0,0,0,0,0,0,0,1,No,0,2,0,1,0,0,MELB_URBAN,MELB_URBAN,DAREBIN,METROPOLITAN NORTH WEST REGION,,,Local Road,Local Road,Undivided,Undiv,Metro,2019,3,09,0
3475446,T20190004723,ABS to receive accident,Finished,12/3/2019,14.19.00,No,Collision with vehicle,Monday,REAR END(VEHICLES IN SAME LANE),No,Day,Yes,T intersection,Other injury accident,60 km/hr,No,45594,144.95752,-37.75466,Intersection,MORELAND,METROPOLITAN NORTH WEST REGION,2496256.864,2416253.54,2,1,0,0,1,1,2,0,0,0,2,0,0,0,0,0,0,0,0,0,No,0,2,0,2,0,0,MELB_URBAN,MELB_URBAN,MORELAND,METROPOLITAN NORTH WEST REGION,,,Arterial Other,"Arterial Other,Local Road",Undivided,Undiv,Metro,2019,3,14,0
3475447,T20190004725,ABS to receive accident,Finished,10/3/2019,01.42.00,Yes,Collision with a fixed object,Sunday,OFF LEFT BEND INTO OBJECT/PARKED VEHICLE,No,Dark Street lights on,Yes,Not at intersection,Serious injury accident,60 km/hr,Yes,343380,146.95049,-36.72861,Non-Intersection,ALPINE,NORTH EASTERN REGION,2674194.501,2528329.003,1,1,0,1,0,0,1,0,0,0,1,0,0,0,0,0,0,0,0,0,No,0,1,0,1,0,0,TOWNS,TOWNS,ALPINE,NORTH EASTERN REGION,B,B,Arterial Highway,Arterial Highway,Undivided,Undiv,Country,2019,3,01,0
3475448,T20190004729,ABS to receive accident,Finished,11/3/2019,18.35.00,Yes,Collision with vehicle,Sunday,CROSS TRAFFIC(INTERSECTIONS ONLY),No,Day,Yes,Cross intersection,Other injury accident,60 km/hr,No,343230,145.13996,-38.0439,Intersection,KINGSTON,METROPOLITAN SOUTH EAST REGION,2512285.705,2384141.948,2,1,0,0,1,1,2,0,0,0,1,0,0,1,0,0,0,0,0,0,No,0,2,0,1,1,0,MELB_URBAN,MELB_URBAN,KINGSTON,METROPOLITAN SOUTH EAST REGION,,,Arterial Other,"Arterial Other,Local Road",Divided,"Div,Undiv",Metro,2019,3,18,0
3475449,T20190004730,ABS to receive accident,Finished,9/3/2019,17.00.00,Yes,No collision and no object struck,Friday,OTHER ACCIDENTS-OFF STRAIGHT NOT INCLUDED IN DCAs 170-175,No,Day,No,Not at intersection,Other injury accident,Camping grounds or off road,No,343197,142.70403,-34.60647,Non-Intersection,SWAN HILL,NORTHERN REGION,2289277.791,2763070.515,1,1,0,0,1,0,1,0,0,0,0,0,0,1,0,0,0,0,0,0,No,0,1,0,0,1,0,RURAL_VICTORIA,RURAL_VICTORIA,SWAN HILL,NORTHERN REGION,,,Local Road,Local Road,Undivided,Undiv,Country,2019,3,17,0
3475450,T20190004731,ABS to receive accident,Finished,12/3/2019,13.30.00,No,Collision with a fixed object,Monday,LEFT OFF CARRIAGEWAY INTO OBJECT/PARKED VEHICLE,No,Day,Yes,Not at intersection,Serious injury accident,80 km/hr,Yes,343289,144.94857,-37.82672,Non-Intersection,MELBOURNE,METROPOLITAN NORTH WEST REGION,2495472.586,2408256.21,1,1,0,1,0,0,1,0,0,0,1,0,0,0,0,0,0,0,0,0,No,0,1,0,1,0,0,MELB_URBAN,MELB_URBAN,MELBOURNE,METROPOLITAN NORTH WEST REGION,M,M,Freeway,Freeway,Undivided,Undiv,Metro,2019,3,13,0
3475451,T20190004736,ABS to receive accident,Finished,12/3/2019,16.23.00,No,Collision with vehicle,Monday,RIGHT NEAR (INTERSECTIONS ONLY),No,Day,Yes,T intersection,Other injury accident,80 km/hr,No,71499,145.48794,-38.10283,Intersection,CARDINIA,METROPOLITAN SOUTH EAST REGION,2542798.069,2377500.385,4,1,0,0,1,3,2,2,0,2,2,0,0,0,0,0,0,0,0,1,No,0,2,0,2,0,0,RURAL_VICTORIA,RURAL_VICTORIA,CARDINIA,METROPOLITAN SOUTH EAST REGION,C,C,Arterial Other,"Arterial Other,Local Road",Undivided,Undiv,Metro,2019,3,16,0
3475452,T20190004739,ABS to receive accident,Finished,12/3/2019,20.20.00,Yes,Struck Pedestrian,Monday,PED ON FOOTHPATH STRUCK BY VEHENTERING/LEAVING DRIVEWAY.,No,Dark Street lights on,Yes,Not at intersection,Other injury accident,60 km/hr,No,343190,145.34262,-37.90632,Non-Intersection,YARRA RANGES,METROPOLITAN SOUTH EAST REGION,2530130.831,2399368.111,3,1,0,0,1,2,2,1,0,1,1,1,0,0,0,0,0,0,0,0,No,0,1,0,1,0,0,MELB_URBAN,MELB_URBAN,YARRA RANGES,METROPOLITAN SOUTH EAST REGION,C,C,Arterial Other,Arterial Other,Undivided,Undiv,Metro,2019,3,20,0
3475453,T20190004741,ABS to receive accident,Finished,12/3/2019,15.14.00,No,Collision with vehicle,Monday,RIGHT THROUGH,No,Day,Yes,T intersection,Serious injury accident,50 km/hr,No,343367,145.19942,-37.95835,Intersection,DANDENONG,METROPOLITAN SOUTH EAST REGION,2517524.85,2393628.885,2,1,0,1,0,1,0,2,0,0,2,0,0,0,0,0,0,0,0,1,No,0,2,0,2,0,0,MELB_URBAN,MELB_URBAN,DANDENONG,METROPOLITAN SOUTH EAST REGION,,,Local Road,Local Road,Undivided,Undiv,Metro,2019,3,15,0
3475454,T20190003886,ABS to receive accident,Finished,28/2/2019,11.08.00,No,Collision with vehicle,Wednesday,LEAVING PARKING,No,Day,Yes,Not at intersection,Other injury accident,60 km/hr,No,343182,145.00189,-37.74506,Non-Intersection,DAREBIN,METROPOLITAN NORTH WEST REGION,2500166.657,2417320.384,3,2,0,0,2,1,3,0,0,1,2,0,0,0,0,0,0,0,0,0,No,0,2,0,2,0,0,MELB_URBAN,MELB_URBAN,DAREBIN,METROPOLITAN NORTH WEST REGION,,,Arterial Highway,Arterial Highway,Divided,Div,Metro,2019,2,11,0
3475455,T20190003888,ABS to receive accident,Finished,28/2/2019,11.55.00,No,Collision with vehicle,Wednesday,LEFT OFF CARRIAGEWAY INTO OBJECT/PARKED VEHICLE,No,Day,Yes,Not at intersection,Other injury accident,40 km/hr,Yes,342754,145.03515,-37.82372,Non-Intersection,BOROONDARA,METROPOLITAN SOUTH EAST REGION,2503094.162,2408589.456,1,1,0,0,1,0,1,0,1,0,0,0,0,0,0,0,0,0,0,0,No,0,2,0,1,0,0,MELB_URBAN,MELB_URBAN,BOROONDARA,METROPOLITAN SOUTH EAST REGION,,,Arterial Other,Arterial Other,Undivided,Undiv,Metro,2019,2,11,0
3475456,T20190003889,ABS to receive accident,Finished,28/2/2019,10.09.00,No,Collision with vehicle,Wednesday,RIGHT THROUGH,No,Day,Yes,T intersection,Other injury accident,80 km/hr,No,15409,144.4252,-38.16477,Intersection,GEELONG,SOUTH WESTERN REGION,2449624.834,2370582.118,2,1,0,0,1,1,1,1,0,0,2,0,0,0,0,0,0,0,0,2,No,0,2,1,1,0,0,LARGE_PROVINCIAL_CITIES,LARGE_PROVINCIAL_CITIES,GEELONG,SOUTH WESTERN REGION,,,Local Road,Local Road,Undivided,Undiv,Country,2019,2,10,0
3475458,T20190003899,ABS to receive accident,Finished,28/2/2019,08.40.00,No,Collision with vehicle,Wednesday,RIGHT THROUGH,No,Day,Yes,T intersection,Other injury accident,60 km/hr,No,45534,144.94165,-37.77483,Intersection,MORELAND,METROPOLITAN NORTH WEST REGION,2494859.332,2414014.102,2,2,0,0,2,0,0,1,0,0,2,0,0,0,0,0,0,0,0,0,No,0,2,0,2,0,0,MELB_URBAN,MELB_URBAN,MORELAND,METROPOLITAN NORTH WEST REGION,,,Arterial Other,"Arterial Other,Local Road",Undivided,Undiv,Metro,2019,2,08,0
3475459,T20190003900,ABS to receive accident,Finished,11/2/2019,15.00.00,No,Collision with vehicle,Sunday,VEHICLE STRIKES ANOTHER VEH WHILE EMERGING FROM DRIVEWAY,No,Day,No,Not at intersection,Other injury accident,60 km/hr,No,343062,145.13796,-38.03811,Non-Intersection,KINGSTON,METROPOLITAN SOUTH EAST REGION,2512111.544,2384784.968,2,1,0,0,1,1,2,0,0,0,2,0,0,0,0,0,0,0,0,0,No,0,2,0,2,0,0,MELB_URBAN,MELB_URBAN,KINGSTON,METROPOLITAN SOUTH EAST REGION,,,Local Road,Local Road,Undivided,Undiv,Metro,2019,2,15,0
3475460,T20190003901,ABS to receive accident,Finished,27/2/2019,07.45.00,No,Collision with vehicle,Tuesday,CROSS TRAFFIC(INTERSECTIONS ONLY),No,Day,No,Cross intersection,Other injury accident,60 km/hr,No,38897,145.03316,-37.79755,Intersection,BOROONDARA,METROPOLITAN SOUTH EAST REGION,2502920.51,2411494.13,2,1,0,0,1,1,0,1,0,0,2,0,0,0,0,0,0,0,0,0,No,0,2,0,2,0,0,MELB_URBAN,MELB_URBAN,BOROONDARA,METROPOLITAN SOUTH EAST REGION,,,Local Road,Local Road,Undivided,Undiv,Metro,2019,2,07,0
3475461,T20190003902,ABS to receive accident,Finished,28/2/2019,12.40.00,No,Collision with vehicle,Wednesday,LANE CHANGE LEFT (NOT OVERTAKING),No,Day,Yes,T intersection,Serious injury accident,40 km/hr,No,37209,144.99816,-37.82438,Intersection,YARRA,METROPOLITAN NORTH WEST REGION,2499838.402,2408516.382,2,1,0,1,0,1,2,0,1,0,1,0,0,0,0,0,0,0,0,0,No,0,2,0,1,0,0,MELB_URBAN,MELB_URBAN,YARRA,METROPOLITAN NORTH WEST REGION,,,Arterial Other,"Arterial Other,Local Road",Undivided,Undiv,Metro,2019,2,12,0
3475462,T20190003906,ABS to receive accident,Finished,28/2/2019,13.00.00,No,Collision with vehicle,Wednesday,LEFT THROUGH,No,Day,Yes,T intersection,Other injury accident,60 km/hr,No,42826,144.95855,-37.74053,Intersection,MORELAND,METROPOLITAN NORTH WEST REGION,2496346.476,2417822.064,2,1,0,0,1,1,2,0,0,0,1,0,0,1,0,0,0,0,0,0,No,0,2,0,1,1,0,MELB_URBAN,MELB_URBAN,MORELAND,METROPOLITAN NORTH WEST REGION,,,Arterial Highway,"Arterial Highway,Local Road",Undivided,Undiv,Metro,2019,2,13,0
3475463,T20190003913,ABS to receive accident,Finished,8/2/2019,13.00.00,No,Collision with vehicle,Thursday,RIGHT THROUGH,No,Day,No,Cross intersection,Serious injury accident,50 km/hr,No,35546,145.05807,-37.88389,Intersection,STONNINGTON,METROPOLITAN SOUTH EAST REGION,2505108.527,2401910.348,3,1,0,1,0,2,1,2,0,1,2,0,0,0,0,0,0,0,0,1,No,0,2,0,2,0,0,MELB_URBAN,MELB_URBAN,STONNINGTON,METROPOLITAN SOUTH EAST REGION,,,Arterial Highway,"Arterial Highway,Local Road",Divided,"Div,Undiv",Metro,2019,2,13,0
3475464,T20190003923,ABS to receive accident,Finished,28/2/2019,15.25.00,No,Collision with vehicle,Wednesday,REAR END(VEHICLES IN SAME LANE),No,Day,Yes,Not at intersection,Other injury accident,100 km/hr,No,342780,145.32941,-38.03696,Non-Intersection,CASEY,METROPOLITAN SOUTH EAST REGION,2528918.555,2384872.199,5,3,0,0,3,2,2,3,0,1,4,0,0,0,0,0,0,0,0,0,No,0,4,1,3,0,0,MELB_URBAN,MELB_URBAN,CASEY,METROPOLITAN SOUTH EAST REGION,M,M,Freeway,Freeway,Divided,Div,Metro,2019,2,15,0
3475465,T20190003929,ABS to receive accident,Finished,27/2/2019,18.00.00,Yes,Collision with a fixed object,Tuesday,RIGHT OFF CARRIAGEWAY INTO OBJECT/PARKED VEHICLE,No,Day,Yes,Not at intersection,Serious injury accident,60 km/hr,Yes,343371,145.31465,-38.10606,Non-Intersection,CASEY,METROPOLITAN SOUTH EAST REGION,2527597.188,2377206.475,5,5,0,3,2,0,1,4,0,4,1,0,0,0,0,0,0,0,0,1,No,0,1,0,1,0,0,MELB_URBAN,MELB_URBAN,CASEY,METROPOLITAN SOUTH EAST REGION,,,Local Road,Local Road,Undivided,Undiv,Metro,2019,2,18,0
3475466,T20190003935,ABS to receive accident,Finished,28/2/2019,16.15.00,No,Struck Pedestrian,Wednesday,FAR SIDE. PED HIT BY VEHICLE FROM THE LEFT,No,Day,Yes,T intersection,Other injury accident,70 km/hr,No,221659,144.9598,-37.70104,Intersection,MORELAND,METROPOLITAN NORTH WEST REGION,2496455.046,2422204.449,2,1,0,0,1,1,1,1,0,0,1,1,0,0,0,0,1,0,0,0,No,0,1,0,1,0,0,MELB_URBAN,MELB_URBAN,MORELAND,METROPOLITAN NORTH WEST REGION,,,Arterial Other,"Arterial Other,Local Road",Divided,"Div,Undiv",Metro,2019,2,16,0
3475467,T20190004760,ABS to receive accident,Finished,13/3/2019,06.50.00,No,Collision with vehicle,Tuesday,RIGHT THROUGH,No,Day,Yes,Cross intersection,Other injury accident,60 km/hr,No,45697,144.83179,-37.74989,Intersection,BRIMBANK,METROPOLITAN NORTH WEST REGION,2485176.284,2416771.25,5,4,0,0,4,1,2,1,0,2,3,0,0,0,0,0,0,0,0,1,No,0,3,0,3,0,0,MELB_URBAN,MELB_URBAN,BRIMBANK,METROPOLITAN NORTH WEST REGION,M,M,Freeway,"Freeway,Arterial Other",Divided,"Div,Undiv",Metro,2019,3,06,0
3475468,T20190004763,ABS to receive accident,Finished,13/3/2019,08.30.00,No,Collision with vehicle,Tuesday,REAR END(VEHICLES IN SAME LANE),No,Day,Yes,T intersection,Other injury accident,60 km/hr,No,254419,144.47426,-38.1875,Intersection,GEELONG,SOUTH WESTERN REGION,2453937.952,2368084.307,4,1,0,0,1,3,1,2,0,2,2,0,0,0,0,0,0,0,0,0,No,0,2,1,1,0,0,TOWNS,TOWNS,GEELONG,SOUTH WESTERN REGION,,,Local Road,Local Road,Undivided,Undiv,Country,2019,3,08,0
3475470,T20190004771,ABS to receive accident,Finished,13/3/2019,11.05.00,No,Struck Pedestrian,Tuesday,PED STRUCK WALKING TO/FROM OR BOARDING/ALIGHTING VEHICLE.,No,Day,Yes,T intersection,Other injury accident,60 km/hr,No,45642,144.9594,-37.78472,Intersection,MELBOURNE,METROPOLITAN NORTH WEST REGION,2496423.599,2412917.26,2,1,0,0,1,1,1,1,0,0,1,1,0,0,0,0,0,0,0,1,No,0,1,0,1,0,0,MELB_URBAN,MELB_URBAN,MELBOURNE,METROPOLITAN NORTH WEST REGION,,,Arterial Other,"Arterial Other,Local Road",Divided,"Div,Undiv",Metro,2019,3,11,0
3475471,T20190004793,ABS to receive accident,Finished,13/3/2019,14.45.00,No,Collision with vehicle,Tuesday,U TURN,No,Day,Yes,Not at intersection,Other injury accident,50 km/hr,No,343236,145.14539,-38.06221,Non-Intersection,KINGSTON,METROPOLITAN SOUTH EAST REGION,2512759.284,2382109.144,2,1,0,0,1,1,2,0,0,0,2,0,0,0,0,0,0,0,1,0,No,0,2,0,2,0,0,MELB_URBAN,MELB_URBAN,KINGSTON,METROPOLITAN SOUTH EAST REGION,,,Local Road,Local Road,Undivided,Undiv,Metro,2019,3,14,0
3475472,T20190004794,ABS to receive accident,Finished,13/3/2019,16.55.00,No,Collision with vehicle,Tuesday,REAR END(VEHICLES IN SAME LANE),No,Day,Yes,Not at intersection,Other injury accident,100 km/hr,No,343267,144.96097,-37.69182,Non-Intersection,HUME,METROPOLITAN NORTH WEST REGION,2496558.145,2423227.651,2,1,0,0,1,1,2,0,0,0,2,0,0,0,0,0,0,0,0,0,No,0,2,2,0,0,0,MELB_URBAN,MELB_URBAN,HUME,METROPOLITAN NORTH WEST REGION,M,M,Freeway,Freeway,Divided,Div,Metro,2019,3,16,0
3475473,T20190004796,ABS to receive accident,Finished,13/3/2019,15.30.00,No,Collision with vehicle,Tuesday,LEFT NEAR (INTERSECTIONS ONLY),No,Day,Yes,Cross intersection,Other injury accident,60 km/hr,No,997,144.56819,-37.68431,Intersection,MELTON,METROPOLITAN NORTH WEST REGION,2461914.366,2423976.355,2,1,0,0,1,1,1,1,0,0,2,0,0,0,0,0,0,0,1,0,No,0,2,0,2,0,0,SMALL_CITIES,SMALL_CITIES,MELTON,METROPOLITAN NORTH WEST REGION,C,C,Arterial Other,"Arterial Other,Local Road",Divided,"Div,Undiv",Metro,2019,3,15,0
3475474,T20190004800,ABS to receive accident,Finished,13/3/2019,18.35.00,Yes,Collision with vehicle,Tuesday,LANE CHANGE RIGHT (NOT OVERTAKING),No,Dusk/Dawn,Yes,Not at intersection,Other injury accident,60 km/hr,No,343316,145.06239,-37.69232,Non-Intersection,WHITTLESEA,METROPOLITAN NORTH WEST REGION,2505501.824,2423171.505,4,2,0,0,2,2,2,2,0,1,3,0,0,0,0,0,0,0,0,1,No,0,3,0,2,0,0,MELB_URBAN,MELB_URBAN,WHITTLESEA,METROPOLITAN NORTH WEST REGION,,,Arterial Highway,Arterial Highway,Divided,Div,Metro,2019,3,18,0