OBJECTID,ACCIDENT_NO,ABS_CODE,ACCIDENT_STATUS,ACCIDENT_DATE,ACCIDENT_TIME,ALCOHOLTIME,ACCIDENT_TYPE,DAY_OF_WEEK,DCA_CODE,HIT_RUN_FLAG,LIGHT_CONDITION,POLICE_ATTEND,ROAD_GEOMETRY,SEVERITY,SPEED_ZONE,RUN_OFFROAD,NODE_ID,LONGITUDE,LATITUDE,NODE_TYPE,LGA_NAME,REGION_NAME,VICGRID_X,VICGRID_Y,TOTAL_PERSONS,INJ_OR_FATAL,FATALITY,SERIOUSINJURY,OTHERINJURY,NONINJURED,MALES,FEMALES,BICYCLIST,PASSENGER,DRIVER,PEDESTRIAN,PILLION,MOTORIST,UNKNOWN,PED_CYCLIST_5_12,PED_CYCLIST_13_18,OLD_PEDESTRIAN,OLD_DRIVER,YOUNG_DRIVER,ALCOHOL_RELATED,UNLICENCSED,NO_OF_VEHICLES,HEAVYVEHICLE,PASSENGERVEHICLE,MOTORCYCLE,PUBLICVEHICLE,DEG_URBAN_NAME,DEG_URBAN_ALL,LGA_NAME_ALL,REGION_NAME_ALL,SRNS,SRNS_ALL,RMA,RMA_ALL,DIVIDED,DIVIDED_ALL,STAT_DIV_NAME,Year,Month,Hour,ALCOHOL_RELATED
3475475,T20190004821,ABS to receive accident,Finished,14/3/2019,06.30.00,No,Collision with vehicle,Wednesday,REAR END(VEHICLES IN SAME LANE),No,Dusk/Dawn,Yes,Not at intersection,Other injury accident,80 km/hr,No,343280,144.87086,-37.68104,Non-Intersection,HUME,METROPOLITAN NORTH WEST REGION,2488609.494,2424416.855,3,1,0,0,1,2,3,0,0,0,3,0,0,0,0,0,0,0,0,1,No,0,3,1,2,0,0,MELB_URBAN,MELB_URBAN,HUME,METROPOLITAN NORTH WEST REGION,M,M,Freeway,Freeway,Divided,Div,Metro,2019,3,06,0
3475476,T20190004824,ABS to receive accident,Finished,14/3/2019,08.45.00,No,Collision with vehicle,Wednesday,REAR END(VEHICLES IN SAME LANE),No,Day,Yes,Not at intersection,Serious injury accident,100 km/hr,No,343301,145.13807,-38.03452,Non-Intersection,KINGSTON,METROPOLITAN SOUTH EAST REGION,2512121.523,2385183.88,7,2,0,2,0,5,3,4,0,4,3,0,0,0,0,0,0,0,0,2,No,0,3,0,3,0,0,MELB_URBAN,MELB_URBAN,KINGSTON,METROPOLITAN SOUTH EAST REGION,M,M,Freeway,Freeway,Divided,Div,Metro,2019,3,08,0
3475477,T20190004831,ABS to receive accident,Finished,14/3/2019,09.45.00,No,Collision with vehicle,Wednesday,REAR END(VEHICLES IN SAME LANE),No,Day,Yes,T intersection,Serious injury accident,80 km/hr,No,38838,145.11901,-37.68363,Intersection,NILLUMBIK,METROPOLITAN NORTH WEST REGION,2510496.647,2424131.663,2,1,0,1,0,1,1,1,0,0,2,0,0,0,0,0,0,0,0,2,No,0,2,0,2,0,0,MELB_URBAN,MELB_URBAN,NILLUMBIK,METROPOLITAN NORTH WEST REGION,,,Arterial Other,"Arterial Other,Local Road",Divided,"Div,Undiv",Metro,2019,3,09,0
3475478,T20190004843,ABS to receive accident,Finished,14/3/2019,10.20.00,No,Collision with vehicle,Wednesday,REAR END(VEHICLES IN SAME LANE),No,Day,Yes,T intersection,Other injury accident,70 km/hr,No,54465,144.46882,-38.19032,Intersection,GEELONG,SOUTH WESTERN REGION,2453463.311,2367768.948,3,3,0,0,3,0,0,3,0,1,2,0,0,0,0,0,0,0,0,0,No,0,2,0,2,0,0,TOWNS,TOWNS,GEELONG,SOUTH WESTERN REGION,B,B,Arterial Highway,"Arterial Highway,Local Road",Divided,"Div,Undiv",Country,2019,3,10,0
3475479,T20190004846,ABS to receive accident,Finished,14/3/2019,08.29.00,No,Collision with vehicle,Wednesday,VEHICLE STRIKES ANOTHER VEH WHILE EMERGING FROM DRIVEWAY,No,Day,Yes,Not at intersection,Other injury accident,50 km/hr,No,343276,145.07456,-37.97757,Non-Intersection,KINGSTON,METROPOLITAN SOUTH EAST REGION,2506551.054,2391511.785,2,1,0,0,1,1,1,1,1,0,1,0,0,0,0,1,0,0,0,0,No,0,2,0,1,0,0,MELB_URBAN,MELB_URBAN,KINGSTON,METROPOLITAN SOUTH EAST REGION,,,Local Road,Local Road,Undivided,Undiv,Metro,2019,3,08,0
3475480,T20190003937,ABS to receive accident,Finished,28/2/2019,21.00.00,Yes,Collision with vehicle,Wednesday,CROSS TRAFFIC(INTERSECTIONS ONLY),No,Dark Street lights on,Yes,Cross intersection,Other injury accident,60 km/hr,No,17543,146.01329,-36.01502,Intersection,MOIRA,NORTH EASTERN REGION,2591342.37,2608804.245,5,1,0,0,1,4,3,2,0,3,2,0,0,0,0,0,0,0,0,0,No,0,2,0,2,0,0,TOWNS,TOWNS,MOIRA,NORTH EASTERN REGION,B,B,Arterial Highway,"Arterial Highway,Local Road",Undivided,Undiv,Country,2019,2,21,0
3475481,T20190003939,ABS to receive accident,Finished,28/2/2019,20.30.00,Yes,Collision with vehicle,Wednesday,RIGHT THROUGH,Yes,Dark Street lights on,Yes,Not at intersection,Other injury accident,60 km/hr,No,342800,144.36198,-38.16392,Non-Intersection,GEELONG,SOUTH WESTERN REGION,2444083.392,2370641.754,3,1,0,0,1,2,2,0,0,1,1,0,0,0,1,0,0,0,0,1,No,0,2,0,1,0,0,LARGE_PROVINCIAL_CITIES,LARGE_PROVINCIAL_CITIES,GEELONG,SOUTH WESTERN REGION,C,C,Arterial Other,Arterial Other,Undivided,Undiv,Country,2019,2,20,0
3475482,T20190003943,ABS to receive accident,Finished,1/3/2019,00.38.00,Yes,Collision with vehicle,Friday,RIGHT FAR (INTERSECTIONS ONLY),No,Dark Street lights on,Yes,Cross intersection,Other injury accident,80 km/hr,No,40762,145.15192,-37.85274,Intersection,WHITEHORSE,METROPOLITAN SOUTH EAST REGION,2513369.715,2405357.781,4,3,0,0,3,1,2,0,0,2,2,0,0,0,0,0,0,0,0,2,No,0,2,0,2,0,0,MELB_URBAN,MELB_URBAN,WHITEHORSE,METROPOLITAN SOUTH EAST REGION,,,Arterial Highway,"Arterial Highway,Arterial Other",Divided,Div,Metro,2019,3,00,0
3475483,T20190003948,ABS to receive accident,Finished,1/3/2019,05.34.00,Yes,Struck Pedestrian,Thursday,PED NEAR SIDE. PED HIT BY VEHICLE FROM THE RIGHT.,No,Dark Street lights on,Yes,T intersection,Serious injury accident,50 km/hr,No,343042,145.18064,-37.96174,Intersection,DANDENONG,METROPOLITAN SOUTH EAST REGION,2515873.976,2393256.069,2,2,0,1,1,0,1,1,0,0,1,1,0,0,0,0,0,0,0,0,No,0,1,0,1,0,0,MELB_URBAN,MELB_URBAN,DANDENONG,METROPOLITAN SOUTH EAST REGION,,,Local Road,Local Road,Undivided,Undiv,Metro,2019,3,05,0
3475484,T20190003951,ABS to receive accident,Finished,24/2/2019,12.00.00,No,Fall from or in moving vehicle,,OTHER ACCIDENTS-OFF STRAIGHT NOT INCLUDED IN DCAs 170-175,No,Day,No,Not at intersection,Other injury accident,60 km/hr,No,343038,146.73478,-38.43569,Non-Intersection,WELLINGTON,EASTERN REGION,2651480.392,2339278.924,1,1,0,0,1,0,1,0,0,0,0,0,0,1,0,0,0,0,0,0,No,0,1,0,0,1,0,RURAL_VICTORIA,RURAL_VICTORIA,WELLINGTON,"EASTERN REGION,EASTERN REGION",,,Local Road,Local Road,Undivided,Undiv,Country,2019,2,12,0
3475485,T20190003953,ABS to receive accident,Finished,1/3/2019,01.10.00,Yes,Vehicle overturned (no collision),Friday,OFF CARRIAGEWAY ON LEFT BEND,No,Dark Street lights on,Yes,Not at intersection,Fatal accident,80 km/hr,Yes,342772,144.97748,-37.6469,Non-Intersection,WHITTLESEA,METROPOLITAN NORTH WEST REGION,2498012.706,2428214.041,2,2,1,1,0,0,0,2,0,1,1,0,0,0,0,0,0,0,0,0,No,0,1,0,1,0,0,RURAL_VICTORIA,RURAL_VICTORIA,WHITTLESEA,METROPOLITAN NORTH WEST REGION,,,Arterial Other,Arterial Other,Divided,Div,Metro,2019,3,01,0
3475486,T20190003954,ABS to receive accident,Finished,1/3/2019,07.50.00,No,Collision with vehicle,Thursday,LEFT NEAR (INTERSECTIONS ONLY),No,Day,Yes,Cross intersection,Other injury accident,50 km/hr,No,63923,145.0178,-37.76722,Intersection,DAREBIN,METROPOLITAN NORTH WEST REGION,2501567.967,2414860.71,2,1,0,0,1,1,2,0,0,0,2,0,0,0,0,0,0,0,0,0,No,0,2,0,2,0,0,MELB_URBAN,MELB_URBAN,DAREBIN,METROPOLITAN NORTH WEST REGION,,,Local Road,Local Road,Undivided,Undiv,Metro,2019,3,07,0
3475487,T20190003956,ABS to receive accident,Finished,1/3/2019,07.55.00,No,Collision with vehicle,Thursday,CROSS TRAFFIC(INTERSECTIONS ONLY),No,Day,Yes,Cross intersection,Other injury accident,50 km/hr,No,37760,145.00773,-37.83801,Intersection,STONNINGTON,METROPOLITAN SOUTH EAST REGION,2500679.983,2407004.317,2,1,0,0,1,1,1,1,1,0,1,0,0,0,0,0,0,0,0,1,No,0,2,0,1,0,0,MELB_URBAN,MELB_URBAN,STONNINGTON,METROPOLITAN SOUTH EAST REGION,,,Local Road,Local Road,Undivided,Undiv,Metro,2019,3,07,0
3475488,T20190003957,ABS to receive accident,Finished,1/3/2019,07.20.00,No,Collision with vehicle,Friday,CROSS TRAFFIC(INTERSECTIONS ONLY),No,Day,Yes,Cross intersection,Serious injury accident,60 km/hr,No,42840,145.09152,-37.99923,Intersection,KINGSTON,METROPOLITAN SOUTH EAST REGION,2508038.876,2389105.357,2,1,0,1,0,1,2,0,0,0,1,0,0,1,0,0,0,0,0,0,No,0,2,0,1,1,0,MELB_URBAN,MELB_URBAN,KINGSTON,METROPOLITAN SOUTH EAST REGION,,,Arterial Other,"Arterial Other,Local Road",Undivided,Undiv,Metro,2019,3,07,0
3475489,T20190003961,ABS to receive accident,Finished,28/2/2019,08.30.00,No,Collision with vehicle,Thursday,LANE CHANGE RIGHT (NOT OVERTAKING),No,Day,Yes,Not at intersection,Other injury accident,100 km/hr,No,342873,145.15839,-38.10294,Non-Intersection,FRANKSTON,METROPOLITAN SOUTH EAST REGION,2513892.592,2377586.056,2,1,0,0,1,1,1,1,0,0,2,0,0,0,0,0,0,0,0,0,No,0,2,0,2,0,0,MELB_URBAN,MELB_URBAN,FRANKSTON,METROPOLITAN SOUTH EAST REGION,M,M,Freeway,Freeway,Divided,Div,Metro,2019,2,08,0
3475490,T20190003968,ABS to receive accident,Finished,28/2/2019,13.15.00,No,Fall from or in moving vehicle,Wednesday,OTHER ACCIDENTS-OFF STRAIGHT NOT INCLUDED IN DCAs 170-175,No,Day,No,T intersection,Serious injury accident,60 km/hr,No,259134,145.52311,-37.63317,Intersection,YARRA RANGES,METROPOLITAN SOUTH EAST REGION,2546169.521,2429610.919,1,1,0,1,0,0,1,0,0,0,0,0,0,1,0,0,0,0,0,0,No,0,1,0,0,1,0,RURAL_VICTORIA,RURAL_VICTORIA,YARRA RANGES,METROPOLITAN SOUTH EAST REGION,,,,,,,Metro,2019,2,13,0
3475491,T20190003969,ABS to receive accident,Finished,1/3/2019,10.55.00,No,Collision with vehicle,Thursday,RIGHT FAR (INTERSECTIONS ONLY),No,Day,Yes,T intersection,Serious injury accident,60 km/hr,No,50919,146.88244,-36.13764,Intersection,WODONGA,NORTH EASTERN REGION,2669414.322,2594009.292,3,2,0,1,1,1,1,2,0,0,2,1,0,0,0,0,0,0,1,0,No,0,2,0,2,0,0,SMALL_CITIES,SMALL_CITIES,WODONGA,NORTH EASTERN REGION,,,Local Road,Local Road,Divided,"Div,Undiv",Country,2019,3,10,0
3475492,T20190003971,ABS to receive accident,Finished,1/3/2019,07.50.00,No,Collision with vehicle,Thursday,REAR END(VEHICLES IN SAME LANE),No,Day,No,T intersection,Other injury accident,80 km/hr,No,278616,145.16119,-38.10925,Intersection,FRANKSTON,METROPOLITAN SOUTH EAST REGION,2514137.361,2376885.486,2,1,0,0,1,1,1,1,0,0,1,0,0,1,0,0,0,0,0,0,No,0,2,0,1,1,0,MELB_URBAN,MELB_URBAN,FRANKSTON,METROPOLITAN SOUTH EAST REGION,M,M,Freeway,"Freeway,Arterial Highway",Divided,"Div,Undiv",Metro,2019,3,07,0
3475493,T20190004855,ABS to receive accident,Finished,13/3/2019,15.00.00,No,Collision with a fixed object,Tuesday,LEFT OFF CARRIAGEWAY INTO OBJECT/PARKED VEHICLE,No,Day,Yes,Not at intersection,Other injury accident,100 km/hr,Yes,343298,146.47352,-38.1491,Non-Intersection,LATROBE,EASTERN REGION,2629161.404,2371474.298,1,1,0,0,1,0,1,0,0,0,1,0,0,0,0,0,0,0,0,0,No,0,1,1,0,0,0,SMALL_TOWNS,SMALL_TOWNS,LATROBE,"EASTERN REGION,EASTERN REGION",C,C,Arterial Other,Arterial Other,Undivided,Undiv,Country,2019,3,15,0
3475494,T20190004858,ABS to receive accident,Finished,14/3/2019,15.33.00,No,Collision with vehicle,Wednesday,RIGHT THROUGH,No,Day,Yes,Cross intersection,Other injury accident,50 km/hr,No,37026,144.98616,-37.8107,Intersection,MELBOURNE,METROPOLITAN NORTH WEST REGION,2498781.25,2410034.378,2,1,0,0,1,1,1,1,1,0,1,0,0,0,0,0,0,0,0,0,No,0,2,0,1,0,0,MELB_URBAN,MELB_URBAN,MELBOURNE,METROPOLITAN NORTH WEST REGION,,,Local Road,Local Road,Divided,Div,Metro,2019,3,15,0
3475495,T20190004859,ABS to receive accident,Finished,14/3/2019,10.10.00,No,Collision with vehicle,Wednesday,CROSS TRAFFIC(INTERSECTIONS ONLY),No,Day,Yes,Cross intersection,Other injury accident,100 km/hr,No,53372,145.33189,-35.92548,Intersection,MOIRA,NORTH EASTERN REGION,2529953.624,2619173.488,2,1,0,0,1,1,2,0,0,0,2,0,0,0,0,0,0,0,0,0,No,0,2,0,2,0,0,RURAL_VICTORIA,RURAL_VICTORIA,MOIRA,NORTH EASTERN REGION,B,B,Arterial Highway,"Arterial Highway,Local Road",Undivided,Undiv,Country,2019,3,10,0
3475496,T20190004865,ABS to receive accident,Finished,14/3/2019,16.10.00,No,Collision with vehicle,Wednesday,VEHICLE STRIKES ANOTHER VEH WHILE EMERGING FROM DRIVEWAY,No,Day,Yes,Not at intersection,Serious injury accident,60 km/hr,No,343286,145.72466,-38.09908,Non-Intersection,CARDINIA,METROPOLITAN SOUTH EAST REGION,2563563.978,2377784.226,1,1,0,1,0,0,1,0,0,0,1,0,0,0,0,0,0,0,0,0,No,0,2,0,2,0,0,TOWNS,TOWNS,CARDINIA,METROPOLITAN SOUTH EAST REGION,,,Local Road,Local Road,Undivided,Undiv,Metro,2019,3,16,0
3475497,T20190004870,ABS to receive accident,Finished,13/3/2019,14.24.00,No,Collision with vehicle,Tuesday,REAR END(VEHICLES IN SAME LANE),No,Day,No,Not at intersection,Other injury accident,60 km/hr,No,343362,144.92563,-37.75322,Non-Intersection,MOONEE VALLEY,METROPOLITAN NORTH WEST REGION,2493446.896,2416412.302,3,1,0,0,1,2,1,2,0,0,3,0,0,0,0,0,0,0,0,2,No,0,3,0,3,0,0,MELB_URBAN,MELB_URBAN,MOONEE VALLEY,METROPOLITAN NORTH WEST REGION,,,Arterial Other,Arterial Other,Undivided,Undiv,Metro,2019,3,14,0
3475498,T20190004872,ABS to receive accident,Finished,14/3/2019,16.30.00,No,Collision with vehicle,Wednesday,RIGHT THROUGH,No,Day,Yes,Not at intersection,Other injury accident,70 km/hr,No,343302,145.28419,-38.03374,Non-Intersection,CASEY,METROPOLITAN SOUTH EAST REGION,2524949.619,2385241.752,4,2,0,0,2,2,3,1,0,2,2,0,0,0,0,0,0,0,0,0,No,0,2,0,2,0,0,MELB_URBAN,MELB_URBAN,CASEY,METROPOLITAN SOUTH EAST REGION,,,Arterial Other,Arterial Other,Undivided,Undiv,Metro,2019,3,16,0
3475499,T20190004877,ABS to receive accident,Finished,14/3/2019,19.15.00,Yes,Vehicle overturned (no collision),Wednesday,OTHER ACCIDENTS-OFF STRAIGHT NOT INCLUDED IN DCAs 170-175,No,Dusk/Dawn,Yes,T intersection,Other injury accident,60 km/hr,No,50195,144.35417,-38.18281,Intersection,GEELONG,SOUTH WESTERN REGION,2443413.114,2368539.888,1,1,0,0,1,0,1,0,1,0,0,0,0,0,0,0,0,0,0,0,No,0,1,0,0,0,0,LARGE_PROVINCIAL_CITIES,LARGE_PROVINCIAL_CITIES,GEELONG,SOUTH WESTERN REGION,C,C,Arterial Other,"Arterial Other,Local Road",Divided,"Div,Undiv",Country,2019,3,19,0
3475500,T20190004880,ABS to receive accident,Finished,13/3/2019,17.50.00,No,Collision with vehicle,Tuesday,LANE CHANGE LEFT (NOT OVERTAKING),No,Day,No,Cross intersection,Other injury accident,40 km/hr,No,35712,144.96213,-37.76705,Intersection,MORELAND,METROPOLITAN NORTH WEST REGION,2496663.152,2414878.91,2,1,0,0,1,1,2,0,1,0,1,0,0,0,0,0,0,0,0,0,No,0,2,0,1,0,0,MELB_URBAN,MELB_URBAN,MORELAND,METROPOLITAN NORTH WEST REGION,,,Arterial Other,"Arterial Other,Local Road",Undivided,Undiv,Metro,2019,3,17,0
3475501,T20190004882,ABS to receive accident,Finished,14/3/2019,17.52.00,No,Collision with vehicle,Wednesday,RIGHT FAR (INTERSECTIONS ONLY),No,Day,Yes,T intersection,Serious injury accident,80 km/hr,No,36427,145.57648,-37.77624,Intersection,YARRA RANGES,METROPOLITAN SOUTH EAST REGION,2550783.776,2413705.78,3,2,0,2,0,1,1,2,0,1,2,0,0,0,0,0,0,0,0,1,No,0,2,0,2,0,0,TOWNS,TOWNS,YARRA RANGES,METROPOLITAN SOUTH EAST REGION,B,"B,C",Arterial Highway,"Arterial Highway,Arterial Other",Undivided,Undiv,Metro,2019,3,17,0
3475502,T20190004883,ABS to receive accident,Finished,14/3/2019,08.17.00,No,Collision with vehicle,Wednesday,VEHICLE STRIKES ANOTHER VEH WHILE EMERGING FROM DRIVEWAY,No,Day,No,Not at intersection,Other injury accident,Camping grounds or off road,No,343342,145.02094,-37.93239,Non-Intersection,BAYSIDE,METROPOLITAN SOUTH EAST REGION,2501840.538,2396528.047,2,1,0,0,1,1,1,1,1,0,1,0,0,0,0,1,0,0,0,0,No,0,2,0,1,0,0,MELB_URBAN,MELB_URBAN,BAYSIDE,METROPOLITAN SOUTH EAST REGION,,,Local Road,Local Road,Undivided,Undiv,Metro,2019,3,08,0
3475503,T20190004886,ABS to receive accident,Finished,14/3/2019,16.50.00,No,Collision with vehicle,Wednesday,RIGHT NEAR (INTERSECTIONS ONLY),No,Day,Yes,T intersection,Serious injury accident,50 km/hr,No,343296,144.3394,-38.19887,Intersection,GEELONG,SOUTH WESTERN REGION,2442131.395,2366748.879,2,1,0,1,0,1,1,1,1,0,1,0,0,0,0,0,0,0,0,0,No,0,2,0,1,0,0,LARGE_PROVINCIAL_CITIES,LARGE_PROVINCIAL_CITIES,GEELONG,SOUTH WESTERN REGION,,,Local Road,Local Road,Undivided,Undiv,Country,2019,3,16,0
3475504,T20190004891,ABS to receive accident,Finished,14/3/2019,18.50.00,Yes,Collision with vehicle,Wednesday,REAR END(VEHICLES IN SAME LANE),No,Day,Yes,T intersection,Other injury accident,Not known,No,343315,145.03856,-37.95747,Intersection,BAYSIDE,METROPOLITAN SOUTH EAST REGION,2503388.999,2393744.336,2,1,0,0,1,1,1,1,0,0,1,0,0,1,0,0,0,0,0,0,No,0,2,0,1,1,0,MELB_URBAN,MELB_URBAN,BAYSIDE,METROPOLITAN SOUTH EAST REGION,,,Local Road,Local Road,Undivided,Undiv,Metro,2019,3,18,0
3475505,T20190004906,ABS to receive accident,Finished,11/2/2019,01.15.00,Yes,Collision with vehicle,Sunday,RIGHT FAR (INTERSECTIONS ONLY),No,Dark Street lights on,Yes,T intersection,Other injury accident,70 km/hr,No,44463,144.35197,-38.15172,Intersection,GEELONG,SOUTH WESTERN REGION,2443197.275,2371989.318,4,2,0,0,2,2,2,2,0,2,2,0,0,0,0,0,0,0,1,0,No,0,2,0,1,0,0,LARGE_PROVINCIAL_CITIES,LARGE_PROVINCIAL_CITIES,GEELONG,SOUTH WESTERN REGION,A,"A,B",Arterial Highway,Arterial Highway,Divided,Div,Country,2019,2,01,0
3475506,T20190003973,ABS to receive accident,Finished,1/3/2019,12.40.00,No,Struck Pedestrian,Thursday,PED NEAR SIDE. PED HIT BY VEHICLE FROM THE RIGHT.,No,Day,Yes,Not at intersection,Other injury accident,40 km/hr,No,342978,144.28245,-36.7606,Non-Intersection,BENDIGO,NORTHERN REGION,2435940.144,2526321.852,2,1,0,0,1,1,0,2,0,0,1,1,0,0,0,0,0,1,0,0,No,0,1,0,1,0,0,LARGE_PROVINCIAL_CITIES,LARGE_PROVINCIAL_CITIES,BENDIGO,NORTHERN REGION,,,Local Road,Local Road,Undivided,Undiv,Country,2019,3,12,0
3475507,T20190003975,ABS to receive accident,Finished,1/3/2019,10.10.00,No,Fall from or in moving vehicle,Friday,OTHER ACCIDENTS-OFF STRAIGHT NOT INCLUDED IN DCAs 170-175,Not known,Day,Yes,Not at intersection,Serious injury accident,100 km/hr,No,342883,142.48582,-37.15426,Non-Intersection,NORTHERN GRAMPIANS,WESTERN REGION,2276720.566,2479934.278,1,1,0,1,0,0,1,0,1,0,0,0,0,0,0,0,0,0,0,0,No,0,1,0,0,0,0,RURAL_VICTORIA,RURAL_VICTORIA,NORTHERN GRAMPIANS,WESTERN REGION,C,C,Arterial Other,Arterial Other,Undivided,Undiv,Country,2019,3,10,0
3475508,T20190003976,ABS to receive accident,Finished,1/3/2019,12.18.00,No,Collision with vehicle,Thursday,VEHICLE STRIKES ANOTHER VEH WHILE EMERGING FROM DRIVEWAY,No,Day,Yes,Not at intersection,Other injury accident,50 km/hr,No,343088,145.16137,-37.88358,Non-Intersection,MONASH,METROPOLITAN SOUTH EAST REGION,2514195.559,2401933.628,2,1,0,0,1,1,2,0,0,0,1,0,0,1,0,0,0,0,0,0,No,0,2,0,1,1,0,MELB_URBAN,MELB_URBAN,MONASH,METROPOLITAN SOUTH EAST REGION,,,Local Road,Local Road,Undivided,Undiv,Metro,2019,3,12,0
3475509,T20190003983,ABS to receive accident,Finished,1/3/2019,12.25.00,No,Collision with vehicle,Friday,LANE CHANGE RIGHT (NOT OVERTAKING),No,Day,Yes,Not at intersection,Serious injury accident,60 km/hr,No,342896,145.01969,-37.64918,Non-Intersection,WHITTLESEA,METROPOLITAN NORTH WEST REGION,2501737.069,2427961.152,3,1,0,1,0,2,0,3,0,1,2,0,0,0,0,0,0,0,0,0,No,0,2,0,2,0,0,MELB_URBAN,MELB_URBAN,WHITTLESEA,METROPOLITAN NORTH WEST REGION,,,Local Road,Local Road,Undivided,Undiv,Metro,2019,3,12,0
3475510,T20190003984,ABS to receive accident,Finished,1/3/2019,09.10.00,No,Collision with vehicle,Friday,RIGHT NEAR (INTERSECTIONS ONLY),No,Day,Yes,T intersection,Serious injury accident,100 km/hr,No,342985,145.55271,-38.38201,Intersection,BASS COAST,EASTERN REGION,2548299.215,2346477.568,2,1,0,1,0,1,1,1,0,0,2,0,0,0,0,0,0,0,1,0,No,0,2,0,2,0,0,SMALL_TOWNS,SMALL_TOWNS,BASS COAST,"EASTERN REGION,EASTERN REGION",M,M,Arterial Highway,"Arterial Highway,Local Road",Divided,"Div,Undiv",Country,2019,3,09,0
3475511,T20190003992,ABS to receive accident,Finished,1/3/2019,15.03.00,No,Collision with vehicle,Thursday,LEFT NEAR (INTERSECTIONS ONLY),No,Day,Yes,Cross intersection,Serious injury accident,70 km/hr,No,60432,144.74235,-37.34528,Intersection,MACEDON RANGES,NORTHERN REGION,2477173.204,2461655.295,3,1,0,1,0,2,2,1,0,1,2,0,0,0,0,0,0,0,1,0,No,0,2,0,2,0,0,TOWNS,TOWNS,MACEDON RANGES,NORTHERN REGION,C,C,Arterial Other,"Arterial Other,Local Road",Undivided,Undiv,Country,2019,3,15,0
3475512,T20190003994,ABS to receive accident,Finished,18/1/2019,17.00.00,No,Fall from or in moving vehicle,Thursday,FELL IN/FROM VEHICLE,No,Day,No,Not at intersection,Other injury accident,100 km/hr,No,343127,146.75354,-36.35854,Non-Intersection,INDIGO,NORTH EASTERN REGION,2657364.156,2569725.571,2,1,0,0,1,1,2,0,0,0,1,0,0,0,1,0,0,0,0,1,No,1,1,0,1,0,0,RURAL_VICTORIA,RURAL_VICTORIA,INDIGO,NORTH EASTERN REGION,,,Local Road,Local Road,Undivided,Undiv,Country,2019,1,17,0
3475513,T20190003999,ABS to receive accident,Finished,28/2/2019,21.50.00,Yes,Struck Pedestrian,Thursday,FAR SIDE. PED HIT BY VEHICLE FROM THE LEFT,No,Dark Street lights on,Yes,Not at intersection,Other injury accident,50 km/hr,No,342801,144.95927,-37.78773,Non-Intersection,MELBOURNE,METROPOLITAN NORTH WEST REGION,2496412.275,2412583.106,2,1,0,0,1,1,2,0,0,0,1,1,0,0,0,0,0,0,0,1,No,0,1,0,1,0,0,MELB_URBAN,MELB_URBAN,MELBOURNE,METROPOLITAN NORTH WEST REGION,,,Arterial Other,Arterial Other,Undivided,Undiv,Metro,2019,2,21,0
3475514,T20190004000,ABS to receive accident,Finished,1/3/2019,16.15.00,No,Collision with vehicle,Thursday,CROSS TRAFFIC(INTERSECTIONS ONLY),No,Day,Yes,Cross intersection,Other injury accident,80 km/hr,No,20901,145.8317,-38.08962,Intersection,BAW BAW,EASTERN REGION,2572962.836,2378758.218,3,3,0,0,3,0,3,0,0,1,2,0,0,0,0,0,0,0,0,0,No,0,2,0,2,0,0,RURAL_VICTORIA,RURAL_VICTORIA,BAW BAW,"EASTERN REGION,EASTERN REGION",C,C,Arterial Other,"Arterial Other,Local Road",Undivided,Undiv,Country,2019,3,16,0
3475515,T20190004006,ABS to receive accident,Finished,1/3/2019,15.00.00,No,Collision with vehicle,Friday,REAR END(VEHICLES IN SAME LANE),No,Day,Yes,Not at intersection,Other injury accident,60 km/hr,No,342889,145.05341,-37.95762,Non-Intersection,KINGSTON,METROPOLITAN SOUTH EAST REGION,2504693.519,2393726.975,2,1,0,0,1,1,0,2,0,0,2,0,0,0,0,0,0,0,0,0,No,0,2,0,2,0,0,MELB_URBAN,MELB_URBAN,KINGSTON,METROPOLITAN SOUTH EAST REGION,,,Local Road,Local Road,Divided,Div,Metro,2019,3,15,0
3475516,T20190004014,ABS to receive accident,Finished,1/3/2019,18.33.00,Yes,Collision with a fixed object,Thursday,LEFT OFF CARRIAGEWAY INTO OBJECT/PARKED VEHICLE,No,Day,Yes,Not at intersection,Other injury accident,60 km/hr,Yes,342834,144.93576,-37.59837,Non-Intersection,HUME,METROPOLITAN NORTH WEST REGION,2494327.443,2433597.831,3,2,0,0,2,1,3,0,0,1,2,0,0,0,0,0,0,0,0,2,No,0,2,0,2,0,0,MELB_URBAN,MELB_URBAN,HUME,METROPOLITAN NORTH WEST REGION,C,C,Arterial Other,Arterial Other,Undivided,Undiv,Metro,2019,3,18,0