OBJECTID,ACCIDENT_NO,ABS_CODE,ACCIDENT_STATUS,ACCIDENT_DATE,ACCIDENT_TIME,ALCOHOLTIME,ACCIDENT_TYPE,DAY_OF_WEEK,DCA_CODE,HIT_RUN_FLAG,LIGHT_CONDITION,POLICE_ATTEND,ROAD_GEOMETRY,SEVERITY,SPEED_ZONE,RUN_OFFROAD,NODE_ID,LONGITUDE,LATITUDE,NODE_TYPE,LGA_NAME,REGION_NAME,VICGRID_X,VICGRID_Y,TOTAL_PERSONS,INJ_OR_FATAL,FATALITY,SERIOUSINJURY,OTHERINJURY,NONINJURED,MALES,FEMALES,BICYCLIST,PASSENGER,DRIVER,PEDESTRIAN,PILLION,MOTORIST,UNKNOWN,PED_CYCLIST_5_12,PED_CYCLIST_13_18,OLD_PEDESTRIAN,OLD_DRIVER,YOUNG_DRIVER,ALCOHOL_RELATED,UNLICENCSED,NO_OF_VEHICLES,HEAVYVEHICLE,PASSENGERVEHICLE,MOTORCYCLE,PUBLICVEHICLE,DEG_URBAN_NAME,DEG_URBAN_ALL,LGA_NAME_ALL,REGION_NAME_ALL,SRNS,SRNS_ALL,RMA,RMA_ALL,DIVIDED,DIVIDED_ALL,STAT_DIV_NAME,Year,Month,Hour,ALCOHOL_RELATED
3475517,T20190004016,ABS to receive accident,Finished,1/3/2019,23.55.00,Yes,Collision with vehicle,Thursday,CROSS TRAFFIC(INTERSECTIONS ONLY),No,Dark Street lights on,Yes,Cross intersection,Other injury accident,50 km/hr,No,44232,145.02998,-37.64896,Intersection,WHITTLESEA,METROPOLITAN NORTH WEST REGION,2502645.344,2427985.339,2,1,0,0,1,1,2,0,1,0,1,0,0,0,0,0,0,0,0,0,No,0,2,0,1,0,0,MELB_URBAN,MELB_URBAN,WHITTLESEA,METROPOLITAN NORTH WEST REGION,,,Local Road,Local Road,Undivided,Undiv,Metro,2019,3,23,0
3475518,T20190004018,ABS to receive accident,Finished,1/3/2019,17.50.00,No,Vehicle overturned (no collision),Thursday,OUT OF CONTROL ON CARRIAGEWAY (ON BEND),No,Day,Yes,Not at intersection,Other injury accident,80 km/hr,No,343044,145.46291,-37.65944,Non-Intersection,YARRA RANGES,METROPOLITAN SOUTH EAST REGION,2540842.471,2426723.561,1,1,0,0,1,0,1,0,0,0,1,0,0,0,0,0,0,0,0,1,No,0,1,0,1,0,0,RURAL_VICTORIA,RURAL_VICTORIA,YARRA RANGES,METROPOLITAN SOUTH EAST REGION,C,C,Arterial Other,Arterial Other,Undivided,Undiv,Metro,2019,3,17,0
3475519,T20190004909,ABS to receive accident,Finished,14/3/2019,11.45.00,No,Collision with vehicle,Wednesday,RIGHT NEAR (INTERSECTIONS ONLY),No,Day,Yes,T intersection,Other injury accident,80 km/hr,No,42852,145.10677,-37.99274,Intersection,KINGSTON,METROPOLITAN SOUTH EAST REGION,2509379.035,2389825.264,4,1,0,0,1,3,2,2,0,2,2,0,0,0,0,0,0,0,0,0,No,0,2,0,2,0,0,MELB_URBAN,MELB_URBAN,KINGSTON,METROPOLITAN SOUTH EAST REGION,,,Arterial Other,"Arterial Other,Local Road",Divided,"Div,Undiv",Metro,2019,3,11,0
3475521,T20190004942,ABS to receive accident,Finished,22/2/2019,10.30.00,No,Collision with a fixed object,Thursday,RIGHT OFF CARRIAGEWAY INTO OBJECT/PARKED VEHICLE,No,Day,No,Not at intersection,Other injury accident,Not known,Yes,343314,145.54688,-38.27754,Non-Intersection,CARDINIA,METROPOLITAN SOUTH EAST REGION,2547856.379,2358078.109,2,2,0,0,2,0,0,2,0,1,1,0,0,0,0,0,0,0,0,1,No,0,1,0,1,0,0,RURAL_VICTORIA,RURAL_VICTORIA,CARDINIA,METROPOLITAN SOUTH EAST REGION,M,M,Arterial Highway,Arterial Highway,Divided,Div,Metro,2019,2,10,0
3475522,T20190004945,ABS to receive accident,Finished,9/2/2019,12.30.00,No,Collision with vehicle,Friday,REAR END(VEHICLES IN SAME LANE),No,Day,No,Cross intersection,Other injury accident,70 km/hr,No,35784,144.3518,-38.17653,Intersection,GEELONG,SOUTH WESTERN REGION,2443201.206,2369236.133,2,1,0,0,1,1,2,0,0,0,2,0,0,0,0,0,0,0,0,1,No,0,2,0,2,0,0,LARGE_PROVINCIAL_CITIES,LARGE_PROVINCIAL_CITIES,GEELONG,SOUTH WESTERN REGION,A,A,Arterial Highway,"Arterial Highway,Local Road",Divided,"Div,Undiv",Country,2019,2,12,0
3475523,T20190004949,ABS to receive accident,Finished,14/3/2019,14.32.00,No,Collision with vehicle,Wednesday,REAR END(VEHICLES IN SAME LANE),No,Day,Yes,Not at intersection,Other injury accident,100 km/hr,No,343474,144.65677,-37.46752,Non-Intersection,MACEDON RANGES,NORTHERN REGION,2469640.256,2448066.031,6,1,0,0,1,5,2,4,0,2,4,0,0,0,0,0,0,0,0,2,No,0,4,0,4,0,0,RURAL_VICTORIA,RURAL_VICTORIA,MACEDON RANGES,NORTHERN REGION,C,C,Arterial Other,Arterial Other,Undivided,Undiv,Country,2019,3,14,0
3475524,T20190004967,ABS to receive accident,Finished,15/3/2019,08.40.00,No,Collision with vehicle,Thursday,RIGHT THROUGH,No,Day,Yes,T intersection,Serious injury accident,50 km/hr,No,65839,144.98316,-37.81272,Intersection,MELBOURNE,METROPOLITAN NORTH WEST REGION,2498517.284,2409810.726,2,1,0,1,0,1,1,1,1,0,1,0,0,0,0,0,0,0,0,1,No,0,2,0,1,0,0,MELB_URBAN,MELB_URBAN,MELBOURNE,METROPOLITAN NORTH WEST REGION,,,Local Road,Local Road,Divided,"Div,Undiv",Metro,2019,3,08,0
3475525,T20190004968,ABS to receive accident,Finished,15/3/2019,17.05.00,Yes,Collision with vehicle,Friday,HEAD ON (NOT OVERTAKING),No,Day,Yes,Cross intersection,Serious injury accident,60 km/hr,No,321612,145.12474,-37.78745,Intersection,MANNINGHAM,METROPOLITAN SOUTH EAST REGION,2510987.293,2412608.116,2,1,0,1,0,1,2,0,0,0,2,0,0,0,0,0,0,0,1,0,No,0,2,0,2,0,0,MELB_URBAN,MELB_URBAN,MANNINGHAM,METROPOLITAN SOUTH EAST REGION,,,Arterial Other,Arterial Other,Divided,Div,Metro,2019,3,17,0
3475526,T20190004973,ABS to receive accident,Finished,15/3/2019,16.50.00,No,Collision with vehicle,Thursday,VEHICLE STRIKES DOOR OF PARKED/STATIONARY VEHICLE,No,Day,No,Not at intersection,Other injury accident,50 km/hr,No,343307,144.93189,-37.78087,Non-Intersection,MOONEE VALLEY,METROPOLITAN NORTH WEST REGION,2494000.301,2413343.524,2,1,0,0,1,1,1,1,1,0,1,0,0,0,0,1,0,0,0,0,No,0,2,0,1,0,0,MELB_URBAN,MELB_URBAN,MOONEE VALLEY,METROPOLITAN NORTH WEST REGION,,,Local Road,Local Road,Undivided,Undiv,Metro,2019,3,16,0
3475527,T20190005004,ABS to receive accident,Finished,14/3/2019,17.20.00,No,Collision with vehicle,Wednesday,REAR END(VEHICLES IN SAME LANE),No,Day,No,Not at intersection,Other injury accident,50 km/hr,No,343313,145.08493,-37.99844,Non-Intersection,KINGSTON,METROPOLITAN SOUTH EAST REGION,2507459.532,2389194.246,2,1,0,0,1,1,2,0,0,0,1,0,0,1,0,0,0,0,0,0,No,0,2,0,1,1,0,MELB_URBAN,MELB_URBAN,KINGSTON,METROPOLITAN SOUTH EAST REGION,,,Arterial Other,Arterial Other,Undivided,Undiv,Metro,2019,3,17,0
3475528,T20190005015,ABS to receive accident,Finished,16/3/2019,10.50.00,No,Struck Pedestrian,Friday,PED NEAR SIDE. PED HIT BY VEHICLE FROM THE RIGHT.,No,Day,No,T intersection,Other injury accident,60 km/hr,No,67277,144.88956,-37.85198,Intersection,HOBSONS BAY,METROPOLITAN NORTH WEST REGION,2490280.423,2405448.186,2,1,0,0,1,1,0,2,0,0,1,1,0,0,0,0,0,0,0,0,No,0,1,0,1,0,0,MELB_URBAN,MELB_URBAN,HOBSONS BAY,METROPOLITAN NORTH WEST REGION,,,Arterial Other,"Arterial Other,Local Road",Undivided,Undiv,Metro,2019,3,10,0
3475529,T20190005017,ABS to receive accident,Finished,13/3/2019,20.36.00,Yes,Collision with vehicle,Tuesday,CROSS TRAFFIC(INTERSECTIONS ONLY),No,Dark Street lights on,Yes,Cross intersection,Other injury accident,60 km/hr,No,51546,144.29985,-36.74021,Intersection,BENDIGO,NORTHERN REGION,2437476.933,2528595.581,5,3,0,0,3,2,3,2,0,3,2,0,0,0,0,0,0,0,0,1,No,0,2,0,2,0,0,LARGE_PROVINCIAL_CITIES,LARGE_PROVINCIAL_CITIES,BENDIGO,NORTHERN REGION,,,Local Road,Local Road,Undivided,Undiv,Country,2019,3,20,0
3475530,T20190005034,ABS to receive accident,Finished,16/3/2019,17.20.00,Yes,Struck Pedestrian,Friday,PED NEAR SIDE. PED HIT BY VEHICLE FROM THE RIGHT.,No,Day,Yes,Cross intersection,Serious injury accident,60 km/hr,No,29767,145.2833,-38.10799,Intersection,CASEY,METROPOLITAN SOUTH EAST REGION,2524847.431,2377000.357,2,1,0,1,0,1,2,0,0,0,1,1,0,0,0,0,0,0,0,0,No,0,1,0,1,0,0,MELB_URBAN,MELB_URBAN,CASEY,METROPOLITAN SOUTH EAST REGION,M,M,Arterial Highway,"Arterial Highway,Local Road",Divided,"Div,Undiv",Metro,2019,3,17,0
3475531,T20190005039,ABS to receive accident,Finished,16/3/2019,15.40.00,No,Struck Pedestrian,Friday,PED NEAR SIDE. PED HIT BY VEHICLE FROM THE RIGHT.,No,Day,Yes,Cross intersection,Other injury accident,40 km/hr,No,40096,144.98039,-37.85798,Intersection,PORT PHILLIP,METROPOLITAN NORTH WEST REGION,2498274.696,2404786.717,2,1,0,0,1,1,1,1,0,0,1,1,0,0,0,0,0,0,0,0,No,0,1,0,0,0,1,MELB_URBAN,MELB_URBAN,PORT PHILLIP,METROPOLITAN NORTH WEST REGION,,,Arterial Other,"Arterial Other,Local Road",Divided,"Div,Undiv",Metro,2019,3,15,0
3475532,T20190004025,ABS to receive accident,Finished,2/3/2019,02.30.00,Yes,Collision with vehicle,Friday,HEAD ON (NOT OVERTAKING),No,Dark Street lights on,Yes,Not at intersection,Other injury accident,60 km/hr,No,343229,145.07073,-37.75046,Non-Intersection,BANYULE,METROPOLITAN NORTH WEST REGION,2506233.334,2416718.685,2,2,0,0,2,0,2,0,0,0,2,0,0,0,0,0,0,0,0,1,No,0,2,0,2,0,0,MELB_URBAN,MELB_URBAN,BANYULE,METROPOLITAN NORTH WEST REGION,,,Arterial Highway,Arterial Highway,Undivided,Undiv,Metro,2019,3,02,0
3475533,T20190004030,ABS to receive accident,Finished,1/3/2019,13.21.00,No,Collision with vehicle,Thursday,RIGHT THROUGH,No,Day,Yes,Cross intersection,Other injury accident,60 km/hr,No,41573,145.09004,-37.91008,Intersection,MONASH,METROPOLITAN SOUTH EAST REGION,2507918.067,2399001.278,2,1,0,0,1,1,1,1,0,0,2,0,0,0,0,0,0,0,0,1,No,1,2,0,2,0,0,MELB_URBAN,MELB_URBAN,MONASH,METROPOLITAN SOUTH EAST REGION,,,Arterial Highway,"Arterial Highway,Local Road",Divided,"Div,Undiv",Metro,2019,3,13,0
3475534,T20190004033,ABS to receive accident,Finished,2/3/2019,10.05.00,No,Collision with vehicle,Friday,REAR END(VEHICLES IN SAME LANE),No,Day,Yes,Not at intersection,Other injury accident,50 km/hr,No,342805,146.32601,-36.35584,Non-Intersection,WANGARATTA,NORTH EASTERN REGION,2619004.53,2570645.562,6,1,0,0,1,5,3,3,0,2,2,2,0,0,0,1,0,0,0,1,No,0,2,0,2,0,0,RURAL_VICTORIA,RURAL_VICTORIA,WANGARATTA,NORTH EASTERN REGION,C,C,Arterial Other,Arterial Other,Divided,Div,Country,2019,3,10,0
3475535,T20190004039,ABS to receive accident,Finished,2/3/2019,12.05.00,No,Collision with vehicle,Friday,RIGHT NEAR (INTERSECTIONS ONLY),No,Day,Yes,T intersection,Serious injury accident,50 km/hr,No,44620,145.06153,-37.72421,Intersection,BANYULE,METROPOLITAN NORTH WEST REGION,2505423.853,2419632.123,2,1,0,1,0,1,2,0,0,0,1,0,0,1,0,0,0,0,0,0,No,0,2,0,1,1,0,MELB_URBAN,MELB_URBAN,"DAREBIN,BANYULE",METROPOLITAN NORTH WEST REGION,,,Local Road,Local Road,Undivided,Undiv,Metro,2019,3,12,0
3475536,T20190004040,ABS to receive accident,Finished,2/3/2019,08.40.00,No,Struck Pedestrian,Friday,FAR SIDE. PED HIT BY VEHICLE FROM THE LEFT,No,Day,Yes,T intersection,Serious injury accident,60 km/hr,No,39286,145.11812,-37.79989,Intersection,WHITEHORSE,METROPOLITAN SOUTH EAST REGION,2510402.631,2411228.206,2,1,0,1,0,1,1,1,0,0,1,1,0,0,0,0,0,0,0,0,No,0,1,0,1,0,0,MELB_URBAN,MELB_URBAN,WHITEHORSE,METROPOLITAN SOUTH EAST REGION,,,Arterial Other,Arterial Other,Undivided,Undiv,Metro,2019,3,08,0
3475537,T20190004041,ABS to receive accident,Finished,2/3/2019,09.15.00,No,Collision with vehicle,Friday,OTHER ACCIDENTS ON CURVE NOT INCLUDED IN DCAs 180-184,No,Day,Yes,Not at intersection,Other injury accident,100 km/hr,No,342808,141.03336,-37.61475,Non-Intersection,GLENELG,SOUTH WESTERN REGION,2149920.062,2424487.423,4,2,0,0,2,2,3,0,3,0,0,0,0,0,1,0,0,0,0,0,No,0,4,0,0,0,0,RURAL_VICTORIA,RURAL_VICTORIA,GLENELG,SOUTH WESTERN REGION,,,Local Road,Local Road,Undivided,Undiv,Country,2019,3,09,0
3475538,T20190004044,ABS to receive accident,Finished,2/3/2019,10.25.00,No,Collision with vehicle,Friday,OTHER MANOEUVRING NOT INCLUDED IN DCAs 140-148,No,Day,Yes,Not at intersection,Other injury accident,Camping grounds or off road,No,342838,144.96117,-37.70745,Non-Intersection,MORELAND,METROPOLITAN NORTH WEST REGION,2496576.123,2421493.903,2,1,0,0,1,1,2,0,1,0,1,0,0,0,0,0,1,0,0,0,No,0,2,0,0,0,0,MELB_URBAN,MELB_URBAN,MORELAND,METROPOLITAN NORTH WEST REGION,,,Arterial Other,Arterial Other,Divided,Div,Metro,2019,3,10,0
3475539,T20190004046,ABS to receive accident,Finished,7/2/2019,17.40.00,No,Collision with vehicle,Wednesday,REAR END(VEHICLES IN SAME LANE),No,Day,No,Not at intersection,Other injury accident,100 km/hr,No,343052,145.30023,-38.00778,Non-Intersection,CASEY,METROPOLITAN SOUTH EAST REGION,2526367.102,2388118.525,3,1,0,0,1,2,1,2,0,0,3,0,0,0,0,0,0,0,0,1,No,0,3,1,2,0,0,MELB_URBAN,MELB_URBAN,CASEY,METROPOLITAN SOUTH EAST REGION,M,M,Freeway,Freeway,Divided,Div,Metro,2019,2,17,0
3475540,T20190004048,ABS to receive accident,Finished,2/3/2019,12.45.00,No,Collision with vehicle,Friday,RIGHT THROUGH,No,Day,Yes,Cross intersection,Other injury accident,50 km/hr,No,57284,146.321,-36.35805,Intersection,WANGARATTA,NORTH EASTERN REGION,2618551.319,2570406.069,2,1,0,0,1,1,1,1,0,0,2,0,0,0,0,0,0,0,0,1,No,0,2,0,2,0,0,SMALL_CITIES,SMALL_CITIES,WANGARATTA,NORTH EASTERN REGION,C,C,Arterial Other,"Arterial Other,Local Road",Divided,"Div,Undiv",Country,2019,3,12,0
3475541,T20190004051,ABS to receive accident,Finished,28/2/2019,09.28.00,No,Collision with vehicle,Thursday,RIGHT NEAR (INTERSECTIONS ONLY),No,Day,Yes,T intersection,Serious injury accident,50 km/hr,No,343293,144.77002,-37.91191,Intersection,WYNDHAM,METROPOLITAN NORTH WEST REGION,2479776.493,2398777.539,2,1,0,1,0,1,1,1,0,0,2,0,0,0,0,0,0,0,0,0,No,0,2,0,2,0,0,MELB_URBAN,MELB_URBAN,WYNDHAM,METROPOLITAN NORTH WEST REGION,,,Local Road,Local Road,Undivided,Undiv,Metro,2019,2,09,0
3475542,T20190004055,ABS to receive accident,Finished,2/3/2019,12.52.00,No,Collision with vehicle,Saturday,REAR END(VEHICLES IN SAME LANE),No,Day,Yes,Not at intersection,Other injury accident,80 km/hr,No,342934,145.04659,-37.94994,Non-Intersection,KINGSTON,METROPOLITAN SOUTH EAST REGION,2504094.456,2394579.237,7,1,0,0,1,6,2,4,0,3,4,0,0,0,0,0,0,0,0,1,No,0,4,0,4,0,0,MELB_URBAN,MELB_URBAN,KINGSTON,METROPOLITAN SOUTH EAST REGION,,,Arterial Highway,Arterial Highway,Divided,Div,Metro,2019,3,12,0
3475543,T20190004069,ABS to receive accident,Finished,2/3/2019,18.05.00,Yes,Collision with vehicle,Saturday,RIGHT NEAR (INTERSECTIONS ONLY),No,Day,Yes,Cross intersection,Serious injury accident,60 km/hr,No,514,145.23103,-37.81464,Intersection,MAROONDAH,METROPOLITAN SOUTH EAST REGION,2520341.996,2409573.154,3,1,0,1,0,2,1,2,0,1,2,0,0,0,0,0,0,0,0,1,No,0,2,0,2,0,0,MELB_URBAN,MELB_URBAN,MAROONDAH,METROPOLITAN SOUTH EAST REGION,,,Arterial Highway,"Arterial Highway,Local Road,Arterial Other",Divided,"Div,Undiv",Metro,2019,3,18,0
3475544,T20190004070,ABS to receive accident,Finished,2/3/2019,16.50.00,Yes,Vehicle overturned (no collision),Friday,OUT OF CONTROL ON CARRIAGEWAY (ON STRAIGHT),No,Day,Yes,Not at intersection,Other injury accident,50 km/hr,No,342859,144.99298,-38.32564,Non-Intersection,MORNINGTON PENINSULA,METROPOLITAN SOUTH EAST REGION,2499385.97,2352876.21,1,1,0,0,1,0,1,0,0,0,0,0,0,1,0,0,0,0,0,0,No,0,1,0,0,1,0,MELB_URBAN,MELB_URBAN,MORNINGTON PENINSULA,METROPOLITAN SOUTH EAST REGION,,,Local Road,Local Road,Undivided,Undiv,Metro,2019,3,16,0
3475545,T20190005044,ABS to receive accident,Finished,16/3/2019,18.20.00,Yes,Collision with vehicle,Saturday,OTHER ON PATH,No,Day,Yes,Not at intersection,Serious injury accident,50 km/hr,No,343353,143.74465,-37.05437,Non-Intersection,CENTRAL GOLDFIELDS,WESTERN REGION,2388358.905,2493231.404,1,1,0,1,0,0,1,0,0,0,1,0,0,0,0,0,0,0,0,0,No,0,2,0,2,0,0,TOWNS,TOWNS,CENTRAL GOLDFIELDS,WESTERN REGION,,,Local Road,Local Road,Undivided,Undiv,Country,2019,3,18,0
3475546,T20190005066,ABS to receive accident,Finished,14/3/2019,14.00.00,No,Vehicle overturned (no collision),Wednesday,OTHER ACCIDENTS-OFF STRAIGHT NOT INCLUDED IN DCAs 170-175,No,Day,No,T intersection,Serious injury accident,60 km/hr,No,341958,143.53663,-38.78252,Intersection,COLAC OTWAY,SOUTH WESTERN REGION,2372809.076,2301170.789,2,2,0,1,1,0,1,1,0,0,0,0,1,1,0,0,0,0,0,0,No,0,1,0,0,1,0,RURAL_VICTORIA,RURAL_VICTORIA,COLAC OTWAY,SOUTH WESTERN REGION,B,"B,C",Arterial Highway,"Arterial Highway,Arterial Other",Undivided,Undiv,Country,2019,3,14,0
3475547,T20190005079,ABS to receive accident,Finished,17/3/2019,10.40.00,No,Collision with vehicle,Sunday,HEAD ON (NOT OVERTAKING),No,Day,Yes,T intersection,Fatal accident,100 km/hr,No,343336,143.72315,-37.10457,Intersection,CENTRAL GOLDFIELDS,WESTERN REGION,2386521.47,2487636.005,3,3,1,2,0,0,2,1,0,1,2,0,0,0,0,0,0,0,2,0,No,0,2,0,2,0,0,RURAL_VICTORIA,RURAL_VICTORIA,CENTRAL GOLDFIELDS,WESTERN REGION,C,C,Arterial Other,"Arterial Other,Local Road",Undivided,Undiv,Country,2019,3,10,0
3475548,T20190005097,ABS to receive accident,Finished,17/3/2019,18.07.00,No,Collision with vehicle,,CROSS TRAFFIC(INTERSECTIONS ONLY),No,Day,Yes,Cross intersection,Serious injury accident,60 km/hr,No,49662,144.35865,-38.07416,Intersection,GEELONG,SOUTH WESTERN REGION,2443724.312,2380603.271,5,2,0,1,1,3,1,4,0,1,2,0,0,0,2,0,0,0,0,0,No,0,2,0,2,0,0,LARGE_PROVINCIAL_CITIES,LARGE_PROVINCIAL_CITIES,GEELONG,SOUTH WESTERN REGION,C,C,Arterial Other,"Arterial Other,Local Road",Divided,"Div,Undiv",Country,2019,3,18,0
3475549,T20190005101,ABS to receive accident,Finished,17/3/2019,20.09.00,No,Collision with vehicle,,OTHER ADJACENT (INTERSECTIONS ONLY),No,Day,Yes,T intersection,Serious injury accident,50 km/hr,No,72152,145.14852,-38.15723,Intersection,FRANKSTON,METROPOLITAN SOUTH EAST REGION,2513018.013,2371561.834,2,1,0,1,0,1,2,0,1,0,1,0,0,0,0,1,0,0,0,0,No,1,2,0,1,0,0,MELB_URBAN,MELB_URBAN,FRANKSTON,METROPOLITAN SOUTH EAST REGION,,,Local Road,Local Road,Undivided,Undiv,Metro,2019,3,20,0
3475550,T20190005113,ABS to receive accident,Finished,17/3/2019,23.15.00,No,Collision with vehicle,,RIGHT THROUGH,No,Dark Street lights on,Yes,T intersection,Serious injury accident,40 km/hr,No,343450,144.66761,-37.85746,Intersection,WYNDHAM,METROPOLITAN NORTH WEST REGION,2470750.122,2404793.698,3,2,0,2,0,1,3,0,0,0,1,0,0,2,0,0,0,0,0,0,No,2,3,0,1,2,0,MELB_URBAN,MELB_URBAN,WYNDHAM,METROPOLITAN NORTH WEST REGION,,,Local Road,Local Road,Undivided,Undiv,Metro,2019,3,23,0
3475551,T20190005128,ABS to receive accident,Finished,18/3/2019,08.00.00,Yes,Collision with vehicle,Sunday,REAR END(VEHICLES IN SAME LANE),No,Day,Yes,Not at intersection,Serious injury accident,80 km/hr,No,343401,144.73525,-37.82385,Non-Intersection,WYNDHAM,METROPOLITAN NORTH WEST REGION,2476691.787,2408543.044,3,2,0,1,1,1,2,1,0,1,2,0,0,0,0,0,0,0,0,0,No,0,2,1,1,0,0,RURAL_VICTORIA,RURAL_VICTORIA,WYNDHAM,METROPOLITAN NORTH WEST REGION,,,Local Road,Local Road,Undivided,Undiv,Metro,2019,3,08,0
3475553,T20190005142,ABS to receive accident,Finished,18/3/2019,15.50.00,No,Vehicle overturned (no collision),Sunday,OTHER ACCIDENTS-OFF STRAIGHT NOT INCLUDED IN DCAs 170-175,No,Day,Yes,T intersection,Serious injury accident,40 km/hr,No,37295,145.00709,-37.8112,Intersection,YARRA,METROPOLITAN NORTH WEST REGION,2500624.524,2409978.868,1,1,0,1,0,0,0,1,1,0,0,0,0,0,0,0,0,0,0,0,No,0,1,0,0,0,0,MELB_URBAN,MELB_URBAN,YARRA,METROPOLITAN NORTH WEST REGION,,,Arterial Other,"Arterial Other,Local Road",Undivided,Undiv,Metro,2019,3,15,0
3475554,T20190005193,ABS to receive accident,Finished,19/3/2019,07.10.00,No,Struck animal,Monday,STRUCK ANIMAL,No,Dusk/Dawn,Yes,Not at intersection,Serious injury accident,90 km/hr,No,343389,144.34217,-36.76945,Non-Intersection,BENDIGO,NORTHERN REGION,2441277.625,2525378.64,1,1,0,1,0,0,1,0,0,0,0,0,0,1,0,0,0,0,0,0,No,0,1,0,0,1,0,LARGE_PROVINCIAL_CITIES,LARGE_PROVINCIAL_CITIES,BENDIGO,NORTHERN REGION,B,B,Arterial Highway,Arterial Highway,Undivided,Undiv,Country,2019,3,07,0
3475555,T20190005300,ABS to receive accident,Finished,20/3/2019,07.00.00,No,Collision with vehicle,Tuesday,RIGHT FAR (INTERSECTIONS ONLY),No,Dusk/Dawn,Yes,T intersection,Serious injury accident,70 km/hr,No,343465,144.68344,-37.45744,Intersection,MACEDON RANGES,NORTHERN REGION,2471995.864,2449192.706,2,1,0,1,0,1,2,0,0,0,1,0,0,1,0,0,0,0,0,0,No,0,2,0,1,1,0,TOWNS,TOWNS,MACEDON RANGES,NORTHERN REGION,C,C,Arterial Other,"Arterial Other,Local Road",Undivided,Undiv,Country,2019,3,07,0
3475556,T20190005353,ABS to receive accident,Finished,21/3/2019,11.05.00,No,Collision with vehicle,Wednesday,RIGHT FAR (INTERSECTIONS ONLY),No,Day,Yes,T intersection,Serious injury accident,Not known,No,343464,144.94155,-37.79243,Intersection,MELBOURNE,METROPOLITAN NORTH WEST REGION,2494852.454,2412061.307,2,1,0,1,0,1,1,1,0,0,2,0,0,0,0,0,0,0,0,0,No,0,2,0,2,0,0,MELB_URBAN,MELB_URBAN,MELBOURNE,METROPOLITAN NORTH WEST REGION,,,Local Road,Local Road,Divided,"Div,Undiv",Metro,2019,3,11,0
3475557,T20190003419,ABS to receive accident,Finished,22/2/2019,08.45.00,No,Collision with vehicle,Thursday,RIGHT THROUGH,No,Day,Yes,Cross intersection,Other injury accident,50 km/hr,No,109,144.96756,-37.79716,Intersection,MELBOURNE,METROPOLITAN NORTH WEST REGION,2497142.842,2411537.254,2,1,0,0,1,1,1,1,0,0,2,0,0,0,0,0,0,0,0,0,No,0,2,0,2,0,0,MELB_URBAN,MELB_URBAN,MELBOURNE,METROPOLITAN NORTH WEST REGION,,,Local Road,Local Road,Divided,"Div,Undiv",Metro,2019,2,08,0
3475558,T20190003420,ABS to receive accident,Finished,22/2/2019,08.30.00,No,Collision with vehicle,Thursday,RIGHT NEAR (INTERSECTIONS ONLY),No,Day,Yes,Cross intersection,Other injury accident,50 km/hr,No,342577,145.17091,-37.78134,Intersection,MANNINGHAM,METROPOLITAN SOUTH EAST REGION,2515054.763,2413280.489,2,1,0,0,1,1,0,2,0,0,2,0,0,0,0,0,0,0,0,0,No,0,2,0,2,0,0,MELB_URBAN,MELB_URBAN,MANNINGHAM,METROPOLITAN SOUTH EAST REGION,,,Local Road,Local Road,Undivided,Undiv,Metro,2019,2,08,0
3475559,T20190003426,ABS to receive accident,Finished,21/2/2019,08.00.00,No,Collision with vehicle,Thursday,RIGHT TURN SIDESWIPE,Not known,Day,No,T intersection,Serious injury accident,80 km/hr,No,343288,145.26696,-38.00545,Non-Intersection,CASEY,METROPOLITAN SOUTH EAST REGION,2523446.052,2388386.936,2,1,0,1,0,1,1,0,0,0,0,0,0,1,1,0,0,0,0,0,No,0,2,0,0,1,0,MELB_URBAN,MELB_URBAN,CASEY,METROPOLITAN SOUTH EAST REGION,,,Arterial Highway,Arterial Highway,Divided,Div,Metro,2019,2,08,0
3475560,T20190003428,ABS to receive accident,Finished,21/2/2019,16.00.00,No,Collision with vehicle,Wednesday,UNKNOWN-NO DETAILS ON MANOEUVRES OF ROAD-USERS IN ACCIDENT,No,Day,No,Not at intersection,Other injury accident,50 km/hr,No,343005,145.14535,-37.67861,Off Road,NILLUMBIK,METROPOLITAN NORTH WEST REGION,2512820.868,2424685.214,1,1,0,0,1,0,1,0,1,0,0,0,0,0,0,1,0,0,0,0,No,0,2,0,1,0,0,MELB_URBAN,MELB_URBAN,NILLUMBIK,METROPOLITAN NORTH WEST REGION,,,,,,,Metro,2019,2,16,0
3475561,T20190003430,ABS to receive accident,Finished,22/2/2019,07.45.00,No,Collision with vehicle,Thursday,RIGHT THROUGH,No,Day,Yes,Not at intersection,Other injury accident,60 km/hr,No,342949,144.78281,-37.82787,Off Road,WYNDHAM,METROPOLITAN NORTH WEST REGION,2480880.259,2408107.177,2,1,0,0,1,1,2,0,0,0,2,0,0,0,0,0,0,0,0,0,No,0,2,1,1,0,0,MELB_URBAN,MELB_URBAN,WYNDHAM,METROPOLITAN NORTH WEST REGION,,,,,,,Metro,2019,2,07,0