OBJECTID,ACCIDENT_NO,ABS_CODE,ACCIDENT_STATUS,ACCIDENT_DATE,ACCIDENT_TIME,ALCOHOLTIME,ACCIDENT_TYPE,DAY_OF_WEEK,DCA_CODE,HIT_RUN_FLAG,LIGHT_CONDITION,POLICE_ATTEND,ROAD_GEOMETRY,SEVERITY,SPEED_ZONE,RUN_OFFROAD,NODE_ID,LONGITUDE,LATITUDE,NODE_TYPE,LGA_NAME,REGION_NAME,VICGRID_X,VICGRID_Y,TOTAL_PERSONS,INJ_OR_FATAL,FATALITY,SERIOUSINJURY,OTHERINJURY,NONINJURED,MALES,FEMALES,BICYCLIST,PASSENGER,DRIVER,PEDESTRIAN,PILLION,MOTORIST,UNKNOWN,PED_CYCLIST_5_12,PED_CYCLIST_13_18,OLD_PEDESTRIAN,OLD_DRIVER,YOUNG_DRIVER,ALCOHOL_RELATED,UNLICENCSED,NO_OF_VEHICLES,HEAVYVEHICLE,PASSENGERVEHICLE,MOTORCYCLE,PUBLICVEHICLE,DEG_URBAN_NAME,DEG_URBAN_ALL,LGA_NAME_ALL,REGION_NAME_ALL,SRNS,SRNS_ALL,RMA,RMA_ALL,DIVIDED,DIVIDED_ALL,STAT_DIV_NAME,Year,Month,Hour,ALCOHOL_RELATED
3475562,T20190003434,ABS to receive accident,Finished,21/2/2019,08.00.00,No,Collision with vehicle,Wednesday,CROSS TRAFFIC(INTERSECTIONS ONLY),No,Day,No,Cross intersection,Other injury accident,50 km/hr,No,29361,144.97507,-37.78492,Intersection,YARRA,METROPOLITAN NORTH WEST REGION,2497804.033,2412896.164,2,1,0,0,1,1,0,2,1,0,1,0,0,0,0,0,0,0,0,0,No,0,2,0,1,0,0,MELB_URBAN,MELB_URBAN,YARRA,METROPOLITAN NORTH WEST REGION,,,Local Road,Local Road,Undivided,Undiv,Metro,2019,2,08,0
3475563,T20190003436,ABS to receive accident,Finished,22/2/2019,05.45.00,Yes,Vehicle overturned (no collision),Thursday,OFF CARRIAGEWAY TO LEFT,No,Dark No street lights,Yes,Not at intersection,Other injury accident,100 km/hr,Yes,343185,147.6632,-37.00497,Non-Intersection,EAST GIPPSLAND,EASTERN REGION,2736973.517,2496133.809,1,1,0,0,1,0,0,1,0,0,1,0,0,0,0,0,0,0,0,1,No,0,1,0,1,0,0,RURAL_VICTORIA,RURAL_VICTORIA,EAST GIPPSLAND,"EASTERN REGION,EASTERN REGION",C,C,Arterial Other,Arterial Other,Undivided,Undiv,Country,2019,2,05,0
3475564,T20190003438,ABS to receive accident,Finished,22/2/2019,11.45.00,No,Collision with vehicle,Friday,HEAD ON (NOT OVERTAKING),No,Day,Yes,T intersection,Serious injury accident,50 km/hr,No,342779,145.29184,-38.05292,Intersection,CASEY,METROPOLITAN SOUTH EAST REGION,2525614.593,2383111.298,3,1,0,1,0,2,0,3,0,1,2,0,0,0,0,0,0,0,0,0,No,0,2,0,2,0,0,MELB_URBAN,MELB_URBAN,CASEY,METROPOLITAN SOUTH EAST REGION,,,Local Road,Local Road,Undivided,Undiv,Metro,2019,2,11,0
3475565,T20190003443,ABS to receive accident,Finished,22/2/2019,13.13.00,No,Collision with vehicle,Friday,LEFT NEAR (INTERSECTIONS ONLY),No,Day,Yes,T intersection,Other injury accident,80 km/hr,No,342706,145.13486,-37.96531,Intersection,DANDENONG,METROPOLITAN SOUTH EAST REGION,2511850.556,2392866.294,5,3,0,0,3,2,2,2,0,3,2,0,0,0,0,0,0,0,0,0,No,0,2,0,2,0,0,MELB_URBAN,MELB_URBAN,DANDENONG,METROPOLITAN SOUTH EAST REGION,,,Arterial Highway,"Arterial Highway,Arterial Other",Divided,Div,Metro,2019,2,13,0
3475566,T20190003444,ABS to receive accident,Finished,22/2/2019,13.15.00,No,Collision with vehicle,Friday,RIGHT THROUGH,No,Day,Yes,Cross intersection,Serious injury accident,70 km/hr,No,29681,145.07677,-37.9532,Intersection,KINGSTON,METROPOLITAN SOUTH EAST REGION,2506746.924,2394216.49,3,3,0,1,2,0,1,2,0,1,1,0,0,1,0,0,0,0,1,0,No,0,2,0,1,1,0,MELB_URBAN,MELB_URBAN,KINGSTON,METROPOLITAN SOUTH EAST REGION,,,Arterial Highway,"Arterial Highway,Local Road,Arterial Other",Divided,"Div,Undiv",Metro,2019,2,13,0
3475567,T20190003448,ABS to receive accident,Finished,22/2/2019,14.40.00,No,Collision with vehicle,Friday,REAR END(VEHICLES IN SAME LANE),Yes,Day,Yes,Not at intersection,Serious injury accident,50 km/hr,No,342943,145.26525,-38.10994,Off Road,CASEY,METROPOLITAN SOUTH EAST REGION,2523263.162,2376788.245,2,1,0,1,0,1,1,0,0,0,0,0,0,1,1,0,0,0,0,0,No,0,2,0,0,1,0,MELB_URBAN,MELB_URBAN,CASEY,METROPOLITAN SOUTH EAST REGION,,,,,,,Metro,2019,2,14,0
3475568,T20190003455,ABS to receive accident,Finished,22/2/2019,12.00.00,No,Collision with a fixed object,Friday,OFF RIGHT BEND INTO OBJECT/PARKED VEHICLE,No,Day,Yes,Not at intersection,Other injury accident,100 km/hr,Yes,342939,146.03003,-37.89246,Non-Intersection,BAW BAW,EASTERN REGION,2590597.641,2400470.145,1,1,0,0,1,0,1,0,0,0,0,0,0,1,0,0,0,0,0,0,No,0,1,0,0,1,0,RURAL_VICTORIA,RURAL_VICTORIA,BAW BAW,"EASTERN REGION,EASTERN REGION",C,C,Arterial Other,Arterial Other,Undivided,Undiv,Country,2019,2,12,0
3475569,T20190003464,ABS to receive accident,Finished,22/2/2019,11.06.00,No,Collision with vehicle,Friday,OTHER OPPOSING MANOEUVRES NOT INCLUDED IN DCAs 120-125.,No,Day,Yes,Not at intersection,Other injury accident,70 km/hr,No,342541,144.99142,-37.80933,Non-Intersection,YARRA,METROPOLITAN NORTH WEST REGION,2499244.267,2410187.171,2,1,0,0,1,1,1,1,1,0,1,0,0,0,0,0,0,0,0,1,No,0,2,0,1,0,0,MELB_URBAN,MELB_URBAN,YARRA,METROPOLITAN NORTH WEST REGION,,,Arterial Highway,Arterial Highway,Divided,Div,Metro,2019,2,11,0
3475570,T20190003468,ABS to receive accident,Finished,22/2/2019,16.40.00,Yes,Collision with vehicle,Friday,CROSS TRAFFIC(INTERSECTIONS ONLY),No,Day,Yes,Cross intersection,Other injury accident,50 km/hr,No,52837,143.81603,-37.55687,Intersection,BALLARAT,WESTERN REGION,2395399.922,2437555.086,3,1,0,0,1,2,2,1,0,1,2,0,0,0,0,0,0,0,1,1,No,0,2,0,2,0,0,LARGE_PROVINCIAL_CITIES,LARGE_PROVINCIAL_CITIES,BALLARAT,WESTERN REGION,,,Local Road,Local Road,Undivided,Undiv,Country,2019,2,16,0
3475571,T20190004081,ABS to receive accident,Finished,2/3/2019,21.00.00,Yes,Vehicle overturned (no collision),Saturday,OTHER ACCIDENTS-OFF STRAIGHT NOT INCLUDED IN DCAs 170-175,No,Dark Street lights unknown,Yes,Not at intersection,Other injury accident,60 km/hr,No,343223,145.01418,-37.65098,Non-Intersection,WHITTLESEA,METROPOLITAN NORTH WEST REGION,2501251.551,2427760.63,1,1,0,0,1,0,1,0,0,0,0,0,0,1,0,0,0,0,0,0,No,0,1,0,0,1,0,MELB_URBAN,MELB_URBAN,WHITTLESEA,METROPOLITAN NORTH WEST REGION,,,Arterial Other,Arterial Other,Divided,Div,Metro,2019,3,21,0
3475572,T20190004090,ABS to receive accident,Finished,3/3/2019,03.00.00,Yes,Collision with vehicle,Sunday,OTHER OPPOSING MANOEUVRES NOT INCLUDED IN DCAs 120-125.,No,Dark Street lights on,Yes,Not at intersection,Other injury accident,50 km/hr,No,343035,144.9243,-37.6957,Non-Intersection,MORELAND,METROPOLITAN NORTH WEST REGION,2493323.928,2422795.871,3,2,0,0,2,1,1,0,0,1,2,0,0,0,0,0,0,0,0,1,No,0,3,0,3,0,0,MELB_URBAN,MELB_URBAN,MORELAND,METROPOLITAN NORTH WEST REGION,,,Local Road,Local Road,Undivided,Undiv,Metro,2019,3,03,0
3475573,T20190004091,ABS to receive accident,Finished,2/3/2019,10.00.00,No,Collision with vehicle,Friday,LANE CHANGE RIGHT (NOT OVERTAKING),No,Day,Yes,T intersection,Serious injury accident,100 km/hr,No,29829,145.46842,-38.21166,Intersection,CARDINIA,METROPOLITAN SOUTH EAST REGION,2541026.58,2365428.64,2,1,0,1,0,1,1,0,0,0,1,0,0,1,0,0,0,0,0,0,No,0,2,0,1,1,0,RURAL_VICTORIA,RURAL_VICTORIA,CARDINIA,METROPOLITAN SOUTH EAST REGION,M,"M,C",Arterial Highway,"Arterial Highway,Arterial Other",Divided,"Div,Undiv",Metro,2019,3,10,0
3475574,T20190004096,ABS to receive accident,Finished,3/3/2019,10.25.00,No,Collision with vehicle,,REAR END(VEHICLES IN SAME LANE),No,Day,Yes,Not at intersection,Other injury accident,70 km/hr,No,342867,144.70235,-37.7497,Non-Intersection,MELTON,METROPOLITAN NORTH WEST REGION,2473770.092,2416763.559,3,2,0,0,2,1,0,1,0,1,2,0,0,0,0,0,0,0,0,1,No,0,2,0,2,0,0,RURAL_VICTORIA,RURAL_VICTORIA,MELTON,METROPOLITAN NORTH WEST REGION,C,C,Arterial Other,Arterial Other,Divided,Div,Metro,2019,3,10,0
3475575,T20190004097,ABS to receive accident,Finished,3/3/2019,09.40.00,No,Collision with vehicle,,RIGHT THROUGH,No,Day,Yes,T intersection,Other injury accident,60 km/hr,No,278227,145.0324,-37.74097,Intersection,DAREBIN,METROPOLITAN NORTH WEST REGION,2502855.556,2417773.457,6,1,0,0,1,5,4,2,0,4,2,0,0,0,0,0,0,0,0,0,No,0,2,0,2,0,0,MELB_URBAN,MELB_URBAN,DAREBIN,METROPOLITAN NORTH WEST REGION,,,,,,,Metro,2019,3,09,0
3475576,T20190004098,ABS to receive accident,Finished,2/3/2019,11.00.00,No,Collision with vehicle,Friday,REAR END(VEHICLES IN SAME LANE),No,Day,No,T intersection,Other injury accident,50 km/hr,No,342843,145.27274,-38.07575,Intersection,CASEY,METROPOLITAN SOUTH EAST REGION,2523930.941,2380581.361,2,1,0,0,1,1,1,0,0,0,0,0,0,1,1,0,0,0,0,0,No,0,2,0,0,1,0,MELB_URBAN,MELB_URBAN,CASEY,METROPOLITAN SOUTH EAST REGION,,,Local Road,Local Road,Undivided,Undiv,Metro,2019,3,11,0
3475577,T20190004106,ABS to receive accident,Finished,3/3/2019,09.48.00,Yes,Collision with vehicle,Sunday,CROSS TRAFFIC(INTERSECTIONS ONLY),No,Day,Yes,Cross intersection,Other injury accident,60 km/hr,No,52708,144.13378,-37.33917,Intersection,HEPBURN,WESTERN REGION,2423251.181,2462014.836,3,3,0,0,3,0,1,2,0,1,2,0,0,0,0,0,0,0,0,1,No,0,2,0,2,0,0,TOWNS,TOWNS,HEPBURN,WESTERN REGION,A,A,Arterial Highway,"Arterial Highway,Local Road",Undivided,Undiv,Country,2019,3,09,0
3475578,T20190004111,ABS to receive accident,Finished,3/3/2019,13.25.00,No,Collision with vehicle,Sunday,REAR END(VEHICLES IN SAME LANE),No,Day,Yes,Not at intersection,Serious injury accident,100 km/hr,No,343300,145.13526,-37.79763,Non-Intersection,WHITEHORSE,METROPOLITAN SOUTH EAST REGION,2511912.21,2411476.518,1,1,0,1,0,0,1,0,0,0,1,0,0,0,0,0,0,0,0,0,No,0,2,0,2,0,0,MELB_URBAN,MELB_URBAN,WHITEHORSE,METROPOLITAN SOUTH EAST REGION,M,M,Freeway,Freeway,Divided,Div,Metro,2019,3,13,0
3475579,T20190004112,ABS to receive accident,Finished,3/3/2019,00.01.00,No,Fall from or in moving vehicle,,FELL IN/FROM VEHICLE,No,Dark No street lights,Yes,Not at intersection,Other injury accident,80 km/hr,No,342922,145.26273,-37.16044,Non-Intersection,MURRINDINDI,NORTH EASTERN REGION,2523333.156,2482164.767,2,1,0,0,1,1,2,0,0,1,1,0,0,0,0,0,0,0,0,1,No,0,1,0,1,0,0,RURAL_VICTORIA,RURAL_VICTORIA,"MURRINDINDI,MURRINDINDI",NORTH EASTERN REGION,,,Local Road,Local Road,Undivided,Undiv,Country,2019,3,00,0
3475580,T20190004114,ABS to receive accident,Finished,3/3/2019,11.40.00,No,collision with some other object,Sunday,STRUCK OBJECT ON CARRIAGEWAY,No,Day,Yes,Not at intersection,Serious injury accident,100 km/hr,No,342914,146.69762,-36.79677,Non-Intersection,ALPINE,NORTH EASTERN REGION,2651479.547,2521199.989,1,1,0,1,0,0,1,0,0,0,0,0,0,1,0,0,0,0,0,0,No,0,1,0,0,1,0,RURAL_VICTORIA,RURAL_VICTORIA,ALPINE,NORTH EASTERN REGION,,,Local Road,Local Road,Undivided,Undiv,Country,2019,3,11,0
3475581,T20190004118,ABS to receive accident,Finished,1/3/2019,13.15.00,No,Collision with vehicle,Thursday,RIGHT FAR (INTERSECTIONS ONLY),No,Day,No,Cross intersection,Other injury accident,60 km/hr,No,705,145.093,-37.88067,Intersection,MONASH,METROPOLITAN SOUTH EAST REGION,2508181.671,2402265.463,4,2,0,0,2,2,1,3,0,2,2,0,0,0,0,0,0,0,0,1,No,0,2,0,2,0,0,MELB_URBAN,MELB_URBAN,MONASH,METROPOLITAN SOUTH EAST REGION,,,Arterial Other,"Arterial Other,Local Road",Undivided,Undiv,Metro,2019,3,13,0
3475582,T20190004119,ABS to receive accident,Finished,3/3/2019,16.00.00,No,No collision and no object struck,,OFF CARRIAGEWAY TO RIGHT,No,Day,Yes,T intersection,Other injury accident,60 km/hr,Yes,29822,144.87039,-37.78175,Intersection,MARIBYRNONG,METROPOLITAN NORTH WEST REGION,2488583.493,2413239.956,1,1,0,0,1,0,1,0,0,0,0,0,0,1,0,0,0,0,0,0,No,0,1,0,0,1,0,MELB_URBAN,MELB_URBAN,MARIBYRNONG,METROPOLITAN NORTH WEST REGION,,,Arterial Other,"Arterial Other,Local Road",Undivided,Undiv,Metro,2019,3,16,0
3475583,T20190004124,ABS to receive accident,Finished,3/3/2019,17.39.00,Yes,Collision with vehicle,Sunday,U TURN,No,Day,Yes,T intersection,Other injury accident,60 km/hr,No,343051,145.00018,-37.86561,Non-Intersection,PORT PHILLIP,METROPOLITAN NORTH WEST REGION,2500015.642,2403941.103,2,1,0,0,1,1,1,1,0,0,1,0,0,1,0,0,0,0,0,0,No,0,2,0,1,1,0,MELB_URBAN,MELB_URBAN,PORT PHILLIP,METROPOLITAN NORTH WEST REGION,,,Arterial Other,Arterial Other,Undivided,Undiv,Metro,2019,3,17,0
3475584,T20190003469,ABS to receive accident,Finished,22/2/2019,16.35.00,Yes,Collision with vehicle,Friday,CROSS TRAFFIC(INTERSECTIONS ONLY),No,Day,Yes,Cross intersection,Other injury accident,60 km/hr,No,50631,143.58289,-38.35767,Intersection,COLAC OTWAY,SOUTH WESTERN REGION,2376126.976,2348397.995,2,1,0,0,1,1,1,1,0,0,2,0,0,0,0,0,0,0,1,0,No,0,3,0,3,0,0,SMALL_CITIES,SMALL_CITIES,COLAC OTWAY,SOUTH WESTERN REGION,C,C,Arterial Other,"Arterial Other,Local Road",Undivided,Undiv,Country,2019,2,16,0
3475585,T20190003470,ABS to receive accident,Finished,22/2/2019,15.45.00,No,Collision with vehicle,Friday,VEHICLE OFF FOOTPATH STRIKES VEH ON CARRIAGEWAY,No,Day,Yes,Cross intersection,Serious injury accident,50 km/hr,No,55675,142.02171,-37.74212,Intersection,SOUTHERN GRAMPIANS,SOUTH WESTERN REGION,2237557.288,2413540.473,3,1,0,1,0,2,1,1,1,1,1,0,0,0,0,1,0,0,0,0,No,0,2,0,1,0,0,TOWNS,TOWNS,SOUTHERN GRAMPIANS,SOUTH WESTERN REGION,B,"B,C",Arterial Highway,"Arterial Highway,Local Road,Arterial Other",Divided,"Div,Undiv",Country,2019,2,15,0
3475586,T20190003476,ABS to receive accident,Finished,22/2/2019,19.00.00,Yes,Collision with vehicle,Thursday,REAR END(VEHICLES IN SAME LANE),No,Day,Yes,Not at intersection,Other injury accident,80 km/hr,No,342535,144.9147,-37.83242,Non-Intersection,MELBOURNE,METROPOLITAN NORTH WEST REGION,2492491.423,2407621.342,2,1,0,0,1,1,0,2,0,0,2,0,0,0,0,0,0,0,0,1,No,0,2,0,2,0,0,MELB_URBAN,MELB_URBAN,MELBOURNE,METROPOLITAN NORTH WEST REGION,M,M,Freeway,Freeway,Divided,Div,Metro,2019,2,19,0
3475587,T20190003478,ABS to receive accident,Finished,22/2/2019,19.30.00,Yes,Collision with vehicle,Thursday,RIGHT FAR (INTERSECTIONS ONLY),No,Day,Yes,T intersection,Other injury accident,80 km/hr,No,43935,145.31857,-38.15991,Intersection,CASEY,METROPOLITAN SOUTH EAST REGION,2527921.067,2371226.92,2,2,0,0,2,0,1,1,0,0,2,0,0,0,0,0,0,0,0,0,No,0,2,0,2,0,0,RURAL_VICTORIA,RURAL_VICTORIA,CASEY,METROPOLITAN SOUTH EAST REGION,M,"M,C",Arterial Highway,"Arterial Highway,Arterial Other",Divided,"Div,Undiv",Metro,2019,2,19,0
3475588,T20190003481,ABS to receive accident,Finished,22/2/2019,16.00.00,Yes,Collision with vehicle,Friday,RIGHT FAR (INTERSECTIONS ONLY),No,Day,Yes,T intersection,Serious injury accident,80 km/hr,No,342788,145.07274,-37.88527,Non-Intersection,GLEN EIRA,METROPOLITAN SOUTH EAST REGION,2506398.686,2401755.486,2,1,0,1,0,1,2,0,0,0,1,0,0,1,0,0,0,0,0,1,No,0,2,0,1,1,0,MELB_URBAN,MELB_URBAN,GLEN EIRA,METROPOLITAN SOUTH EAST REGION,,,Arterial Highway,Arterial Highway,Divided,Div,Metro,2019,2,16,0
3475589,T20190003483,ABS to receive accident,Finished,22/2/2019,18.12.00,Yes,Collision with vehicle,Thursday,OTHER SAME DIRECTION-MANOUEVRES NOT INCLUDED IN DCAs 130-137,No,Day,Yes,Not at intersection,Other injury accident,80 km/hr,No,342662,145.06249,-37.86795,Non-Intersection,STONNINGTON,METROPOLITAN SOUTH EAST REGION,2505498.516,2403678.94,6,2,0,0,2,4,2,4,0,2,4,0,0,0,0,0,0,0,0,2,No,0,4,0,4,0,0,MELB_URBAN,MELB_URBAN,STONNINGTON,METROPOLITAN SOUTH EAST REGION,M,M,Freeway,Freeway,Divided,Div,Metro,2019,2,18,0
3475590,T20190003492,ABS to receive accident,Finished,22/2/2019,21.30.00,Yes,Collision with vehicle,Friday,CROSS TRAFFIC(INTERSECTIONS ONLY),No,Dark Street lights off,Yes,Cross intersection,Serious injury accident,80 km/hr,No,41267,145.01769,-37.91583,Intersection,BAYSIDE,METROPOLITAN SOUTH EAST REGION,2501555.66,2398366.497,2,1,0,1,0,1,1,1,0,0,2,0,0,0,0,0,0,0,1,1,No,0,2,0,2,0,0,MELB_URBAN,MELB_URBAN,BAYSIDE,METROPOLITAN SOUTH EAST REGION,,,Arterial Highway,"Arterial Highway,Arterial Other",Divided,"Div,Undiv",Metro,2019,2,21,0
3475591,T20190003494,ABS to receive accident,Finished,22/2/2019,23.00.00,Yes,Collision with vehicle,Friday,VEHICLE STRIKES DOOR OF PARKED/STATIONARY VEHICLE,No,Dark Street lights on,Yes,Cross intersection,Other injury accident,40 km/hr,No,35358,144.96383,-37.80959,Intersection,MELBOURNE,METROPOLITAN NORTH WEST REGION,2496814.741,2410157.038,4,1,0,0,1,3,3,0,0,1,1,0,0,0,2,0,0,0,0,0,No,0,2,0,1,0,0,MELBOURNE_CBD,"MELBOURNE_CBD,MELB_URBAN",MELBOURNE,METROPOLITAN NORTH WEST REGION,,,Local Road,Local Road,Undivided,Undiv,Metro,2019,2,23,0
3475592,T20190003500,ABS to receive accident,Finished,22/2/2019,23.30.00,Yes,Collision with vehicle,Thursday,U TURN,No,Dark Street lights on,Yes,T intersection,Serious injury accident,60 km/hr,No,29431,144.97736,-37.81551,Intersection,MELBOURNE,METROPOLITAN NORTH WEST REGION,2498006.468,2409500.529,2,1,0,1,0,1,2,0,0,0,2,0,0,0,0,0,0,0,0,0,No,1,2,0,1,0,1,MELB_URBAN,MELB_URBAN,MELBOURNE,METROPOLITAN NORTH WEST REGION,,,Arterial Other,"Arterial Other,Local Road",Divided,"Div,Undiv",Metro,2019,2,23,0
3475593,T20190003503,ABS to receive accident,Finished,23/2/2019,08.00.00,No,Collision with vehicle,Friday,VEHICLE STRIKES DOOR OF PARKED/STATIONARY VEHICLE,No,Day,Yes,Not at intersection,Other injury accident,50 km/hr,No,342544,144.99487,-37.78084,Non-Intersection,DAREBIN,METROPOLITAN NORTH WEST REGION,2499548.309,2413348.98,2,1,0,0,1,1,2,0,1,0,1,0,0,0,0,0,0,0,0,0,No,0,2,0,1,0,0,MELB_URBAN,MELB_URBAN,DAREBIN,METROPOLITAN NORTH WEST REGION,,,Arterial Other,Arterial Other,Undivided,Undiv,Metro,2019,2,08,0
3475594,T20190003504,ABS to receive accident,Finished,23/2/2019,07.50.00,Yes,Collision with vehicle,Saturday,HEAD ON (NOT OVERTAKING),No,Day,Yes,Not at intersection,Other injury accident,60 km/hr,No,342789,144.44994,-37.23324,Non-Intersection,MACEDON RANGES,NORTHERN REGION,2451195.054,2473978.317,2,2,0,0,2,0,2,0,0,0,2,0,0,0,0,0,0,0,0,1,No,0,2,0,2,0,0,TOWNS,TOWNS,MACEDON RANGES,NORTHERN REGION,,,Local Road,Local Road,Undivided,Undiv,Country,2019,2,07,0
3475595,T20190003506,ABS to receive accident,Finished,19/2/2019,12.30.00,No,Collision with vehicle,Tuesday,CROSS TRAFFIC(INTERSECTIONS ONLY),No,Day,Yes,Cross intersection,Serious injury accident,80 km/hr,No,46152,145.09131,-38.19511,Intersection,MORNINGTON PENINSULA,METROPOLITAN SOUTH EAST REGION,2507998.87,2367362.731,3,1,0,1,0,2,2,0,0,0,3,0,0,0,0,0,0,0,1,0,No,0,3,0,3,0,0,MELB_URBAN,MELB_URBAN,MORNINGTON PENINSULA,METROPOLITAN SOUTH EAST REGION,,,Arterial Highway,"Arterial Highway,Local Road",Divided,"Div,Undiv",Metro,2019,2,12,0
3475596,T20190003509,ABS to receive accident,Finished,23/2/2019,10.00.00,No,Collision with vehicle,Friday,RIGHT FAR (INTERSECTIONS ONLY),No,Day,Yes,T intersection,Serious injury accident,100 km/hr,No,35643,145.1095,-38.21394,Intersection,MORNINGTON PENINSULA,METROPOLITAN SOUTH EAST REGION,2509590.381,2365271.296,2,1,0,1,0,1,2,0,1,0,1,0,0,0,0,0,0,0,0,0,No,0,2,0,1,0,0,RURAL_VICTORIA,RURAL_VICTORIA,MORNINGTON PENINSULA,METROPOLITAN SOUTH EAST REGION,C,C,Arterial Highway,"Arterial Highway,Local Road",Divided,"Div,Undiv",Metro,2019,2,10,0
3475597,T20190004125,ABS to receive accident,Finished,1/3/2019,16.50.00,No,Collision with vehicle,Thursday,RIGHT FAR (INTERSECTIONS ONLY),No,Day,Yes,Cross intersection,Other injury accident,60 km/hr,No,242053,144.91447,-37.75031,Intersection,MOONEE VALLEY,METROPOLITAN NORTH WEST REGION,2492462.806,2416733.598,2,1,0,0,1,1,2,0,0,0,2,0,0,0,0,0,0,0,0,0,No,0,2,0,2,0,0,MELB_URBAN,MELB_URBAN,MOONEE VALLEY,METROPOLITAN NORTH WEST REGION,,,Arterial Other,"Arterial Other,Local Road",Divided,Div,Metro,2019,3,16,0
3475598,T20190004127,ABS to receive accident,Finished,3/3/2019,17.35.00,Yes,Collision with vehicle,Sunday,OTHER ADJACENT (INTERSECTIONS ONLY),No,Day,Yes,T intersection,Serious injury accident,50 km/hr,No,73859,141.6,-38.35931,Intersection,GLENELG,SOUTH WESTERN REGION,2202857.63,2343831.29,2,1,0,1,0,1,0,2,1,0,1,0,0,0,0,1,0,0,0,1,No,0,2,0,1,0,0,TOWNS,TOWNS,GLENELG,SOUTH WESTERN REGION,,,Local Road,Local Road,Undivided,Undiv,Country,2019,3,17,0
3475599,T20190004128,ABS to receive accident,Finished,1/3/2019,13.56.00,No,Collision with a fixed object,Friday,LEFT OFF CARRIAGEWAY INTO OBJECT/PARKED VEHICLE,No,Day,Yes,Not at intersection,Other injury accident,50 km/hr,Yes,342882,145.49761,-37.94769,Non-Intersection,CARDINIA,METROPOLITAN SOUTH EAST REGION,2543736.551,2394715.721,1,1,0,0,1,0,1,0,0,0,1,0,0,0,0,0,0,0,0,0,No,0,1,0,1,0,0,MELB_URBAN,MELB_URBAN,CARDINIA,METROPOLITAN SOUTH EAST REGION,,,Local Road,Local Road,Undivided,Undiv,Metro,2019,3,13,0
3475600,T20190004139,ABS to receive accident,Finished,3/3/2019,21.55.00,No,Collision with vehicle,,LEAVING PARKING,No,Dark No street lights,No,Not at intersection,Other injury accident,60 km/hr,No,342886,144.96889,-37.8052,Non-Intersection,MELBOURNE,METROPOLITAN NORTH WEST REGION,2497260.331,2410645.202,2,1,0,0,1,1,1,1,1,0,1,0,0,0,0,0,0,0,0,0,No,0,2,0,1,0,0,MELB_URBAN,MELB_URBAN,MELBOURNE,METROPOLITAN NORTH WEST REGION,,,Local Road,Local Road,Divided,Div,Metro,2019,3,21,0
3475601,T20190004145,ABS to receive accident,Finished,4/3/2019,07.47.00,Yes,Collision with vehicle,Sunday,REAR END(VEHICLES IN SAME LANE),No,Day,Yes,Not at intersection,Serious injury accident,80 km/hr,No,343105,144.96156,-37.82762,Non-Intersection,MELBOURNE,METROPOLITAN NORTH WEST REGION,2496615.689,2408156.303,2,1,0,1,0,1,2,0,0,0,1,0,0,1,0,0,0,0,0,0,No,0,2,0,1,1,0,MELB_URBAN,MELB_URBAN,MELBOURNE,METROPOLITAN NORTH WEST REGION,M,M,Freeway,Freeway,Divided,Div,Metro,2019,3,07,0
3475602,T20190004146,ABS to receive accident,Finished,26/2/2019,19.40.00,Yes,Collision with vehicle,Monday,RIGHT NEAR (INTERSECTIONS ONLY),No,Dusk/Dawn,Yes,T intersection,Other injury accident,50 km/hr,No,49891,144.33911,-38.14199,Intersection,GEELONG,SOUTH WESTERN REGION,2442062.7,2373062.015,2,1,0,0,1,1,1,1,0,0,2,0,0,0,0,0,0,0,0,1,No,0,2,0,2,0,0,LARGE_PROVINCIAL_CITIES,LARGE_PROVINCIAL_CITIES,GEELONG,SOUTH WESTERN REGION,,,Local Road,Local Road,Undivided,Undiv,Country,2019,2,19,0
3475603,T20190004149,ABS to receive accident,Finished,4/3/2019,08.00.00,No,Collision with vehicle,Monday,RIGHT THROUGH,No,Day,Yes,T intersection,Other injury accident,60 km/hr,No,225200,145.04221,-37.83782,Intersection,BOROONDARA,METROPOLITAN SOUTH EAST REGION,2503715.523,2407023.709,2,1,0,0,1,1,2,0,1,0,1,0,0,0,0,0,0,0,0,0,No,0,2,0,1,0,0,MELB_URBAN,MELB_URBAN,BOROONDARA,METROPOLITAN SOUTH EAST REGION,,,Local Road,Local Road,Undivided,Undiv,Metro,2019,3,08,0