OBJECTID,ACCIDENT_NO,ABS_CODE,ACCIDENT_STATUS,ACCIDENT_DATE,ACCIDENT_TIME,ALCOHOLTIME,ACCIDENT_TYPE,DAY_OF_WEEK,DCA_CODE,HIT_RUN_FLAG,LIGHT_CONDITION,POLICE_ATTEND,ROAD_GEOMETRY,SEVERITY,SPEED_ZONE,RUN_OFFROAD,NODE_ID,LONGITUDE,LATITUDE,NODE_TYPE,LGA_NAME,REGION_NAME,VICGRID_X,VICGRID_Y,TOTAL_PERSONS,INJ_OR_FATAL,FATALITY,SERIOUSINJURY,OTHERINJURY,NONINJURED,MALES,FEMALES,BICYCLIST,PASSENGER,DRIVER,PEDESTRIAN,PILLION,MOTORIST,UNKNOWN,PED_CYCLIST_5_12,PED_CYCLIST_13_18,OLD_PEDESTRIAN,OLD_DRIVER,YOUNG_DRIVER,ALCOHOL_RELATED,UNLICENCSED,NO_OF_VEHICLES,HEAVYVEHICLE,PASSENGERVEHICLE,MOTORCYCLE,PUBLICVEHICLE,DEG_URBAN_NAME,DEG_URBAN_ALL,LGA_NAME_ALL,REGION_NAME_ALL,SRNS,SRNS_ALL,RMA,RMA_ALL,DIVIDED,DIVIDED_ALL,STAT_DIV_NAME,Year,Month,Hour,ALCOHOL_RELATED
3475604,T20190004151,ABS to receive accident,Finished,4/3/2019,08.45.00,Yes,Collision with vehicle,Sunday,REAR END(VEHICLES IN SAME LANE),No,Day,Yes,Cross intersection,Serious injury accident,60 km/hr,No,343099,145.1955,-38.0722,Non-Intersection,FRANKSTON,METROPOLITAN SOUTH EAST REGION,2517154.641,2380992.28,3,1,0,1,0,2,2,1,0,1,2,0,0,0,0,0,0,0,0,0,No,0,2,0,2,0,0,MELB_URBAN,MELB_URBAN,FRANKSTON,METROPOLITAN SOUTH EAST REGION,,,Arterial Other,Arterial Other,Divided,Div,Metro,2019,3,08,0
3475605,T20190004155,ABS to receive accident,Finished,4/3/2019,09.45.00,Yes,Collision with vehicle,Sunday,CROSS TRAFFIC(INTERSECTIONS ONLY),No,Day,Yes,Cross intersection,Other injury accident,60 km/hr,No,52892,143.84063,-37.56432,Intersection,BALLARAT,WESTERN REGION,2397583.498,2436754.721,3,2,0,0,2,1,2,1,0,1,2,0,0,0,0,0,0,0,1,0,No,0,2,0,2,0,0,LARGE_PROVINCIAL_CITIES,LARGE_PROVINCIAL_CITIES,BALLARAT,WESTERN REGION,,,Local Road,Local Road,Undivided,Undiv,Country,2019,3,09,0
3475606,T20190004157,ABS to receive accident,Finished,25/2/2019,21.00.00,Yes,Collision with vehicle,Sunday,CROSS TRAFFIC(INTERSECTIONS ONLY),No,Dark Street lights on,Yes,Cross intersection,Other injury accident,60 km/hr,No,45097,144.97911,-37.41637,Intersection,MITCHELL,NORTHERN REGION,2498151.178,2453796.792,2,1,0,0,1,1,1,1,0,0,2,0,0,0,0,0,0,0,0,1,No,0,2,0,2,0,0,TOWNS,TOWNS,MITCHELL,NORTHERN REGION,B,"B,C",Arterial Highway,"Arterial Highway,Local Road,Arterial Other",Undivided,Undiv,Country,2019,2,21,0
3475607,T20190004165,ABS to receive accident,Finished,28/2/2019,19.15.00,Yes,Collision with vehicle,Wednesday,RIGHT THROUGH,No,Dusk/Dawn,Yes,Not at intersection,Other injury accident,80 km/hr,No,342876,145.15549,-37.93459,Non-Intersection,DANDENONG,METROPOLITAN SOUTH EAST REGION,2513669.211,2396273.544,3,1,0,0,1,2,1,2,0,1,2,0,0,0,0,0,0,0,0,1,No,0,2,0,2,0,0,MELB_URBAN,MELB_URBAN,DANDENONG,METROPOLITAN SOUTH EAST REGION,,,Arterial Highway,Arterial Highway,Divided,Div,Metro,2019,2,19,0
3475608,T20190004166,ABS to receive accident,Finished,4/3/2019,11.28.00,No,Struck Pedestrian,Sunday,VEH STRIKES PED ON FOOTPATH/MEDIAN/TRAFFIC ISLAND.,No,Day,Yes,Not at intersection,Other injury accident,40 km/hr,No,343222,144.80044,-37.74489,Non-Intersection,BRIMBANK,METROPOLITAN NORTH WEST REGION,2482412.742,2417319.957,2,1,0,0,1,1,2,0,0,0,1,1,0,0,0,0,0,1,1,0,No,0,2,0,2,0,0,MELB_URBAN,MELB_URBAN,BRIMBANK,METROPOLITAN NORTH WEST REGION,,,Arterial Other,Arterial Other,Undivided,Undiv,Metro,2019,3,11,0
3475609,T20190004172,ABS to receive accident,Finished,4/3/2019,06.15.00,No,Collision with vehicle,Monday,OTHER SAME DIRECTION-MANOUEVRES NOT INCLUDED IN DCAs 130-137,No,Dark No street lights,Yes,Not at intersection,Serious injury accident,60 km/hr,No,343076,145.21629,-38.02918,Non-Intersection,DANDENONG,METROPOLITAN SOUTH EAST REGION,2518990.305,2385764.094,2,1,0,1,0,1,1,1,0,0,0,0,0,1,1,0,0,0,0,0,No,0,2,0,1,1,0,MELB_URBAN,MELB_URBAN,DANDENONG,METROPOLITAN SOUTH EAST REGION,,,Local Road,Local Road,Undivided,Undiv,Metro,2019,3,06,0
3475610,T20190003510,ABS to receive accident,Finished,23/2/2019,02.57.00,Yes,Collision with vehicle,Saturday,LEFT OFF CARRIAGEWAY INTO OBJECT/PARKED VEHICLE,No,Dark Street lights on,Yes,Not at intersection,Fatal accident,50 km/hr,Yes,342568,144.9825,-37.71093,Non-Intersection,DAREBIN,METROPOLITAN NORTH WEST REGION,2498457.245,2421107.405,2,2,1,0,1,0,2,0,0,1,1,0,0,0,0,0,0,0,0,0,No,0,3,1,1,0,0,MELB_URBAN,MELB_URBAN,DAREBIN,METROPOLITAN NORTH WEST REGION,,,Local Road,Local Road,Undivided,Undiv,Metro,2019,2,02,0
3475611,T20190003511,ABS to receive accident,Finished,21/2/2019,17.30.00,No,Collision with vehicle,Wednesday,REAR END(VEHICLES IN SAME LANE),No,Day,No,Not at intersection,Other injury accident,60 km/hr,No,342617,145.13807,-38.1647,Non-Intersection,FRANKSTON,METROPOLITAN SOUTH EAST REGION,2512100.381,2370733.959,3,1,0,0,1,2,1,2,0,1,2,0,0,0,0,0,0,0,0,1,No,0,2,0,2,0,0,MELB_URBAN,MELB_URBAN,FRANKSTON,METROPOLITAN SOUTH EAST REGION,,,Local Road,Local Road,Undivided,Undiv,Metro,2019,2,17,0
3475612,T20190003513,ABS to receive accident,Finished,22/2/2019,16.30.00,No,Collision with vehicle,Thursday,REAR END(VEHICLES IN SAME LANE),No,Unk.,No,Multiple intersection,Other injury accident,50 km/hr,No,42016,144.99312,-37.91948,Intersection,BAYSIDE,METROPOLITAN SOUTH EAST REGION,2499395.319,2397960.967,2,1,0,0,1,1,1,1,1,0,1,0,0,0,0,0,0,0,0,0,No,0,2,0,1,0,0,MELB_URBAN,MELB_URBAN,BAYSIDE,METROPOLITAN SOUTH EAST REGION,,,Local Road,Local Road,Undivided,Undiv,Metro,2019,2,16,0
3475613,T20190003521,ABS to receive accident,Finished,21/2/2019,17.30.00,No,Collision with vehicle,Wednesday,REAR END(VEHICLES IN SAME LANE),No,Day,No,Multiple intersection,Other injury accident,60 km/hr,No,22510,143.82225,-37.5391,Intersection,BALLARAT,WESTERN REGION,2395925.186,2439533.427,2,1,0,0,1,1,1,1,0,0,2,0,0,0,0,0,0,0,0,0,No,0,2,0,2,0,0,LARGE_PROVINCIAL_CITIES,LARGE_PROVINCIAL_CITIES,BALLARAT,WESTERN REGION,C,C,Arterial Other,Arterial Other,Divided,Div,Country,2019,2,17,0
3475614,T20190003522,ABS to receive accident,Finished,23/2/2019,11.08.00,No,Struck Pedestrian,Saturday,PED NEAR SIDE. PED HIT BY VEHICLE FROM THE RIGHT.,No,Day,Yes,Not at intersection,Serious injury accident,60 km/hr,No,342545,145.14087,-37.80738,Non-Intersection,WHITEHORSE,METROPOLITAN SOUTH EAST REGION,2512404.476,2410393.964,2,1,0,1,0,1,1,1,0,0,1,1,0,0,0,0,0,1,0,0,No,0,1,0,1,0,0,MELB_URBAN,MELB_URBAN,WHITEHORSE,METROPOLITAN SOUTH EAST REGION,,,Arterial Other,Arterial Other,Undivided,Undiv,Metro,2019,2,11,0
3475615,T20190003523,ABS to receive accident,Finished,23/2/2019,13.00.00,No,Collision with vehicle,Friday,CROSS TRAFFIC(INTERSECTIONS ONLY),No,Day,Yes,Cross intersection,Other injury accident,60 km/hr,No,35942,144.966,-37.75568,Intersection,MORELAND,METROPOLITAN NORTH WEST REGION,2497003.594,2416140.706,6,1,0,0,1,5,0,1,0,4,2,0,0,0,0,0,0,0,0,0,No,0,2,0,2,0,0,MELB_URBAN,MELB_URBAN,MORELAND,METROPOLITAN NORTH WEST REGION,,,Arterial Other,"Arterial Other,Local Road",Undivided,Undiv,Metro,2019,2,13,0
3475616,T20190003531,ABS to receive accident,Finished,23/2/2019,16.25.00,Yes,Vehicle overturned (no collision),Saturday,OFF CARRIAGEWAY TO LEFT,No,Day,No,Not at intersection,Serious injury accident,50 km/hr,Yes,342623,144.82574,-37.85366,Non-Intersection,HOBSONS BAY,METROPOLITAN NORTH WEST REGION,2484664.461,2405253.144,1,1,0,1,0,0,0,1,0,0,0,0,0,1,0,0,0,0,0,0,No,0,1,0,0,1,0,MELB_URBAN,MELB_URBAN,HOBSONS BAY,METROPOLITAN NORTH WEST REGION,,,Local Road,Local Road,Undivided,Undiv,Metro,2019,2,16,0
3475617,T20190003533,ABS to receive accident,Finished,23/2/2019,11.30.00,No,Collision with vehicle,Saturday,HEAD ON (NOT OVERTAKING),No,Day,No,Not at intersection,Other injury accident,Not known,No,342667,145.85939,-37.555,Non-Intersection,YARRA RANGES,METROPOLITAN SOUTH EAST REGION,2575927.238,2438070.68,2,2,0,0,2,0,2,0,1,0,0,0,0,1,0,0,0,0,0,0,No,0,2,0,0,1,0,RURAL_VICTORIA,RURAL_VICTORIA,YARRA RANGES,METROPOLITAN SOUTH EAST REGION,C,C,Arterial Other,Arterial Other,Undivided,Undiv,Metro,2019,2,11,0
3475618,T20190003537,ABS to receive accident,Finished,18/2/2019,08.10.00,Yes,Struck Pedestrian,Sunday,PED EMERGES FROM IN FRONT OF PARKED OR STATIONARY VEHICLE,No,Unk.,Yes,Not at intersection,Other injury accident,Not known,No,342614,145.00742,-37.74403,Non-Intersection,DAREBIN,METROPOLITAN NORTH WEST REGION,2500653.946,2417434.223,2,1,0,0,1,1,0,2,0,0,1,1,0,0,0,0,0,0,0,0,No,0,1,0,1,0,0,MELB_URBAN,MELB_URBAN,DAREBIN,METROPOLITAN NORTH WEST REGION,,,Arterial Other,Arterial Other,Undivided,Undiv,Metro,2019,2,08,0
3475619,T20190003541,ABS to receive accident,Reopened,23/2/2019,16.35.00,Yes,Collision with vehicle,Friday,RIGHT OFF CARRIAGEWAY INTO OBJECT/PARKED VEHICLE,No,Day,Yes,T intersection,Fatal accident,60 km/hr,Yes,42450,145.13345,-37.96012,Intersection,DANDENONG,METROPOLITAN SOUTH EAST REGION,2511727.274,2393442.569,2,2,1,0,1,0,2,0,0,0,1,0,0,1,0,0,0,0,0,0,No,1,2,0,1,1,0,MELB_URBAN,MELB_URBAN,"KINGSTON,DANDENONG",METROPOLITAN SOUTH EAST REGION,,,Arterial Other,"Arterial Other,Local Road",Undivided,Undiv,Metro,2019,2,16,0
3475620,T20190003544,ABS to receive accident,Finished,23/2/2019,16.00.00,Yes,Collision with vehicle,Friday,REAR END(VEHICLES IN SAME LANE),No,Day,Yes,Not at intersection,Other injury accident,50 km/hr,No,342640,144.91567,-37.70422,Non-Intersection,MORELAND,METROPOLITAN NORTH WEST REGION,2492563.633,2421849.045,3,1,0,0,1,2,0,1,0,1,2,0,0,0,0,0,0,0,0,0,No,0,2,0,2,0,0,MELB_URBAN,MELB_URBAN,MORELAND,METROPOLITAN NORTH WEST REGION,,,Arterial Other,Arterial Other,Undivided,Undiv,Metro,2019,2,16,0
3475621,T20190003548,ABS to receive accident,Finished,23/2/2019,18.45.00,Yes,Collision with vehicle,Saturday,LANE CHANGE RIGHT (NOT OVERTAKING),No,Day,Yes,Not at intersection,Other injury accident,100 km/hr,No,342571,145.41473,-38.21406,Non-Intersection,CASEY,METROPOLITAN SOUTH EAST REGION,2536322.97,2365184.207,6,1,0,0,1,5,5,1,0,4,2,0,0,0,0,0,0,0,0,2,No,0,2,0,1,0,0,RURAL_VICTORIA,RURAL_VICTORIA,CASEY,METROPOLITAN SOUTH EAST REGION,M,M,Arterial Highway,Arterial Highway,Divided,Div,Metro,2019,2,18,0
3475622,T20190003552,ABS to receive accident,Finished,23/2/2019,19.25.00,Yes,Collision with vehicle,Saturday,RIGHT THROUGH,No,Dusk/Dawn,Yes,T intersection,Other injury accident,50 km/hr,No,342624,145.01486,-37.63573,Intersection,WHITTLESEA,METROPOLITAN NORTH WEST REGION,2501311.108,2429454.073,2,1,0,0,1,1,2,0,0,0,2,0,0,0,0,0,0,0,0,2,No,0,2,0,2,0,0,MELB_URBAN,MELB_URBAN,WHITTLESEA,METROPOLITAN NORTH WEST REGION,,,Local Road,Local Road,Undivided,Undiv,Metro,2019,2,19,0
3475623,T20190004180,ABS to receive accident,Finished,2/3/2019,21.15.00,Yes,collision with some other object,Friday,OFF LEFT BEND INTO OBJECT/PARKED VEHICLE,No,Unk.,No,T intersection,Other injury accident,Not known,Yes,35683,145.10764,-37.69969,Intersection,BANYULE,METROPOLITAN NORTH WEST REGION,2509491.571,2422349.785,1,1,0,0,1,0,1,0,0,0,0,0,0,1,0,0,0,0,0,0,No,0,1,0,0,1,0,MELB_URBAN,MELB_URBAN,BANYULE,METROPOLITAN NORTH WEST REGION,,,Arterial Other,Arterial Other,Divided,"Div,Undiv",Metro,2019,3,21,0
3475624,T20190004183,ABS to receive accident,Finished,4/3/2019,09.20.00,Yes,Collision with vehicle,Sunday,REAR END(VEHICLES IN SAME LANE),No,Day,Yes,Not at intersection,Serious injury accident,70 km/hr,No,343347,144.82598,-37.77666,Non-Intersection,BRIMBANK,METROPOLITAN NORTH WEST REGION,2484670.298,2413798.625,2,2,0,1,1,0,1,1,0,0,2,0,0,0,0,0,0,0,0,0,No,0,2,0,2,0,0,MELB_URBAN,MELB_URBAN,BRIMBANK,METROPOLITAN NORTH WEST REGION,,,Arterial Other,Arterial Other,Divided,Div,Metro,2019,3,09,0
3475625,T20190004187,ABS to receive accident,Finished,4/3/2019,14.28.00,No,Collision with a fixed object,Monday,LEFT OFF CARRIAGEWAY INTO OBJECT/PARKED VEHICLE,No,Day,Yes,T intersection,Other injury accident,100 km/hr,Yes,343145,145.19189,-37.99767,Intersection,DANDENONG,METROPOLITAN SOUTH EAST REGION,2516855.005,2389265.314,1,1,0,0,1,0,1,0,0,0,1,0,0,0,0,0,0,0,0,1,No,0,1,0,1,0,0,MELB_URBAN,MELB_URBAN,DANDENONG,METROPOLITAN SOUTH EAST REGION,M,M,Freeway,Freeway,Divided,"Div,Undiv",Metro,2019,3,14,0
3475626,T20190004189,ABS to receive accident,Finished,4/3/2019,16.16.00,No,Collision with vehicle,Monday,REAR END(VEHICLES IN SAME LANE),No,Day,Yes,Not at intersection,Other injury accident,60 km/hr,No,342928,145.49305,-38.07918,Non-Intersection,CARDINIA,METROPOLITAN SOUTH EAST REGION,2543260.32,2380123.712,3,2,0,0,2,1,1,2,0,1,2,0,0,0,0,0,0,0,0,0,No,0,2,0,2,0,0,SMALL_CITIES,SMALL_CITIES,CARDINIA,METROPOLITAN SOUTH EAST REGION,C,C,Arterial Other,Arterial Other,Undivided,Undiv,Metro,2019,3,16,0
3475627,T20190004193,ABS to receive accident,Finished,4/3/2019,15.15.00,No,Struck Pedestrian,Sunday,PED STRUCK WALKING TO/FROM OR BOARDING/ALIGHTING VEHICLE.,Yes,Day,No,Not at intersection,Other injury accident,40 km/hr,No,343047,145.14912,-37.84767,Non-Intersection,WHITEHORSE,METROPOLITAN SOUTH EAST REGION,2513123.859,2405921.75,2,1,0,0,1,1,0,1,0,0,1,1,0,0,0,0,0,0,0,0,No,0,1,0,1,0,0,MELB_URBAN,MELB_URBAN,WHITEHORSE,METROPOLITAN SOUTH EAST REGION,,,Local Road,Local Road,Undivided,Undiv,Metro,2019,3,15,0
3475628,T20190004194,ABS to receive accident,Finished,4/3/2019,17.55.00,Yes,Collision with vehicle,Sunday,LEFT REAR,No,Day,Yes,Not at intersection,Other injury accident,70 km/hr,No,342992,144.8456,-37.85024,Non-Intersection,HOBSONS BAY,METROPOLITAN NORTH WEST REGION,2486412.054,2405635.83,2,1,0,0,1,1,1,1,0,0,2,0,0,0,0,0,0,0,1,0,No,0,3,0,3,0,0,MELB_URBAN,MELB_URBAN,HOBSONS BAY,METROPOLITAN NORTH WEST REGION,,,Arterial Other,Arterial Other,Divided,Div,Metro,2019,3,17,0
3475629,T20190004198,ABS to receive accident,Finished,21/2/2019,22.36.00,Yes,Collision with vehicle,Thursday,RIGHT THROUGH,Yes,Dark Street lights on,Yes,Cross intersection,Serious injury accident,60 km/hr,No,29766,145.28279,-38.11303,Intersection,CASEY,METROPOLITAN SOUTH EAST REGION,2524800.422,2376440.535,2,2,0,1,1,0,1,1,0,0,2,0,0,0,0,0,0,0,0,2,No,0,2,0,2,0,0,MELB_URBAN,MELB_URBAN,CASEY,METROPOLITAN SOUTH EAST REGION,M,"M,C",Arterial Highway,"Arterial Highway,Arterial Other",Divided,Div,Metro,2019,2,22,0
3475630,T20190004200,ABS to receive accident,Finished,4/3/2019,17.55.00,Yes,Collision with vehicle,Sunday,CROSS TRAFFIC(INTERSECTIONS ONLY),No,Day,Yes,Cross intersection,Other injury accident,80 km/hr,No,35784,144.3518,-38.17653,Intersection,GEELONG,SOUTH WESTERN REGION,2443201.206,2369236.133,2,1,0,0,1,1,2,0,1,0,1,0,0,0,0,0,0,0,1,0,No,0,2,0,1,0,0,LARGE_PROVINCIAL_CITIES,LARGE_PROVINCIAL_CITIES,GEELONG,SOUTH WESTERN REGION,A,A,Arterial Highway,"Arterial Highway,Local Road",Divided,"Div,Undiv",Country,2019,3,17,0
3475631,T20190004201,ABS to receive accident,Finished,4/3/2019,18.50.00,Yes,Collision with a fixed object,Sunday,OUT OF CONTROL (OVERTAKING),No,Day,Yes,Not at intersection,Serious injury accident,60 km/hr,Yes,342987,145.05825,-37.69962,Non-Intersection,WHITTLESEA,METROPOLITAN NORTH WEST REGION,2505136.687,2422361.657,3,2,0,1,1,1,2,1,0,2,1,0,0,0,0,0,0,0,0,0,No,0,1,0,1,0,0,MELB_URBAN,MELB_URBAN,WHITTLESEA,METROPOLITAN NORTH WEST REGION,,,Arterial Highway,Arterial Highway,Divided,Div,Metro,2019,3,18,0
3475632,T20190004216,ABS to receive accident,Finished,5/3/2019,06.10.00,No,Struck Pedestrian,Monday,FAR SIDE. PED HIT BY VEHICLE FROM THE LEFT,No,Dark Street lights on,Yes,T intersection,Other injury accident,50 km/hr,No,342925,143.85769,-37.56961,Intersection,BALLARAT,WESTERN REGION,2399096.981,2436186.023,2,1,0,0,1,1,2,0,0,0,1,1,0,0,0,0,0,1,0,0,No,0,1,0,1,0,0,LARGE_PROVINCIAL_CITIES,LARGE_PROVINCIAL_CITIES,BALLARAT,WESTERN REGION,,,Local Road,Local Road,Undivided,Undiv,Country,2019,3,06,0
3475633,T20190004218,ABS to receive accident,Finished,3/3/2019,18.00.00,No,Collision with vehicle,,RIGHT REAR.,No,Dusk/Dawn,No,Not at intersection,Other injury accident,Not known,No,343102,144.80796,-37.74228,Non-Intersection,BRIMBANK,METROPOLITAN NORTH WEST REGION,2483074.726,2417611.971,2,1,0,0,1,1,1,1,0,0,2,0,0,0,0,0,0,0,0,0,No,0,2,0,2,0,0,MELB_URBAN,MELB_URBAN,BRIMBANK,METROPOLITAN NORTH WEST REGION,,,Local Road,Local Road,Undivided,Undiv,Metro,2019,3,18,0
3475635,T20190004224,ABS to receive accident,Finished,5/3/2019,08.30.00,No,Collision with a fixed object,Monday,OFF RIGHT BEND INTO OBJECT/PARKED VEHICLE,No,Day,Yes,Not at intersection,Other injury accident,80 km/hr,Yes,343040,144.86054,-37.72601,Non-Intersection,BRIMBANK,METROPOLITAN NORTH WEST REGION,2487706.214,2419424.835,1,1,0,0,1,0,1,0,0,0,1,0,0,0,0,0,0,0,1,0,No,0,1,0,1,0,0,MELB_URBAN,MELB_URBAN,BRIMBANK,METROPOLITAN NORTH WEST REGION,M,M,Freeway,Freeway,Undivided,Undiv,Metro,2019,3,08,0
3475636,T20190003554,ABS to receive accident,Finished,23/2/2019,20.50.00,Yes,collision with some other object,Saturday,STRUCK OBJECT ON CARRIAGEWAY,No,Dark No street lights,Yes,Not at intersection,Other injury accident,80 km/hr,No,342927,145.16151,-38.01297,Non-Intersection,DANDENONG,METROPOLITAN SOUTH EAST REGION,2514183.048,2387572.935,1,1,0,0,1,0,1,0,0,0,0,0,0,1,0,0,0,0,0,0,No,0,1,0,0,1,0,MELB_URBAN,MELB_URBAN,DANDENONG,METROPOLITAN SOUTH EAST REGION,,,Arterial Other,Arterial Other,Divided,Div,Metro,2019,2,20,0
3475637,T20190003558,ABS to receive accident,Finished,23/2/2019,17.00.00,Yes,Collision with a fixed object,Saturday,OFF RIGHT BEND INTO OBJECT/PARKED VEHICLE,No,Day,Yes,Not at intersection,Serious injury accident,100 km/hr,Yes,342655,147.29154,-36.91541,Non-Intersection,ALPINE,NORTH EASTERN REGION,2704149.07,2506928.771,1,1,0,1,0,0,1,0,0,0,0,0,0,1,0,0,0,0,0,0,No,0,1,0,0,1,0,RURAL_VICTORIA,RURAL_VICTORIA,ALPINE,NORTH EASTERN REGION,,,Local Road,Local Road,Undivided,Undiv,Country,2019,2,17,0
3475638,T20190003567,ABS to receive accident,Finished,23/2/2019,23.40.00,Yes,Fall from or in moving vehicle,Saturday,FELL IN/FROM VEHICLE,No,Dark No street lights,Yes,Not at intersection,Other injury accident,Camping grounds or off road,No,343110,147.58438,-37.7034,Non-Intersection,EAST GIPPSLAND,EASTERN REGION,2727858.521,2418850.309,3,1,0,0,1,2,2,1,0,1,1,1,0,0,0,0,1,0,0,1,No,0,1,0,1,0,0,RURAL_VICTORIA,RURAL_VICTORIA,EAST GIPPSLAND,"EASTERN REGION,EASTERN REGION",,,Local Road,Local Road,Undivided,Undiv,Country,2019,2,23,0
3475639,T20190003568,ABS to receive accident,Finished,24/2/2019,03.00.00,No,Collision with a fixed object,,LEFT OFF CARRIAGEWAY INTO OBJECT/PARKED VEHICLE,Yes,Dark Street lights on,Yes,T intersection,Other injury accident,60 km/hr,Yes,43989,145.06768,-38.23511,Intersection,MORNINGTON PENINSULA,METROPOLITAN SOUTH EAST REGION,2505926.362,2362924.098,1,1,0,0,1,0,0,1,0,0,1,0,0,0,0,0,0,0,0,1,No,0,1,0,1,0,0,MELB_URBAN,MELB_URBAN,MORNINGTON PENINSULA,METROPOLITAN SOUTH EAST REGION,,,Local Road,Local Road,Undivided,Undiv,Metro,2019,2,03,0
3475640,T20190003569,ABS to receive accident,Finished,23/2/2019,00.20.00,Yes,Collision with vehicle,Saturday,CROSS TRAFFIC(INTERSECTIONS ONLY),No,Dark Street lights on,Yes,Cross intersection,Serious injury accident,60 km/hr,No,41012,145.28707,-37.83757,Intersection,KNOX,METROPOLITAN SOUTH EAST REGION,2525268.62,2407015.087,3,1,0,1,0,2,2,1,0,1,2,0,0,0,0,0,0,0,0,1,No,0,2,0,2,0,0,MELB_URBAN,MELB_URBAN,KNOX,METROPOLITAN SOUTH EAST REGION,,,Arterial Other,Arterial Other,Divided,Div,Metro,2019,2,00,0
3475641,T20190003570,ABS to receive accident,Finished,24/2/2019,07.30.00,No,Collision with vehicle,,RIGHT THROUGH,No,Dusk/Dawn,No,T intersection,Other injury accident,60 km/hr,No,39960,144.85845,-37.8323,Intersection,HOBSONS BAY,METROPOLITAN NORTH WEST REGION,2487539.855,2407628.26,2,1,0,0,1,1,2,0,1,0,1,0,0,0,0,0,0,0,0,0,No,0,2,0,1,0,0,MELB_URBAN,MELB_URBAN,HOBSONS BAY,METROPOLITAN NORTH WEST REGION,,,Arterial Other,"Arterial Other,Local Road",Undivided,Undiv,Metro,2019,2,07,0
3475642,T20190003574,ABS to receive accident,Finished,24/2/2019,08.45.00,No,Vehicle overturned (no collision),,OTHER ACCIDENTS-OFF STRAIGHT NOT INCLUDED IN DCAs 170-175,No,Day,Yes,T intersection,Other injury accident,100 km/hr,No,50497,142.33371,-37.62952,Intersection,SOUTHERN GRAMPIANS,SOUTH WESTERN REGION,2264691.919,2426847.4,2,1,0,0,1,1,1,1,0,0,0,0,1,1,0,0,0,0,0,0,No,0,1,0,0,1,0,RURAL_VICTORIA,RURAL_VICTORIA,SOUTHERN GRAMPIANS,SOUTH WESTERN REGION,C,C,Arterial Other,Arterial Other,Undivided,Undiv,Country,2019,2,08,0
3475643,T20190003577,ABS to receive accident,Finished,24/2/2019,10.30.00,No,Collision with vehicle,,RIGHT THROUGH,No,Day,Yes,T intersection,Serious injury accident,60 km/hr,No,50070,144.35327,-38.16369,Intersection,GEELONG,SOUTH WESTERN REGION,2443320.324,2370661.639,2,1,0,1,0,1,1,1,1,0,1,0,0,0,0,0,0,0,0,0,No,0,2,0,1,0,0,LARGE_PROVINCIAL_CITIES,LARGE_PROVINCIAL_CITIES,GEELONG,SOUTH WESTERN REGION,,,Arterial Other,"Arterial Other,Local Road",Undivided,Undiv,Country,2019,2,10,0
3475644,T20190003578,ABS to receive accident,Finished,24/2/2019,11.15.00,No,Collision with vehicle,,CROSS TRAFFIC(INTERSECTIONS ONLY),No,Day,Yes,Cross intersection,Other injury accident,60 km/hr,No,46295,145.10459,-37.7674,Intersection,MANNINGHAM,METROPOLITAN SOUTH EAST REGION,2509215.142,2414835.843,5,1,0,0,1,4,3,2,1,3,1,0,0,0,0,0,0,0,0,0,No,0,2,0,1,0,0,MELB_URBAN,MELB_URBAN,MANNINGHAM,METROPOLITAN SOUTH EAST REGION,,,Arterial Other,"Arterial Other,Local Road",Undivided,Undiv,Metro,2019,2,11,0
3475646,T20190003580,ABS to receive accident,Finished,24/2/2019,12.00.00,No,Collision with vehicle,,RIGHT NEAR (INTERSECTIONS ONLY),No,Day,Yes,Cross intersection,Other injury accident,60 km/hr,No,39216,145.09831,-37.82046,Intersection,BOROONDARA,METROPOLITAN SOUTH EAST REGION,2508655.669,2408946.68,3,1,0,0,1,2,1,2,0,1,2,0,0,0,0,0,0,0,0,0,No,0,2,0,2,0,0,MELB_URBAN,MELB_URBAN,BOROONDARA,METROPOLITAN SOUTH EAST REGION,,,Local Road,Local Road,Undivided,Undiv,Metro,2019,2,12,0
3475647,T20190003581,ABS to receive accident,Finished,23/2/2019,10.30.00,No,Collision with a fixed object,Friday,OFF LEFT BEND INTO OBJECT/PARKED VEHICLE,No,Day,No,Not at intersection,Other injury accident,100 km/hr,Yes,343292,146.7034,-36.40386,Off Road,INDIGO,NORTH EASTERN REGION,2652774.448,2564779.308,1,1,0,0,1,0,0,1,0,0,0,0,0,1,0,0,0,0,0,0,No,0,1,0,0,1,0,RURAL_VICTORIA,RURAL_VICTORIA,INDIGO,NORTH EASTERN REGION,,,,,,,Country,2019,2,10,0
3475648,T20190003585,ABS to receive accident,Finished,24/2/2019,09.50.00,No,Struck Pedestrian,,PED NEAR SIDE. PED HIT BY VEHICLE FROM THE RIGHT.,No,Day,Yes,Cross intersection,Other injury accident,40 km/hr,No,40406,145.05279,-37.83092,Intersection,BOROONDARA,METROPOLITAN SOUTH EAST REGION,2504647.029,2407789.417,2,1,0,0,1,1,1,1,0,0,1,1,0,0,0,0,0,0,1,0,No,0,1,0,1,0,0,MELB_URBAN,MELB_URBAN,BOROONDARA,METROPOLITAN SOUTH EAST REGION,,,Arterial Other,"Arterial Other,Local Road",Undivided,Undiv,Metro,2019,2,09,0