OBJECTID,ACCIDENT_NO,ABS_CODE,ACCIDENT_STATUS,ACCIDENT_DATE,ACCIDENT_TIME,ALCOHOLTIME,ACCIDENT_TYPE,DAY_OF_WEEK,DCA_CODE,HIT_RUN_FLAG,LIGHT_CONDITION,POLICE_ATTEND,ROAD_GEOMETRY,SEVERITY,SPEED_ZONE,RUN_OFFROAD,NODE_ID,LONGITUDE,LATITUDE,NODE_TYPE,LGA_NAME,REGION_NAME,VICGRID_X,VICGRID_Y,TOTAL_PERSONS,INJ_OR_FATAL,FATALITY,SERIOUSINJURY,OTHERINJURY,NONINJURED,MALES,FEMALES,BICYCLIST,PASSENGER,DRIVER,PEDESTRIAN,PILLION,MOTORIST,UNKNOWN,PED_CYCLIST_5_12,PED_CYCLIST_13_18,OLD_PEDESTRIAN,OLD_DRIVER,YOUNG_DRIVER,ALCOHOL_RELATED,UNLICENCSED,NO_OF_VEHICLES,HEAVYVEHICLE,PASSENGERVEHICLE,MOTORCYCLE,PUBLICVEHICLE,DEG_URBAN_NAME,DEG_URBAN_ALL,LGA_NAME_ALL,REGION_NAME_ALL,SRNS,SRNS_ALL,RMA,RMA_ALL,DIVIDED,DIVIDED_ALL,STAT_DIV_NAME,Year,Month,Hour,ALCOHOL_RELATED
3475649,T20190004225,ABS to receive accident,Finished,4/3/2019,16.50.00,Yes,Collision with vehicle,Sunday,VEHICLE STRIKES ANOTHER VEH WHILE EMERGING FROM DRIVEWAY,No,Day,Yes,Not at intersection,Other injury accident,60 km/hr,No,343265,145.02481,-37.90866,Non-Intersection,BAYSIDE,METROPOLITAN SOUTH EAST REGION,2502181.786,2399161.76,2,1,0,0,1,1,1,1,0,0,2,0,0,0,0,0,0,0,0,0,No,0,2,0,1,0,0,MELB_URBAN,MELB_URBAN,"GLEN EIRA,BAYSIDE",METROPOLITAN SOUTH EAST REGION,,,Local Road,Local Road,Undivided,Undiv,Metro,2019,3,16,0
3475650,T20190004229,ABS to receive accident,Finished,5/3/2019,08.12.00,No,Collision with vehicle,Monday,REAR END(VEHICLES IN SAME LANE),No,Day,Yes,Not at intersection,Other injury accident,110 km/hr,No,342997,144.57794,-37.69162,Non-Intersection,MELTON,METROPOLITAN NORTH WEST REGION,2462777.699,2423168.039,3,2,0,0,2,1,1,2,0,0,3,0,0,0,0,0,0,0,0,0,No,0,3,1,2,0,0,SMALL_CITIES,SMALL_CITIES,MELTON,METROPOLITAN NORTH WEST REGION,M,M,Freeway,Freeway,Divided,Div,Metro,2019,3,08,0
3475651,T20190004231,ABS to receive accident,Finished,5/3/2019,08.50.00,No,Collision with vehicle,Monday,REAR END(VEHICLES IN SAME LANE),No,Day,No,T intersection,Other injury accident,70 km/hr,No,37068,144.98957,-37.82029,Intersection,MELBOURNE,METROPOLITAN NORTH WEST REGION,2499081.871,2408970.556,2,1,0,0,1,1,2,0,1,0,1,0,0,0,0,0,0,0,0,0,No,0,2,0,1,0,0,MELB_URBAN,MELB_URBAN,"YARRA,MELBOURNE",METROPOLITAN NORTH WEST REGION,,,Arterial Highway,"Arterial Highway,Local Road",Divided,"Div,Undiv",Metro,2019,3,08,0
3475652,T20190004232,ABS to receive accident,Finished,5/3/2019,11.10.00,No,Collision with vehicle,Monday,RIGHT TURN SIDESWIPE,No,Day,Yes,T intersection,Other injury accident,60 km/hr,No,39039,145.05996,-37.81419,Intersection,BOROONDARA,METROPOLITAN SOUTH EAST REGION,2505279.711,2409646.343,2,2,0,0,2,0,0,2,0,0,2,0,0,0,0,0,0,0,1,0,No,0,2,0,2,0,0,MELB_URBAN,MELB_URBAN,BOROONDARA,METROPOLITAN SOUTH EAST REGION,,,Arterial Other,"Arterial Other,Local Road",Undivided,Undiv,Metro,2019,3,11,0
3475653,T20190004241,ABS to receive accident,Finished,4/3/2019,15.30.00,No,Collision with vehicle,Sunday,RIGHT FAR (INTERSECTIONS ONLY),Yes,Day,No,T intersection,Other injury accident,60 km/hr,No,50134,144.33431,-38.17442,Intersection,GEELONG,SOUTH WESTERN REGION,2441666.246,2369459.852,2,1,0,0,1,1,1,0,1,0,0,0,0,0,1,0,1,0,0,0,No,0,2,0,0,0,0,LARGE_PROVINCIAL_CITIES,LARGE_PROVINCIAL_CITIES,GEELONG,SOUTH WESTERN REGION,,,Local Road,Local Road,Undivided,Undiv,Country,2019,3,15,0
3475654,T20190004242,ABS to receive accident,Finished,18/1/2019,12.20.00,No,Collision with vehicle,Thursday,REAR END(VEHICLES IN SAME LANE),No,Unk.,No,Not at intersection,Other injury accident,Not known,No,342937,145.02818,-37.68969,Non-Intersection,WHITTLESEA,METROPOLITAN NORTH WEST REGION,2502485.089,2423464.532,2,1,0,0,1,1,2,0,0,0,2,0,0,0,0,0,0,0,0,1,No,0,2,0,2,0,0,MELB_URBAN,MELB_URBAN,WHITTLESEA,METROPOLITAN NORTH WEST REGION,,,Arterial Other,Arterial Other,Undivided,Undiv,Metro,2019,1,12,0
3475655,T20190004246,ABS to receive accident,Finished,5/3/2019,10.45.00,No,Collision with vehicle,Monday,REVERSING IN STREAM OF TRAFFIC,No,Day,Yes,Not at intersection,Other injury accident,50 km/hr,No,343030,145.01358,-37.83332,Non-Intersection,STONNINGTON,METROPOLITAN SOUTH EAST REGION,2501195.103,2407523.922,1,1,0,0,1,0,0,1,0,0,1,0,0,0,0,0,0,0,1,0,No,0,2,0,2,0,0,MELB_URBAN,MELB_URBAN,STONNINGTON,METROPOLITAN SOUTH EAST REGION,,,Local Road,Local Road,Undivided,Undiv,Metro,2019,3,10,0
3475656,T20190004252,ABS to receive accident,Finished,3/3/2019,12.45.00,No,Collision with vehicle,Sunday,RIGHT REAR.,No,Day,No,Cross intersection,Other injury accident,40 km/hr,No,37263,145.00379,-37.81904,Intersection,YARRA,METROPOLITAN NORTH WEST REGION,2500333.568,2409109.186,5,1,0,0,1,4,2,3,0,3,2,0,0,0,0,0,0,0,1,0,No,0,2,0,2,0,0,MELB_URBAN,MELB_URBAN,YARRA,METROPOLITAN NORTH WEST REGION,,,Arterial Other,"Arterial Other,Local Road",Divided,"Div,Undiv",Metro,2019,3,12,0
3475657,T20190004259,ABS to receive accident,Finished,4/3/2019,18.30.00,Yes,Fall from or in moving vehicle,Sunday,OTHER ACCIDENTS-OFF STRAIGHT NOT INCLUDED IN DCAs 170-175,No,Day,Yes,T intersection,Other injury accident,50 km/hr,No,342938,145.14416,-38.13636,Non-Intersection,FRANKSTON,METROPOLITAN SOUTH EAST REGION,2512639.29,2373879.031,1,1,0,0,1,0,1,0,0,0,0,0,0,1,0,0,0,0,0,0,No,0,1,0,0,1,0,MELB_URBAN,MELB_URBAN,FRANKSTON,METROPOLITAN SOUTH EAST REGION,,,Local Road,Local Road,Undivided,Undiv,Metro,2019,3,18,0
3475658,T20190004260,ABS to receive accident,Finished,4/3/2019,17.50.00,Yes,Collision with vehicle,Sunday,REAR END(VEHICLES IN SAME LANE),No,Day,No,Not at intersection,Other injury accident,100 km/hr,No,343087,145.09981,-37.78433,Non-Intersection,BOROONDARA,METROPOLITAN SOUTH EAST REGION,2508791.936,2412956.519,3,2,0,0,2,1,1,2,0,1,2,0,0,0,0,0,0,0,0,0,No,0,2,0,2,0,0,MELB_URBAN,MELB_URBAN,BOROONDARA,METROPOLITAN SOUTH EAST REGION,M,M,Freeway,Freeway,Divided,Div,Metro,2019,3,17,0
3475659,T20190004262,ABS to receive accident,Finished,1/3/2019,21.25.00,Yes,Fall from or in moving vehicle,Thursday,OTHER ACCIDENTS-OFF STRAIGHT NOT INCLUDED IN DCAs 170-175,No,Dark Street lights unknown,No,Not at intersection,Other injury accident,60 km/hr,No,342984,143.65417,-37.66889,Intersection,GOLDEN PLAINS,SOUTH WESTERN REGION,2381276.658,2424933.903,1,1,0,0,1,0,1,0,0,0,0,0,0,1,0,0,0,0,0,0,No,0,1,0,0,1,0,RURAL_VICTORIA,RURAL_VICTORIA,GOLDEN PLAINS,SOUTH WESTERN REGION,B,B,Arterial Highway,"Arterial Highway,Local Road",Undivided,Undiv,Country,2019,3,21,0
3475660,T20190004272,ABS to receive accident,Finished,5/3/2019,15.25.00,No,Collision with vehicle,Monday,LEAVING PARKING,No,Day,Yes,Not at intersection,Serious injury accident,Other speed limit,No,343452,145.32337,-38.01407,Off Road,CASEY,METROPOLITAN SOUTH EAST REGION,2528397.388,2387414.402,1,1,0,1,0,0,0,1,0,0,1,0,0,0,0,0,0,0,0,0,No,0,2,0,2,0,0,MELB_URBAN,MELB_URBAN,CASEY,METROPOLITAN SOUTH EAST REGION,,,,,,,Metro,2019,3,15,0
3475661,T20190004274,ABS to receive accident,Finished,5/3/2019,18.40.00,Yes,Collision with vehicle,Monday,RIGHT THROUGH,No,Day,Yes,Cross intersection,Other injury accident,50 km/hr,No,37452,144.94749,-37.83898,Intersection,PORT PHILLIP,METROPOLITAN NORTH WEST REGION,2495377.693,2406895.11,3,1,0,0,1,2,1,2,0,0,3,0,0,0,0,0,0,0,0,0,No,0,3,0,3,0,0,MELB_URBAN,MELB_URBAN,PORT PHILLIP,METROPOLITAN NORTH WEST REGION,,,Local Road,Local Road,Divided,"Div,Undiv",Metro,2019,3,18,0
3475663,T20190003590,ABS to receive accident,Finished,24/2/2019,12.02.00,No,Collision with vehicle,Sunday,RIGHT REAR.,No,Day,Yes,Not at intersection,Serious injury accident,60 km/hr,No,343135,145.0255,-37.72484,Non-Intersection,DAREBIN,METROPOLITAN NORTH WEST REGION,2502248.234,2419564.131,2,1,0,1,0,1,1,1,0,0,1,0,0,1,0,0,0,0,0,0,Yes,0,2,0,1,1,0,MELB_URBAN,MELB_URBAN,DAREBIN,METROPOLITAN NORTH WEST REGION,,,Arterial Highway,Arterial Highway,Divided,Div,Metro,2019,2,12,1
3475664,T20190003594,ABS to receive accident,Finished,24/2/2019,15.00.00,No,Collision with vehicle,,HEAD ON (NOT OVERTAKING),No,Day,Yes,Not at intersection,Other injury accident,60 km/hr,No,342580,145.12551,-37.67106,Non-Intersection,NILLUMBIK,METROPOLITAN NORTH WEST REGION,2511071.634,2425524.999,5,1,0,0,1,4,0,5,0,3,2,0,0,0,0,0,0,0,0,0,No,0,2,0,2,0,0,MELB_URBAN,"RURAL_VICTORIA,MELB_URBAN",NILLUMBIK,METROPOLITAN NORTH WEST REGION,,,Arterial Other,Arterial Other,Undivided,Undiv,Metro,2019,2,15,0
3475665,T20190003599,ABS to receive accident,Finished,23/2/2019,18.05.00,Yes,Collision with vehicle,Friday,RIGHT NEAR (INTERSECTIONS ONLY),No,Day,Yes,Cross intersection,Other injury accident,60 km/hr,No,40652,145.113,-37.86108,Intersection,MONASH,METROPOLITAN SOUTH EAST REGION,2509943.272,2404437.414,3,1,0,0,1,2,1,2,0,1,2,0,0,0,0,0,0,0,0,0,No,0,2,0,2,0,0,MELB_URBAN,MELB_URBAN,MONASH,METROPOLITAN SOUTH EAST REGION,,,Arterial Other,"Arterial Other,Local Road",Undivided,Undiv,Metro,2019,2,18,0
3475666,T20190003610,ABS to receive accident,Finished,24/2/2019,15.00.00,No,Collision with vehicle,,VEHICLE STRIKES DOOR OF PARKED/STATIONARY VEHICLE,No,Day,Yes,T intersection,Other injury accident,40 km/hr,No,342612,144.99459,-37.84462,Non-Intersection,STONNINGTON,METROPOLITAN SOUTH EAST REGION,2499523.594,2406270.631,2,1,0,0,1,1,2,0,1,0,1,0,0,0,0,0,0,0,0,0,No,0,2,0,1,0,0,MELB_URBAN,MELB_URBAN,STONNINGTON,METROPOLITAN SOUTH EAST REGION,,,Local Road,Local Road,Undivided,Undiv,Metro,2019,2,15,0
3475667,T20190003615,ABS to receive accident,Finished,24/2/2019,18.30.00,No,Collision with vehicle,,REAR END(VEHICLES IN SAME LANE),No,Day,No,Not at intersection,Other injury accident,40 km/hr,No,343007,144.99858,-37.76929,Non-Intersection,DAREBIN,METROPOLITAN NORTH WEST REGION,2499874.767,2414631.036,2,1,0,0,1,1,1,1,1,0,1,0,0,0,0,0,0,0,0,1,No,0,2,0,1,0,0,MELB_URBAN,MELB_URBAN,DAREBIN,METROPOLITAN NORTH WEST REGION,,,Local Road,Local Road,Undivided,Undiv,Metro,2019,2,18,0
3475668,T20190003616,ABS to receive accident,Finished,24/2/2019,18.55.00,No,Collision with a fixed object,,RIGHT OFF CARRIAGEWAY INTO OBJECT/PARKED VEHICLE,No,Day,Yes,Not at intersection,Other injury accident,100 km/hr,Yes,342656,144.2345,-38.21176,Non-Intersection,SURF COAST,SOUTH WESTERN REGION,2432954.212,2365249.191,3,3,0,0,3,0,2,1,0,2,1,0,0,0,0,0,0,0,0,0,No,0,1,0,1,0,0,RURAL_VICTORIA,RURAL_VICTORIA,SURF COAST,SOUTH WESTERN REGION,M,M,Arterial Highway,Arterial Highway,Divided,Div,Country,2019,2,18,0
3475669,T20190003621,ABS to receive accident,Finished,24/2/2019,23.55.00,No,Collision with vehicle,,LEFT NEAR (INTERSECTIONS ONLY),No,Dark Street lights on,Yes,T intersection,Serious injury accident,80 km/hr,No,342926,145.43,-38.06461,Non-Intersection,CARDINIA,METROPOLITAN SOUTH EAST REGION,2537735.161,2381767.549,2,1,0,1,0,1,1,1,0,0,2,0,0,0,0,0,0,0,0,1,No,0,2,0,2,0,0,SMALL_TOWNS,"SMALL_TOWNS,RURAL_VICTORIA",CARDINIA,METROPOLITAN SOUTH EAST REGION,C,C,Arterial Other,Arterial Other,Divided,Div,Metro,2019,2,23,0
3475670,T20190003629,ABS to receive accident,Finished,25/2/2019,07.50.00,No,Collision with vehicle,Monday,REAR END(VEHICLES IN SAME LANE),No,Day,Yes,Not at intersection,Serious injury accident,50 km/hr,No,342649,144.39326,-38.03218,Non-Intersection,GEELONG,SOUTH WESTERN REGION,2446731.554,2385282.352,2,1,0,1,0,1,1,1,0,0,1,0,0,0,1,0,0,0,0,0,No,0,2,0,1,0,0,SMALL_CITIES,SMALL_CITIES,GEELONG,SOUTH WESTERN REGION,,,Local Road,Local Road,Undivided,Undiv,Country,2019,2,07,0
3475671,T20190003630,ABS to receive accident,Finished,25/2/2019,07.16.00,No,Collision with vehicle,Monday,CUTTING IN (OVERTAKING),No,Day,Yes,T intersection,Other injury accident,50 km/hr,No,43638,144.98948,-37.71185,Intersection,DAREBIN,METROPOLITAN NORTH WEST REGION,2499072.886,2421005.729,2,1,0,0,1,1,2,0,0,0,1,0,0,1,0,0,0,0,0,0,No,0,2,0,0,1,0,MELB_URBAN,MELB_URBAN,DAREBIN,METROPOLITAN NORTH WEST REGION,,,Local Road,Local Road,Undivided,Undiv,Metro,2019,2,07,0
3475672,T20190003635,ABS to receive accident,Finished,25/2/2019,07.00.00,No,Collision with a fixed object,Monday,OUT OF CONTROL (OVERTAKING),No,Day,Yes,Not at intersection,Other injury accident,100 km/hr,Yes,342606,144.11637,-37.92889,Non-Intersection,GOLDEN PLAINS,SOUTH WESTERN REGION,2422316.724,2396556.514,1,1,0,0,1,0,1,0,0,0,1,0,0,0,0,0,0,0,0,0,No,0,1,0,1,0,0,RURAL_VICTORIA,RURAL_VICTORIA,GOLDEN PLAINS,SOUTH WESTERN REGION,A,A,Arterial Highway,Arterial Highway,Undivided,Undiv,Country,2019,2,07,0
3475673,T20190003636,ABS to receive accident,Finished,25/2/2019,08.00.00,No,Collision with vehicle,Monday,CROSS TRAFFIC(INTERSECTIONS ONLY),No,Day,Yes,Cross intersection,Serious injury accident,60 km/hr,No,38868,145.02026,-37.81274,Intersection,BOROONDARA,METROPOLITAN SOUTH EAST REGION,2501783.832,2409808.766,2,1,0,1,0,1,2,0,0,0,1,0,0,1,0,0,0,0,0,0,No,0,2,0,1,1,0,MELB_URBAN,MELB_URBAN,BOROONDARA,METROPOLITAN SOUTH EAST REGION,,,Arterial Other,"Arterial Other,Local Road",Undivided,Undiv,Metro,2019,2,08,0
3475674,T20190003637,ABS to receive accident,Finished,25/2/2019,08.30.00,No,Collision with vehicle,Monday,REAR END(VEHICLES IN SAME LANE),No,Day,Yes,Not at intersection,Serious injury accident,60 km/hr,No,343109,143.85333,-37.53576,Non-Intersection,BALLARAT,WESTERN REGION,2398666.738,2439938.001,9,2,0,1,1,7,6,3,0,6,3,0,0,0,0,0,0,0,0,0,No,0,3,0,3,0,0,LARGE_PROVINCIAL_CITIES,LARGE_PROVINCIAL_CITIES,BALLARAT,WESTERN REGION,,,Local Road,Local Road,Undivided,Undiv,Country,2019,2,08,0
3475675,T20190004275,ABS to receive accident,Finished,5/3/2019,18.45.00,Yes,Collision with vehicle,Monday,LEFT NEAR (INTERSECTIONS ONLY),No,Day,Yes,T intersection,Other injury accident,50 km/hr,No,343039,145.13971,-37.95049,Intersection,DANDENONG,METROPOLITAN SOUTH EAST REGION,2512279.33,2394510.047,2,1,0,0,1,1,2,0,0,0,2,0,0,0,0,0,0,0,0,0,No,0,2,0,2,0,0,MELB_URBAN,MELB_URBAN,DANDENONG,METROPOLITAN SOUTH EAST REGION,,,Local Road,Local Road,Undivided,Undiv,Metro,2019,3,18,0
3475676,T20190004283,ABS to receive accident,Finished,5/3/2019,17.15.00,No,Collision with vehicle,Monday,REAR END(VEHICLES IN SAME LANE),No,Day,Yes,T intersection,Other injury accident,60 km/hr,No,342982,145.11527,-37.80034,Non-Intersection,WHITEHORSE,METROPOLITAN SOUTH EAST REGION,2510151.117,2411178.463,2,1,0,0,1,1,0,2,0,0,2,0,0,0,0,0,0,0,0,1,No,0,2,0,2,0,0,MELB_URBAN,MELB_URBAN,WHITEHORSE,METROPOLITAN SOUTH EAST REGION,,,Arterial Other,Arterial Other,Undivided,Undiv,Metro,2019,3,17,0
3475677,T20190004295,ABS to receive accident,Finished,6/3/2019,04.10.00,Yes,Collision with vehicle,Tuesday,REAR END(VEHICLES IN SAME LANE),No,Dark No street lights,Yes,Not at intersection,Other injury accident,110 km/hr,No,342998,144.97296,-37.47624,Non-Intersection,MITCHELL,NORTHERN REGION,2497608.418,2447153.182,2,1,0,0,1,1,1,1,0,0,2,0,0,0,0,0,0,0,1,0,No,0,2,0,2,0,0,RURAL_VICTORIA,RURAL_VICTORIA,MITCHELL,NORTHERN REGION,M,M,Freeway,Freeway,Undivided,Undiv,Country,2019,3,04,0
3475678,T20190004302,ABS to receive accident,Finished,27/2/2019,18.10.00,Yes,Struck Pedestrian,Tuesday,PED ON FOOTHPATH STRUCK BY VEHENTERING/LEAVING DRIVEWAY.,No,Day,No,Not at intersection,Other injury accident,Camping grounds or off road,No,343196,142.85093,-38.52505,Non-Intersection,CORANGAMITE,SOUTH WESTERN REGION,2312573.606,2328621.359,2,1,0,0,1,1,1,1,0,0,1,1,0,0,0,0,0,0,0,1,No,1,1,0,1,0,0,RURAL_VICTORIA,RURAL_VICTORIA,CORANGAMITE,SOUTH WESTERN REGION,,,Local Road,Local Road,Undivided,Undiv,Country,2019,2,18,0
3475679,T20190004303,ABS to receive accident,Finished,6/3/2019,08.40.00,No,Collision with vehicle,Tuesday,CROSS TRAFFIC(INTERSECTIONS ONLY),No,Day,Yes,Cross intersection,Serious injury accident,50 km/hr,No,36216,144.95745,-37.80392,Intersection,MELBOURNE,METROPOLITAN NORTH WEST REGION,2496253.14,2410786.038,2,1,0,1,0,1,2,0,1,0,1,0,0,0,0,0,0,0,0,0,No,0,2,0,1,0,0,MELB_URBAN,MELB_URBAN,MELBOURNE,METROPOLITAN NORTH WEST REGION,,,Local Road,Local Road,Undivided,Undiv,Metro,2019,3,08,0
3475680,T20190004304,ABS to receive accident,Finished,5/3/2019,16.40.00,No,Collision with a fixed object,Monday,LEFT OFF CARRIAGEWAY INTO OBJECT/PARKED VEHICLE,No,Day,Yes,Not at intersection,Other injury accident,100 km/hr,Yes,343227,143.7916,-37.34371,Non-Intersection,BALLARAT,WESTERN REGION,2392941.249,2461180.579,1,1,0,0,1,0,1,0,0,0,1,0,0,0,0,0,0,0,0,0,No,0,1,0,1,0,0,RURAL_VICTORIA,RURAL_VICTORIA,BALLARAT,WESTERN REGION,C,C,Arterial Other,Arterial Other,Undivided,Undiv,Country,2019,3,16,0
3475681,T20190004308,ABS to receive accident,Finished,6/3/2019,08.04.00,No,Struck Pedestrian,Tuesday,FAR SIDE. PED HIT BY VEHICLE FROM THE LEFT,No,Day,Yes,T intersection,Other injury accident,50 km/hr,No,343148,145.26682,-37.84141,Off Road,KNOX,METROPOLITAN SOUTH EAST REGION,2523485.003,2406593.109,2,1,0,0,1,1,1,1,0,0,1,1,0,0,0,0,0,0,0,1,No,0,1,0,1,0,0,MELB_URBAN,MELB_URBAN,KNOX,METROPOLITAN SOUTH EAST REGION,,,,,,,Metro,2019,3,08,0
3475682,T20190004309,ABS to receive accident,Finished,6/3/2019,07.25.00,No,Collision with vehicle,Tuesday,REAR END(VEHICLES IN SAME LANE),No,Day,Yes,Not at intersection,Other injury accident,100 km/hr,No,342991,144.77779,-37.85844,Non-Intersection,HOBSONS BAY,METROPOLITAN NORTH WEST REGION,2480445.732,2404713.442,5,1,0,0,1,4,2,3,0,2,3,0,0,0,0,0,0,0,0,0,No,0,3,0,3,0,0,MELB_URBAN,MELB_URBAN,HOBSONS BAY,METROPOLITAN NORTH WEST REGION,M,M,Freeway,Freeway,Divided,Div,Metro,2019,3,07,0
3475683,T20190004311,ABS to receive accident,Finished,6/3/2019,09.10.00,No,Collision with vehicle,Tuesday,LEAVING PARKING,No,Day,Yes,Not at intersection,Other injury accident,50 km/hr,No,342990,145.16355,-37.90855,Non-Intersection,MONASH,METROPOLITAN SOUTH EAST REGION,2514382.761,2399162.502,2,1,0,0,1,1,1,1,0,0,2,0,0,0,0,0,0,0,0,0,No,0,2,0,2,0,0,MELB_URBAN,MELB_URBAN,MONASH,METROPOLITAN SOUTH EAST REGION,,,Local Road,Local Road,Undivided,Undiv,Metro,2019,3,09,0
3475684,T20190004314,ABS to receive accident,Finished,4/3/2019,17.50.00,No,Collision with vehicle,Monday,REAR END(VEHICLES IN SAME LANE),No,Day,Yes,Not at intersection,Other injury accident,60 km/hr,No,343041,144.68232,-37.88097,Non-Intersection,WYNDHAM,METROPOLITAN NORTH WEST REGION,2472053.498,2402188.812,3,1,0,0,1,2,2,1,0,1,2,0,0,0,0,0,0,0,0,0,No,0,2,0,2,0,0,MELB_URBAN,MELB_URBAN,WYNDHAM,METROPOLITAN NORTH WEST REGION,C,C,Arterial Other,Arterial Other,Divided,Div,Metro,2019,3,17,0
3475685,T20190004316,ABS to receive accident,Finished,6/3/2019,08.15.00,No,Struck animal,Tuesday,STRUCK ANIMAL,No,Day,Yes,Not at intersection,Other injury accident,100 km/hr,No,343226,143.86054,-37.42323,Non-Intersection,HEPBURN,WESTERN REGION,2399154.916,2452432.747,1,1,0,0,1,0,1,0,0,0,0,0,0,1,0,0,0,0,0,0,No,0,1,0,0,1,0,RURAL_VICTORIA,RURAL_VICTORIA,HEPBURN,WESTERN REGION,,,Local Road,Local Road,Undivided,Undiv,Country,2019,3,08,0
3475686,T20190004319,ABS to receive accident,Finished,6/3/2019,08.50.00,No,Collision with vehicle,Tuesday,RIGHT NEAR (INTERSECTIONS ONLY),No,Day,Yes,T intersection,Other injury accident,70 km/hr,No,44463,144.35197,-38.15172,Intersection,GEELONG,SOUTH WESTERN REGION,2443197.275,2371989.318,3,2,0,0,2,1,0,3,0,0,3,0,0,0,0,0,0,0,0,0,No,0,3,0,3,0,0,LARGE_PROVINCIAL_CITIES,LARGE_PROVINCIAL_CITIES,GEELONG,SOUTH WESTERN REGION,A,"A,B",Arterial Highway,Arterial Highway,Divided,Div,Country,2019,3,08,0
3475687,T20190004327,ABS to receive accident,Finished,6/3/2019,11.20.00,No,Collision with vehicle,Tuesday,CROSS TRAFFIC(INTERSECTIONS ONLY),No,Day,Yes,Cross intersection,Other injury accident,60 km/hr,No,22729,144.10003,-37.57963,Intersection,MOORABOOL,WESTERN REGION,2420513.368,2435304.168,2,2,0,0,2,0,1,1,0,0,2,0,0,0,0,0,0,0,0,0,No,0,2,0,2,0,0,SMALL_TOWNS,SMALL_TOWNS,MOORABOOL,WESTERN REGION,,,Local Road,Local Road,Undivided,Undiv,Country,2019,3,11,0
3475688,T20190004332,ABS to receive accident,Finished,6/3/2019,14.04.00,No,Collision with vehicle,Tuesday,OTHER ADJACENT (INTERSECTIONS ONLY),No,Day,Yes,T intersection,Other injury accident,80 km/hr,No,40822,145.17118,-37.84291,Intersection,WHITEHORSE,METROPOLITAN SOUTH EAST REGION,2515066.185,2406446.936,2,1,0,0,1,1,0,2,0,0,2,0,0,0,0,0,0,0,0,2,No,0,2,0,2,0,0,MELB_URBAN,MELB_URBAN,WHITEHORSE,METROPOLITAN SOUTH EAST REGION,,,Arterial Highway,"Arterial Highway,Local Road",Divided,"Div,Undiv",Metro,2019,3,14,0
3475689,T20190003639,ABS to receive accident,Finished,25/2/2019,07.40.00,Yes,Collision with vehicle,Sunday,REAR END(VEHICLES IN SAME LANE),No,Day,Yes,Not at intersection,Other injury accident,60 km/hr,No,342644,145.17984,-37.79315,Non-Intersection,MANNINGHAM,METROPOLITAN SOUTH EAST REGION,2515838.823,2411967.802,2,2,0,0,2,0,1,1,0,0,2,0,0,0,0,0,0,0,0,1,No,0,2,0,2,0,0,MELB_URBAN,MELB_URBAN,MANNINGHAM,METROPOLITAN SOUTH EAST REGION,,,Arterial Other,Arterial Other,Undivided,Undiv,Metro,2019,2,07,0
3475690,T20190003646,ABS to receive accident,Finished,25/2/2019,08.20.00,Yes,Collision with vehicle,Sunday,LEFT REAR,No,Day,Yes,Not at intersection,Other injury accident,100 km/hr,No,342658,142.58455,-38.29045,Non-Intersection,MOYNE,SOUTH WESTERN REGION,2288686.048,2354101.561,2,1,0,0,1,1,2,0,0,0,2,0,0,0,0,0,0,0,0,1,No,0,2,1,0,0,0,RURAL_VICTORIA,RURAL_VICTORIA,MOYNE,SOUTH WESTERN REGION,B,B,Arterial Highway,Arterial Highway,Undivided,Undiv,Country,2019,2,08,0
3475691,T20190003647,ABS to receive accident,Finished,25/2/2019,12.05.00,No,Collision with vehicle,Sunday,CROSS TRAFFIC(INTERSECTIONS ONLY),No,Day,Yes,Cross intersection,Serious injury accident,80 km/hr,No,44796,145.72174,-38.62702,Intersection,BASS COAST,EASTERN REGION,2562863.551,2319177.215,2,1,0,1,0,1,1,1,0,0,1,0,0,1,0,0,0,0,0,0,No,0,2,0,1,1,0,TOWNS,TOWNS,BASS COAST,"EASTERN REGION,EASTERN REGION",B,"B,C",Arterial Highway,"Arterial Highway,Arterial Other",Undivided,Undiv,Country,2019,2,12,0
3475692,T20190003650,ABS to receive accident,Finished,25/2/2019,08.00.00,Yes,Struck Pedestrian,Sunday,PED STRUCK WALKING TO/FROM OR BOARDING/ALIGHTING VEHICLE.,No,Day,Yes,Not at intersection,Serious injury accident,40 km/hr,No,343340,144.96376,-37.72991,Non-Intersection,MORELAND,METROPOLITAN NORTH WEST REGION,2496805.345,2419000.817,2,1,0,1,0,1,0,2,0,0,1,1,0,0,0,0,1,0,0,0,No,0,1,0,1,0,0,MELB_URBAN,MELB_URBAN,MORELAND,METROPOLITAN NORTH WEST REGION,,,Arterial Other,Arterial Other,Undivided,Undiv,Metro,2019,2,08,0