OBJECTID,ACCIDENT_NO,ABS_CODE,ACCIDENT_STATUS,ACCIDENT_DATE,ACCIDENT_TIME,ALCOHOLTIME,ACCIDENT_TYPE,DAY_OF_WEEK,DCA_CODE,HIT_RUN_FLAG,LIGHT_CONDITION,POLICE_ATTEND,ROAD_GEOMETRY,SEVERITY,SPEED_ZONE,RUN_OFFROAD,NODE_ID,LONGITUDE,LATITUDE,NODE_TYPE,LGA_NAME,REGION_NAME,VICGRID_X,VICGRID_Y,TOTAL_PERSONS,INJ_OR_FATAL,FATALITY,SERIOUSINJURY,OTHERINJURY,NONINJURED,MALES,FEMALES,BICYCLIST,PASSENGER,DRIVER,PEDESTRIAN,PILLION,MOTORIST,UNKNOWN,PED_CYCLIST_5_12,PED_CYCLIST_13_18,OLD_PEDESTRIAN,OLD_DRIVER,YOUNG_DRIVER,ALCOHOL_RELATED,UNLICENCSED,NO_OF_VEHICLES,HEAVYVEHICLE,PASSENGERVEHICLE,MOTORCYCLE,PUBLICVEHICLE,DEG_URBAN_NAME,DEG_URBAN_ALL,LGA_NAME_ALL,REGION_NAME_ALL,SRNS,SRNS_ALL,RMA,RMA_ALL,DIVIDED,DIVIDED_ALL,STAT_DIV_NAME,Year,Month,Hour,ALCOHOL_RELATED
3475693,T20190003651,ABS to receive accident,Finished,25/2/2019,07.25.00,Yes,Collision with vehicle,Sunday,REAR END(VEHICLES IN SAME LANE),No,Day,Yes,Not at intersection,Serious injury accident,80 km/hr,No,342709,145.18974,-38.00094,Non-Intersection,DANDENONG,METROPOLITAN SOUTH EAST REGION,2516664.863,2388903.207,3,1,0,1,0,2,1,2,0,0,3,0,0,0,0,0,0,0,0,0,No,0,3,0,3,0,0,MELB_URBAN,MELB_URBAN,DANDENONG,METROPOLITAN SOUTH EAST REGION,,,Arterial Highway,Arterial Highway,Divided,Div,Metro,2019,2,07,0
3475694,T20190003654,ABS to receive accident,Finished,25/2/2019,12.04.00,No,Collision with vehicle,Sunday,CROSS TRAFFIC(INTERSECTIONS ONLY),No,Day,Yes,Cross intersection,Other injury accident,100 km/hr,No,58409,145.61924,-35.96985,Intersection,MOIRA,NORTH EASTERN REGION,2555853.936,2614121.046,4,1,0,0,1,3,2,0,0,0,2,0,0,0,2,0,0,0,0,0,No,0,2,1,1,0,0,RURAL_VICTORIA,RURAL_VICTORIA,MOIRA,NORTH EASTERN REGION,C,C,Arterial Other,"Arterial Other,Local Road",Undivided,Undiv,Country,2019,2,12,0
3475695,T20190003657,ABS to receive accident,Finished,25/2/2019,15.50.00,No,Collision with a fixed object,Monday,LEFT OFF CARRIAGEWAY INTO OBJECT/PARKED VEHICLE,No,Day,Yes,Not at intersection,Other injury accident,100 km/hr,Yes,342912,142.10989,-38.00341,Non-Intersection,MOYNE,SOUTH WESTERN REGION,2246205.222,2384792.826,1,1,0,0,1,0,1,0,0,0,1,0,0,0,0,0,0,0,0,0,No,0,1,1,0,0,0,RURAL_VICTORIA,RURAL_VICTORIA,MOYNE,SOUTH WESTERN REGION,,,Local Road,Local Road,Undivided,Undiv,Country,2019,2,15,0
3475696,T20190003659,ABS to receive accident,Finished,25/2/2019,15.30.00,No,Collision with vehicle,Monday,LEFT OFF CARRIAGEWAY INTO OBJECT/PARKED VEHICLE,No,Day,Yes,Not at intersection,Other injury accident,60 km/hr,Yes,342847,145.2821,-37.7406,Non-Intersection,MANNINGHAM,METROPOLITAN SOUTH EAST REGION,2524862.802,2417778.343,2,1,0,0,1,1,0,2,0,0,2,0,0,0,0,0,0,0,0,0,No,0,2,0,2,0,0,RURAL_VICTORIA,RURAL_VICTORIA,"YARRA RANGES,MANNINGHAM",METROPOLITAN SOUTH EAST REGION,,,Local Road,Local Road,Undivided,Undiv,Metro,2019,2,15,0
3475697,T20190003664,ABS to receive accident,Finished,25/2/2019,15.55.00,No,Collision with vehicle,Sunday,RIGHT THROUGH,No,Day,Yes,T intersection,Other injury accident,80 km/hr,No,39715,145.26327,-37.79129,Intersection,MAROONDAH,METROPOLITAN SOUTH EAST REGION,2523187.959,2412157.342,5,4,0,0,4,1,2,2,0,3,2,0,0,0,0,0,0,0,1,0,No,0,2,0,2,0,0,MELB_URBAN,MELB_URBAN,MAROONDAH,METROPOLITAN SOUTH EAST REGION,,,Arterial Highway,"Arterial Highway,Local Road",Divided,"Div,Undiv",Metro,2019,2,15,0
3475698,T20190003667,ABS to receive accident,Finished,23/2/2019,21.45.00,Yes,Collision with vehicle,Saturday,REAR END(VEHICLES IN SAME LANE),No,Dark Street lights unknown,No,Not at intersection,Other injury accident,Not known,No,342665,144.88179,-37.63296,Non-Intersection,HUME,METROPOLITAN NORTH WEST REGION,2489566.473,2429754.876,2,1,0,0,1,1,2,0,0,0,2,0,0,0,0,0,0,0,0,1,No,0,2,0,2,0,0,RURAL_VICTORIA,RURAL_VICTORIA,HUME,METROPOLITAN NORTH WEST REGION,C,C,Arterial Other,Arterial Other,Undivided,Undiv,Metro,2019,2,21,0
3475700,T20190003669,ABS to receive accident,Finished,25/2/2019,16.25.00,No,Collision with vehicle,Monday,CROSS TRAFFIC(INTERSECTIONS ONLY),No,Day,Yes,Cross intersection,Other injury accident,60 km/hr,No,51183,145.97153,-36.55618,Intersection,BENALLA,NORTH EASTERN REGION,2586965.74,2548801.56,4,4,0,0,4,0,1,3,0,2,2,0,0,0,0,0,0,0,1,0,No,0,2,0,2,0,0,TOWNS,TOWNS,BENALLA,NORTH EASTERN REGION,A,A,Arterial Highway,"Arterial Highway,Local Road",Undivided,Undiv,Country,2019,2,16,0
3475701,T20190003670,ABS to receive accident,Finished,25/2/2019,16.00.00,Yes,Collision with vehicle,Sunday,RIGHT NEAR (INTERSECTIONS ONLY),No,Day,Yes,T intersection,Other injury accident,60 km/hr,No,41700,145.12108,-37.91814,Intersection,MONASH,METROPOLITAN SOUTH EAST REGION,2510645.929,2398102.874,4,2,0,0,2,2,4,0,0,2,2,0,0,0,0,0,0,0,0,0,No,0,2,0,2,0,0,MELB_URBAN,MELB_URBAN,MONASH,METROPOLITAN SOUTH EAST REGION,,,Arterial Other,"Arterial Other,Local Road",Divided,"Div,Undiv",Metro,2019,2,16,0
3475702,T20190004335,ABS to receive accident,Finished,6/3/2019,14.35.00,No,Struck Pedestrian,Tuesday,PED ON FOOTHPATH STRUCK BY VEHENTERING/LEAVING DRIVEWAY.,No,Day,Yes,Not at intersection,Other injury accident,50 km/hr,No,343028,145.40403,-36.35597,Non-Intersection,SHEPPARTON,NORTH EASTERN REGION,2536261.295,2571382.323,3,1,0,0,1,2,0,3,0,0,1,2,0,0,0,0,0,0,0,1,No,0,1,0,1,0,0,SMALL_CITIES,SMALL_CITIES,SHEPPARTON,NORTH EASTERN REGION,,,Local Road,Local Road,Undivided,Undiv,Country,2019,3,14,0
3475703,T20190004351,ABS to receive accident,Finished,6/3/2019,16.48.00,No,Collision with vehicle,Tuesday,CROSS TRAFFIC(INTERSECTIONS ONLY),No,Day,Yes,Cross intersection,Other injury accident,60 km/hr,No,50198,144.55021,-38.18485,Intersection,GEELONG,SOUTH WESTERN REGION,2460591.244,2368412.103,2,1,0,0,1,1,1,1,1,0,1,0,0,0,0,0,0,0,0,0,No,0,2,0,1,0,0,RURAL_VICTORIA,RURAL_VICTORIA,GEELONG,SOUTH WESTERN REGION,C,C,Arterial Other,"Arterial Other,Local Road",Divided,"Div,Undiv",Country,2019,3,16,0
3475704,T20190004354,ABS to receive accident,Finished,3/3/2019,05.30.00,No,Collision with a fixed object,,RIGHT OFF CARRIAGEWAY INTO OBJECT/PARKED VEHICLE,No,Day,Yes,Not at intersection,Other injury accident,100 km/hr,Yes,343048,145.7515,-37.47974,Non-Intersection,MURRINDINDI,NORTH EASTERN REGION,2566460.976,2446502.081,1,1,0,0,1,0,1,0,0,0,1,0,0,0,0,0,0,0,0,0,No,0,1,0,1,0,0,RURAL_VICTORIA,RURAL_VICTORIA,"MURRINDINDI,MURRINDINDI",NORTH EASTERN REGION,C,C,Arterial Other,Arterial Other,Undivided,Undiv,Country,2019,3,05,0
3475705,T20190004359,ABS to receive accident,Finished,6/3/2019,15.00.00,No,Collision with vehicle,Tuesday,REAR END(VEHICLES IN SAME LANE),No,Day,Yes,T intersection,Other injury accident,80 km/hr,No,343133,145.06811,-37.97847,Non-Intersection,KINGSTON,METROPOLITAN SOUTH EAST REGION,2505983.621,2391411.281,4,1,0,0,1,3,0,3,0,1,3,0,0,0,0,0,0,0,0,1,No,0,3,0,3,0,0,MELB_URBAN,MELB_URBAN,KINGSTON,METROPOLITAN SOUTH EAST REGION,,,Arterial Highway,Arterial Highway,Divided,Div,Metro,2019,3,15,0
3475706,T20190004361,ABS to receive accident,Finished,6/3/2019,17.38.00,No,Struck Pedestrian,Tuesday,VEH STRIKES PED ON FOOTPATH/MEDIAN/TRAFFIC ISLAND.,No,Day,No,Not at intersection,Serious injury accident,40 km/hr,No,343043,145.34731,-38.03006,Non-Intersection,CASEY,METROPOLITAN SOUTH EAST REGION,2530492.616,2385632.514,2,1,0,1,0,1,0,2,0,0,1,1,0,0,0,0,0,0,0,0,No,0,1,0,1,0,0,MELB_URBAN,MELB_URBAN,CASEY,METROPOLITAN SOUTH EAST REGION,,,Local Road,Local Road,Undivided,Undiv,Metro,2019,3,17,0
3475707,T20190004370,ABS to receive accident,Finished,6/3/2019,02.20.00,Yes,Collision with a fixed object,Tuesday,OFF RIGHT BEND INTO OBJECT/PARKED VEHICLE,No,Dark Street lights on,Yes,Not at intersection,Other injury accident,80 km/hr,Yes,343084,145.40466,-37.80712,Non-Intersection,YARRA RANGES,METROPOLITAN SOUTH EAST REGION,2535633.024,2410356.123,1,1,0,0,1,0,1,0,0,0,1,0,0,0,0,0,0,0,0,0,No,0,1,0,1,0,0,MELB_URBAN,MELB_URBAN,YARRA RANGES,METROPOLITAN SOUTH EAST REGION,C,C,Arterial Other,Arterial Other,Undivided,Undiv,Metro,2019,3,02,0
3475708,T20190004373,ABS to receive accident,Finished,6/3/2019,06.05.00,No,Collision with a fixed object,Tuesday,OFF RIGHT BEND INTO OBJECT/PARKED VEHICLE,No,Dark Street lights on,Yes,Not at intersection,Other injury accident,60 km/hr,Yes,343082,145.37163,-37.80979,Non-Intersection,YARRA RANGES,METROPOLITAN SOUTH EAST REGION,2532723.678,2410072.546,1,1,0,0,1,0,1,0,0,0,1,0,0,0,0,0,0,0,0,1,No,0,1,0,1,0,0,MELB_URBAN,MELB_URBAN,YARRA RANGES,METROPOLITAN SOUTH EAST REGION,C,C,Arterial Other,Arterial Other,Undivided,Undiv,Metro,2019,3,06,0
3475709,T20190004374,ABS to receive accident,Finished,7/3/2019,04.20.00,Yes,Collision with vehicle,Wednesday,LANE CHANGE LEFT (NOT OVERTAKING),No,Dark Street lights unknown,Yes,Not at intersection,Other injury accident,100 km/hr,No,343189,144.98953,-37.65429,Non-Intersection,WHITTLESEA,METROPOLITAN NORTH WEST REGION,2499075.944,2427393.499,2,1,0,0,1,1,1,1,0,0,2,0,0,0,0,0,0,0,0,0,No,0,2,1,1,0,0,MELB_URBAN,MELB_URBAN,WHITTLESEA,METROPOLITAN NORTH WEST REGION,M,M,Freeway,Freeway,Divided,Div,Metro,2019,3,04,0
3475710,T20190004381,ABS to receive accident,Finished,7/3/2019,08.30.00,No,Collision with vehicle,Wednesday,LEFT NEAR (INTERSECTIONS ONLY),No,Day,Yes,T intersection,Other injury accident,40 km/hr,No,343134,144.84946,-37.77922,Intersection,MARIBYRNONG,METROPOLITAN NORTH WEST REGION,2486738.813,2413517.81,2,1,0,0,1,1,1,0,1,0,1,0,0,0,0,1,0,0,0,1,No,0,2,0,1,0,0,MELB_URBAN,MELB_URBAN,MARIBYRNONG,METROPOLITAN NORTH WEST REGION,,,Arterial Other,"Arterial Other,Local Road",Divided,"Div,Undiv",Metro,2019,3,08,0
3475711,T20190004383,ABS to receive accident,Finished,3/3/2019,13.40.00,No,Collision with vehicle,,RIGHT REAR.,No,Day,No,Not at intersection,Other injury accident,60 km/hr,No,343034,145.02881,-38.22674,Non-Intersection,MORNINGTON PENINSULA,METROPOLITAN SOUTH EAST REGION,2502523.22,2363854.819,5,2,0,0,2,3,3,2,0,3,2,0,0,0,0,0,0,0,0,1,No,0,2,0,2,0,0,MELB_URBAN,MELB_URBAN,MORNINGTON PENINSULA,METROPOLITAN SOUTH EAST REGION,C,C,Arterial Other,Arterial Other,Undivided,Undiv,Metro,2019,3,13,0
3475712,T20190004384,ABS to receive accident,Finished,7/3/2019,06.18.00,No,Collision with vehicle,Wednesday,CROSS TRAFFIC(INTERSECTIONS ONLY),No,Dark No street lights,Yes,Cross intersection,Other injury accident,60 km/hr,No,39157,145.0803,-37.81832,Intersection,BOROONDARA,METROPOLITAN SOUTH EAST REGION,2507069.963,2409186.264,3,1,0,0,1,2,2,1,0,1,2,0,0,0,0,0,0,0,0,0,No,0,2,0,2,0,0,MELB_URBAN,MELB_URBAN,BOROONDARA,METROPOLITAN SOUTH EAST REGION,,,Arterial Other,"Arterial Other,Local Road",Undivided,Undiv,Metro,2019,3,06,0
3475713,T20190004385,ABS to receive accident,Finished,7/3/2019,08.40.00,No,Collision with vehicle,Wednesday,REAR END(VEHICLES IN SAME LANE),No,Day,Yes,Not at intersection,Other injury accident,100 km/hr,No,343049,144.808,-37.81026,Non-Intersection,BRIMBANK,METROPOLITAN NORTH WEST REGION,2483093.737,2410066.473,3,1,0,0,1,2,1,2,0,0,3,0,0,0,0,0,0,0,0,1,No,0,3,0,3,0,0,MELB_URBAN,MELB_URBAN,BRIMBANK,METROPOLITAN NORTH WEST REGION,M,M,Freeway,Freeway,Divided,Div,Metro,2019,3,08,0
3475714,T20190004386,ABS to receive accident,Finished,7/3/2019,09.00.00,No,Collision with vehicle,Thursday,RIGHT TURN SIDESWIPE,No,Day,Yes,T intersection,Other injury accident,80 km/hr,No,343031,145.30231,-38.13069,Intersection,CASEY,METROPOLITAN SOUTH EAST REGION,2526506.889,2374475.046,3,2,0,0,2,1,0,3,0,1,2,0,0,0,0,0,0,0,0,1,No,0,2,0,2,0,0,MELB_URBAN,MELB_URBAN,CASEY,METROPOLITAN SOUTH EAST REGION,,,Local Road,Local Road,Undivided,Undiv,Metro,2019,3,09,0
3475715,T20190003671,ABS to receive accident,Finished,25/2/2019,17.05.00,No,Collision with vehicle,Monday,U TURN,No,Day,Yes,Not at intersection,Other injury accident,80 km/hr,No,342739,146.01456,-36.54133,Non-Intersection,BENALLA,NORTH EASTERN REGION,2590834.426,2550408.928,2,2,0,0,2,0,1,1,0,0,2,0,0,0,0,0,0,0,1,0,No,0,2,0,2,0,0,TOWNS,TOWNS,BENALLA,NORTH EASTERN REGION,C,C,Arterial Other,Arterial Other,Undivided,Undiv,Country,2019,2,17,0
3475716,T20190003672,ABS to receive accident,Finished,25/2/2019,17.30.00,No,Struck Pedestrian,Monday,FAR SIDE. PED HIT BY VEHICLE FROM THE LEFT,No,Day,Yes,Not at intersection,Serious injury accident,60 km/hr,No,342648,145.14764,-38.17466,Non-Intersection,FRANKSTON,METROPOLITAN SOUTH EAST REGION,2512937.335,2369627.225,2,1,0,1,0,1,1,1,0,0,1,1,0,0,0,0,0,0,0,1,No,0,1,0,1,0,0,MELB_URBAN,MELB_URBAN,FRANKSTON,METROPOLITAN SOUTH EAST REGION,,,Local Road,Local Road,Undivided,Undiv,Metro,2019,2,17,0
3475717,T20190003674,ABS to receive accident,Finished,25/2/2019,16.45.00,No,Collision with vehicle,Monday,HEAD ON (NOT OVERTAKING),No,Day,Yes,Not at intersection,Other injury accident,100 km/hr,No,342807,145.99189,-38.38919,Non-Intersection,SOUTH GIPPSLAND,EASTERN REGION,2586668.534,2345369.561,4,2,0,0,2,2,1,3,0,2,2,0,0,0,0,0,0,0,0,1,No,0,2,0,2,0,0,RURAL_VICTORIA,RURAL_VICTORIA,SOUTH GIPPSLAND,"EASTERN REGION,EASTERN REGION",,,Local Road,Local Road,Undivided,Undiv,Country,2019,2,16,0
3475718,T20190003676,ABS to receive accident,Finished,25/2/2019,16.20.00,No,Collision with vehicle,Monday,LEFT FAR (INTERSECTIONS ONLY),No,Day,Yes,T intersection,Other injury accident,80 km/hr,No,342622,145.1042,-37.02978,Non-Intersection,MITCHELL,NORTHERN REGION,2509270.1,2496690.088,2,1,0,0,1,1,1,1,0,0,2,0,0,0,0,0,0,0,0,0,No,0,2,0,2,0,0,RURAL_VICTORIA,RURAL_VICTORIA,MITCHELL,NORTHERN REGION,,,Local Road,Local Road,Undivided,Undiv,Country,2019,2,16,0
3475719,T20190003680,ABS to receive accident,Finished,24/2/2019,09.00.00,Yes,No collision and no object struck,Sunday,OFF CARRIAGEWAY ON LEFT BEND,No,Day,No,Not at intersection,Serious injury accident,100 km/hr,Yes,342716,143.39022,-36.27512,Non-Intersection,BULOKE,NORTHERN REGION,2355379.314,2579208.158,1,1,0,1,0,0,1,0,0,0,0,0,0,1,0,0,0,0,0,0,No,0,1,0,0,1,0,RURAL_VICTORIA,RURAL_VICTORIA,BULOKE,NORTHERN REGION,A,A,Arterial Highway,Arterial Highway,Undivided,Undiv,Country,2019,2,09,0
3475720,T20190003682,ABS to receive accident,Finished,25/2/2019,17.30.00,Yes,Collision with vehicle,Sunday,REAR END(VEHICLES IN SAME LANE),No,Day,Yes,Not at intersection,Other injury accident,60 km/hr,No,342760,144.95931,-37.78548,Non-Intersection,MELBOURNE,METROPOLITAN NORTH WEST REGION,2496415.603,2412833.603,4,3,0,0,3,1,2,2,0,0,4,0,0,0,0,0,0,0,0,0,No,0,4,0,4,0,0,MELB_URBAN,MELB_URBAN,MELBOURNE,METROPOLITAN NORTH WEST REGION,,,Arterial Other,Arterial Other,Divided,Div,Metro,2019,2,17,0
3475721,T20190003685,ABS to receive accident,Finished,25/2/2019,17.20.00,Yes,Collision with a fixed object,Sunday,RIGHT OFF CARRIAGEWAY INTO OBJECT/PARKED VEHICLE,No,Day,Yes,Not at intersection,Other injury accident,100 km/hr,Yes,342707,143.77408,-37.77399,Non-Intersection,GOLDEN PLAINS,SOUTH WESTERN REGION,2392004.765,2413413.668,1,1,0,0,1,0,1,0,0,0,1,0,0,0,0,0,0,0,0,1,No,0,1,0,1,0,0,RURAL_VICTORIA,RURAL_VICTORIA,GOLDEN PLAINS,SOUTH WESTERN REGION,C,C,Arterial Other,Arterial Other,Undivided,Undiv,Country,2019,2,17,0
3475722,T20190003688,ABS to receive accident,Finished,25/2/2019,15.40.00,No,Collision with vehicle,Monday,REAR END(VEHICLES IN SAME LANE),No,Day,Yes,Not at intersection,Other injury accident,50 km/hr,No,342663,145.27964,-38.09766,Non-Intersection,CASEY,METROPOLITAN SOUTH EAST REGION,2524529.865,2378148.53,5,1,0,0,1,4,4,1,0,1,4,0,0,0,0,0,0,0,0,1,No,0,4,0,4,0,0,MELB_URBAN,MELB_URBAN,CASEY,METROPOLITAN SOUTH EAST REGION,,,Local Road,Local Road,Undivided,Undiv,Metro,2019,2,15,0
3475723,T20190003695,ABS to receive accident,Finished,25/2/2019,16.30.00,No,Collision with vehicle,Monday,HEAD ON (NOT OVERTAKING),No,Day,Yes,Not at intersection,Fatal accident,100 km/hr,No,342593,145.23711,-38.22384,Non-Intersection,MORNINGTON PENINSULA,METROPOLITAN SOUTH EAST REGION,2520764.217,2364151.38,4,2,1,1,0,2,3,1,0,0,3,0,0,1,0,0,0,0,0,1,No,0,4,0,3,1,0,RURAL_VICTORIA,RURAL_VICTORIA,MORNINGTON PENINSULA,METROPOLITAN SOUTH EAST REGION,,,Local Road,Local Road,Undivided,Undiv,Metro,2019,2,16,0
3475724,T20190003697,ABS to receive accident,Finished,25/2/2019,23.30.00,Yes,Fall from or in moving vehicle,Sunday,OTHER ACCIDENTS-OFF STRAIGHT NOT INCLUDED IN DCAs 170-175,No,Dark Street lights on,Yes,Not at intersection,Serious injury accident,50 km/hr,No,343382,143.79713,-37.52555,Non-Intersection,BALLARAT,WESTERN REGION,2393686.44,2441009.356,2,1,0,1,0,1,1,0,0,0,0,0,0,0,2,0,0,0,0,0,No,0,1,0,0,0,0,RURAL_VICTORIA,RURAL_VICTORIA,BALLARAT,WESTERN REGION,,,Local Road,Local Road,Undivided,Undiv,Country,2019,2,23,0
3475725,T20190003700,ABS to receive accident,Finished,25/2/2019,20.51.00,Yes,Collision with a fixed object,Monday,OFF END OF ROAD/T-INTERSECTION.,No,Dark Street lights on,Yes,Not at intersection,Serious injury accident,50 km/hr,No,342713,144.57457,-37.69056,Non-Intersection,MELTON,METROPOLITAN NORTH WEST REGION,2462479.741,2423284.898,3,1,0,1,0,2,1,0,0,1,1,0,0,1,0,0,0,0,0,0,No,0,2,0,1,1,0,SMALL_CITIES,SMALL_CITIES,MELTON,METROPOLITAN NORTH WEST REGION,,,Local Road,Local Road,Undivided,Undiv,Metro,2019,2,20,0
3475726,T20190003703,ABS to receive accident,Finished,25/2/2019,22.35.00,Yes,Collision with vehicle,Sunday,REAR END(VEHICLES IN SAME LANE),No,Dark Street lights on,Yes,Multiple intersection,Other injury accident,60 km/hr,No,10608,145.00243,-37.68627,Intersection,WHITTLESEA,METROPOLITAN NORTH WEST REGION,2500213.995,2423844.66,4,1,0,0,1,3,2,2,0,1,3,0,0,0,0,0,0,0,0,1,No,0,3,0,3,0,0,MELB_URBAN,MELB_URBAN,WHITTLESEA,METROPOLITAN NORTH WEST REGION,M,M,Freeway,"Freeway,Arterial Other",Divided,"Div,Undiv",Metro,2019,2,22,0
3475727,T20190003709,ABS to receive accident,Finished,26/2/2019,05.45.00,Yes,Collision with vehicle,Tuesday,LANE SIDE SWIPE (VEHICLES IN PARALLEL LANES),Yes,Dark Street lights on,Yes,Not at intersection,Serious injury accident,60 km/hr,No,343237,145.10902,-38.03945,Non-Intersection,KINGSTON,METROPOLITAN SOUTH EAST REGION,2509570.807,2384640.003,2,1,0,1,0,1,1,0,1,0,0,0,0,0,1,0,0,0,0,0,No,0,2,0,0,0,0,MELB_URBAN,MELB_URBAN,KINGSTON,METROPOLITAN SOUTH EAST REGION,,,Arterial Highway,Arterial Highway,Undivided,Undiv,Metro,2019,2,05,0
3475728,T20190004387,ABS to receive accident,Finished,2/3/2019,19.50.00,Yes,Collision with vehicle,Friday,REAR END(VEHICLES IN SAME LANE),No,Day,Yes,T intersection,Other injury accident,60 km/hr,No,71226,145.1201,-38.06712,Intersection,KINGSTON,METROPOLITAN SOUTH EAST REGION,2510539.656,2381566.808,3,2,0,0,2,1,1,2,0,1,2,0,0,0,0,0,0,0,0,0,No,0,2,0,2,0,0,MELB_URBAN,MELB_URBAN,KINGSTON,METROPOLITAN SOUTH EAST REGION,,,Arterial Highway,"Arterial Highway,Local Road",Undivided,Undiv,Metro,2019,3,19,0
3475730,T20190004398,ABS to receive accident,Finished,7/3/2019,12.00.00,No,Collision with vehicle,Wednesday,RIGHT THROUGH,No,Day,Yes,Not at intersection,Serious injury accident,Other speed limit,No,343291,145.02151,-37.65423,Off Road,WHITTLESEA,METROPOLITAN NORTH WEST REGION,2501897.679,2427400.468,2,1,0,1,0,1,1,1,0,0,2,0,0,0,0,0,0,0,1,0,No,0,2,0,2,0,0,MELB_URBAN,MELB_URBAN,WHITTLESEA,METROPOLITAN NORTH WEST REGION,,,,,,,Metro,2019,3,12,0
3475731,T20190004401,ABS to receive accident,Finished,7/3/2019,07.25.00,No,Collision with vehicle,Thursday,RIGHT THROUGH,No,Day,Yes,T intersection,Other injury accident,60 km/hr,No,36082,144.94199,-37.8001,Intersection,MELBOURNE,METROPOLITAN NORTH WEST REGION,2494891.45,2411210.224,2,1,0,0,1,1,2,0,1,0,1,0,0,0,0,0,0,0,0,1,No,0,2,0,1,0,0,MELB_URBAN,MELB_URBAN,MELBOURNE,METROPOLITAN NORTH WEST REGION,,,Local Road,Local Road,Undivided,Undiv,Metro,2019,3,07,0
3475732,T20190004404,ABS to receive accident,Finished,7/3/2019,06.15.00,No,Collision with vehicle,Wednesday,CROSS TRAFFIC(INTERSECTIONS ONLY),No,Dark Street lights unknown,No,Cross intersection,Other injury accident,50 km/hr,No,38483,145.35337,-37.75756,Intersection,YARRA RANGES,METROPOLITAN SOUTH EAST REGION,2531136.887,2415874.391,3,1,0,0,1,2,2,1,2,0,1,0,0,0,0,0,0,0,0,0,No,0,3,0,0,0,0,MELB_URBAN,MELB_URBAN,YARRA RANGES,METROPOLITAN SOUTH EAST REGION,,,Arterial Highway,"Arterial Highway,Local Road",Undivided,Undiv,Metro,2019,3,06,0
3475733,T20190004407,ABS to receive accident,Finished,7/3/2019,10.30.00,No,Collision with vehicle,Thursday,CROSS TRAFFIC(INTERSECTIONS ONLY),No,Day,Yes,Cross intersection,Serious injury accident,50 km/hr,No,49703,144.37442,-38.08609,Intersection,GEELONG,SOUTH WESTERN REGION,2445116.749,2379288.062,2,2,0,1,1,0,2,0,0,0,2,0,0,0,0,0,0,0,0,0,No,0,2,2,0,0,0,LARGE_PROVINCIAL_CITIES,LARGE_PROVINCIAL_CITIES,GEELONG,SOUTH WESTERN REGION,C,C,Arterial Other,"Arterial Other,Local Road",Undivided,Undiv,Country,2019,3,10,0
3475734,T20190004409,ABS to receive accident,Finished,6/3/2019,07.42.00,No,Collision with vehicle,Tuesday,RIGHT THROUGH,No,Day,Yes,T intersection,Other injury accident,60 km/hr,No,43315,145.12199,-38.07408,Intersection,KINGSTON,METROPOLITAN SOUTH EAST REGION,2510704.552,2380794.517,2,1,0,0,1,1,0,2,0,0,2,0,0,0,0,0,0,0,0,1,No,0,2,0,2,0,0,MELB_URBAN,MELB_URBAN,KINGSTON,METROPOLITAN SOUTH EAST REGION,,,Arterial Highway,"Arterial Highway,Local Road",Undivided,Undiv,Metro,2019,3,07,0
3475735,T20190004413,ABS to receive accident,Finished,9/2/2019,11.45.00,No,Fall from or in moving vehicle,Saturday,OTHER ACCIDENTS-OFF STRAIGHT NOT INCLUDED IN DCAs 170-175,No,Day,No,Cross intersection,Serious injury accident,80 km/hr,No,36138,145.27062,-37.97637,Intersection,CASEY,METROPOLITAN SOUTH EAST REGION,2523776.965,2391613.474,1,1,0,1,0,0,0,1,0,0,0,0,0,1,0,0,0,0,0,0,No,0,1,0,0,1,0,MELB_URBAN,MELB_URBAN,CASEY,METROPOLITAN SOUTH EAST REGION,,,Arterial Other,"Arterial Other,Local Road",Divided,"Div,Undiv",Metro,2019,2,11,0
3475736,T20190004416,ABS to receive accident,Finished,7/3/2019,12.15.00,No,Vehicle overturned (no collision),Wednesday,OTHER ACCIDENTS-OFF STRAIGHT NOT INCLUDED IN DCAs 170-175,No,Day,Yes,Not at intersection,Other injury accident,60 km/hr,No,331231,143.82008,-37.55044,Non-Intersection,BALLARAT,WESTERN REGION,2395749.18,2438272.908,1,1,0,0,1,0,1,0,0,0,0,0,0,1,0,0,0,0,0,0,No,0,1,0,0,1,0,LARGE_PROVINCIAL_CITIES,LARGE_PROVINCIAL_CITIES,BALLARAT,WESTERN REGION,C,C,Arterial Other,"Arterial Other,Local Road",Divided,"Div,Undiv",Country,2019,3,12,0