OBJECTID,ACCIDENT_NO,ABS_CODE,ACCIDENT_STATUS,ACCIDENT_DATE,ACCIDENT_TIME,ALCOHOLTIME,ACCIDENT_TYPE,DAY_OF_WEEK,DCA_CODE,HIT_RUN_FLAG,LIGHT_CONDITION,POLICE_ATTEND,ROAD_GEOMETRY,SEVERITY,SPEED_ZONE,RUN_OFFROAD,NODE_ID,LONGITUDE,LATITUDE,NODE_TYPE,LGA_NAME,REGION_NAME,VICGRID_X,VICGRID_Y,TOTAL_PERSONS,INJ_OR_FATAL,FATALITY,SERIOUSINJURY,OTHERINJURY,NONINJURED,MALES,FEMALES,BICYCLIST,PASSENGER,DRIVER,PEDESTRIAN,PILLION,MOTORIST,UNKNOWN,PED_CYCLIST_5_12,PED_CYCLIST_13_18,OLD_PEDESTRIAN,OLD_DRIVER,YOUNG_DRIVER,ALCOHOL_RELATED,UNLICENCSED,NO_OF_VEHICLES,HEAVYVEHICLE,PASSENGERVEHICLE,MOTORCYCLE,PUBLICVEHICLE,DEG_URBAN_NAME,DEG_URBAN_ALL,LGA_NAME_ALL,REGION_NAME_ALL,SRNS,SRNS_ALL,RMA,RMA_ALL,DIVIDED,DIVIDED_ALL,STAT_DIV_NAME,Year,Month,Hour,ALCOHOL_RELATED
3475822,T20190001988,ABS to receive accident,Finished,1/2/2019,21.15.00,Yes,Fall from or in moving vehicle,Friday,OUT OF CONTROL ON CARRIAGEWAY (ON BEND),No,Dark Street lights on,Yes,Not at intersection,Other injury accident,60 km/hr,No,341880,144.77109,-37.8569,Non-Intersection,HOBSONS BAY,METROPOLITAN NORTH WEST REGION,2479856.174,2404883.46,3,1,0,0,1,2,1,0,1,1,1,0,0,0,0,0,0,0,0,0,No,0,2,0,1,0,0,MELB_URBAN,MELB_URBAN,HOBSONS BAY,METROPOLITAN NORTH WEST REGION,,,Local Road,Local Road,Undivided,Undiv,Metro,2019,2,21,0
3475823,T20190001989,ABS to receive accident,Finished,1/2/2019,19.45.00,Yes,Struck Pedestrian,Friday,PED NEAR SIDE. PED HIT BY VEHICLE FROM THE RIGHT.,No,Dusk/Dawn,Yes,Cross intersection,Other injury accident,50 km/hr,No,54590,147.06819,-38.10516,Intersection,WELLINGTON,EASTERN REGION,2681386.262,2375381.283,2,1,0,0,1,1,2,0,0,0,1,1,0,0,0,0,0,0,1,0,Yes,0,1,0,1,0,0,SMALL_CITIES,SMALL_CITIES,WELLINGTON,"EASTERN REGION,EASTERN REGION",A,A,Arterial Highway,"Arterial Highway,Local Road",Divided,Div,Country,2019,2,19,1
3475824,T20190001990,ABS to receive accident,Finished,1/2/2019,17.19.00,No,Collision with vehicle,Thursday,CROSS TRAFFIC(INTERSECTIONS ONLY),No,Day,Yes,Cross intersection,Other injury accident,50 km/hr,No,341878,145.27144,-37.78431,Intersection,MAROONDAH,METROPOLITAN SOUTH EAST REGION,2523909.772,2412929.392,4,1,0,0,1,3,1,2,0,2,2,0,0,0,0,0,0,0,0,1,No,0,2,0,2,0,0,MELB_URBAN,MELB_URBAN,MAROONDAH,METROPOLITAN SOUTH EAST REGION,,,Local Road,Local Road,Undivided,Undiv,Metro,2019,2,17,0
3475825,T20190001991,ABS to receive accident,Finished,1/2/2019,15.45.00,No,Struck Pedestrian,Thursday,FAR SIDE. PED HIT BY VEHICLE FROM THE LEFT,No,Day,Yes,Not at intersection,Other injury accident,40 km/hr,No,342193,145.12363,-37.81905,Non-Intersection,WHITEHORSE,METROPOLITAN SOUTH EAST REGION,2510884.84,2409101.427,2,1,0,0,1,1,2,0,0,0,1,1,0,0,0,0,0,0,0,0,No,0,1,0,1,0,0,MELB_URBAN,MELB_URBAN,WHITEHORSE,METROPOLITAN SOUTH EAST REGION,,,Arterial Other,Arterial Other,Undivided,Undiv,Metro,2019,2,15,0
3475826,T20190001992,ABS to receive accident,Finished,1/2/2019,19.47.00,Yes,Collision with vehicle,Friday,OTHER OPPOSING MANOEUVRES NOT INCLUDED IN DCAs 120-125.,No,Day,Yes,T intersection,Fatal accident,80 km/hr,No,54123,142.11536,-34.22391,Intersection,MILDURA,WESTERN REGION,2233977.379,2804054.761,2,2,1,0,1,0,2,0,0,0,2,0,0,0,0,0,0,0,1,1,No,0,2,0,1,0,0,RURAL_VICTORIA,RURAL_VICTORIA,MILDURA,WESTERN REGION,A,A,Arterial Highway,"Arterial Highway,Local Road",Undivided,Undiv,Country,2019,2,19,0
3475827,T20190001998,ABS to receive accident,Finished,2/2/2019,00.35.00,Yes,Collision with vehicle,Friday,REAR END(VEHICLES IN SAME LANE),No,Dark Street lights on,Yes,Not at intersection,Other injury accident,40 km/hr,No,342915,144.99726,-37.80257,Non-Intersection,YARRA,METROPOLITAN NORTH WEST REGION,2499758.69,2410937.131,2,1,0,0,1,1,2,0,1,0,1,0,0,0,0,0,0,0,0,0,No,0,2,0,1,0,0,MELB_URBAN,MELB_URBAN,YARRA,METROPOLITAN NORTH WEST REGION,,,Local Road,Local Road,Undivided,Undiv,Metro,2019,2,00,0
3475828,T20190002000,ABS to receive accident,Finished,2/2/2019,04.00.00,Yes,Collision with a fixed object,Saturday,LEFT OFF CARRIAGEWAY INTO OBJECT/PARKED VEHICLE,No,Dark Street lights on,No,Not at intersection,Other injury accident,70 km/hr,Yes,342164,144.84059,-37.77847,Non-Intersection,BRIMBANK,METROPOLITAN NORTH WEST REGION,2485957.504,2413600.618,1,1,0,0,1,0,1,0,0,0,1,0,0,0,0,0,0,0,0,0,No,0,1,0,1,0,0,MELB_URBAN,MELB_URBAN,BRIMBANK,METROPOLITAN NORTH WEST REGION,,,Arterial Other,Arterial Other,Divided,Div,Metro,2019,2,04,0
3475829,T20190002003,ABS to receive accident,Finished,2/2/2019,07.10.00,No,Collision with vehicle,Friday,OTHER ACCIDENTS-OFF STRAIGHT NOT INCLUDED IN DCAs 170-175,No,Day,Yes,T intersection,Other injury accident,50 km/hr,No,38286,145.10556,-37.78645,Intersection,MANNINGHAM,METROPOLITAN SOUTH EAST REGION,2509297.574,2412721.001,4,3,0,0,3,1,0,4,3,0,1,0,0,0,0,0,0,0,1,0,No,0,4,0,1,0,0,MELB_URBAN,MELB_URBAN,MANNINGHAM,METROPOLITAN SOUTH EAST REGION,,,Arterial Other,"Arterial Other,Local Road",Divided,"Div,Undiv",Metro,2019,2,07,0
3475830,T20190002006,ABS to receive accident,Finished,2/2/2019,07.55.00,No,Collision with a fixed object,Friday,RIGHT OFF CARRIAGEWAY INTO OBJECT/PARKED VEHICLE,No,Day,Yes,Not at intersection,Other injury accident,100 km/hr,Yes,343129,144.88705,-37.41385,Non-Intersection,MACEDON RANGES,NORTHERN REGION,2490002.198,2454070.684,1,1,0,0,1,0,0,1,0,0,1,0,0,0,0,0,0,0,0,0,No,0,1,0,1,0,0,RURAL_VICTORIA,RURAL_VICTORIA,MACEDON RANGES,NORTHERN REGION,,,Local Road,Local Road,Undivided,Undiv,Country,2019,2,07,0
3475831,T20190002010,ABS to receive accident,Finished,2/2/2019,08.45.00,No,Struck Pedestrian,Friday,FAR SIDE. PED HIT BY VEHICLE FROM THE LEFT,Yes,Day,Yes,Not at intersection,Other injury accident,50 km/hr,No,342645,143.55842,-35.34013,Non-Intersection,SWAN HILL,NORTHERN REGION,2368918.178,2683187.699,2,1,0,0,1,1,0,1,0,0,1,1,0,0,0,0,0,0,0,0,No,0,1,0,1,0,0,TOWNS,TOWNS,SWAN HILL,NORTHERN REGION,,,Local Road,Local Road,Undivided,Undiv,Country,2019,2,08,0
3475832,T20190002560,ABS to receive accident,Finished,28/1/2019,10.10.00,No,Collision with vehicle,Sunday,OTHER SAME DIRECTION-MANOUEVRES NOT INCLUDED IN DCAs 130-137,No,Day,No,Cross intersection,Other injury accident,60 km/hr,No,50723,142.48338,-38.38828,Intersection,WARRNAMBOOL,SOUTH WESTERN REGION,2280124.241,2343016.004,2,1,0,0,1,1,1,0,1,0,0,0,0,0,1,1,0,0,0,0,No,0,2,0,0,0,0,SMALL_CITIES,SMALL_CITIES,WARRNAMBOOL,SOUTH WESTERN REGION,,,Local Road,Local Road,Divided,"Div,Undiv",Country,2019,1,10,0
3475833,T20190002565,ABS to receive accident,Finished,10/2/2019,08.00.00,Yes,Collision with vehicle,Sunday,CROSS TRAFFIC(INTERSECTIONS ONLY),No,Day,No,Cross intersection,Serious injury accident,70 km/hr,No,342243,145.13531,-37.75259,Non-Intersection,MANNINGHAM,METROPOLITAN SOUTH EAST REGION,2511923.818,2416475.732,2,1,0,1,0,1,2,0,0,0,2,0,0,0,0,0,0,0,1,1,No,0,2,0,2,0,0,MELB_URBAN,MELB_URBAN,MANNINGHAM,METROPOLITAN SOUTH EAST REGION,,,Arterial Other,Arterial Other,Undivided,Undiv,Metro,2019,2,08,0
3475835,T20190002568,ABS to receive accident,Finished,10/2/2019,14.00.00,No,Collision with vehicle,,REAR END(VEHICLES IN SAME LANE),No,Day,No,Cross intersection,Other injury accident,60 km/hr,No,44219,145.02636,-37.63768,Intersection,WHITTLESEA,METROPOLITAN NORTH WEST REGION,2502326.829,2429236.917,3,2,0,0,2,1,2,1,0,1,2,0,0,0,0,0,0,0,0,0,No,0,2,0,2,0,0,MELB_URBAN,MELB_URBAN,WHITTLESEA,METROPOLITAN NORTH WEST REGION,C,C,Arterial Other,"Arterial Other,Local Road",Undivided,Undiv,Metro,2019,2,14,0
3475836,T20190002569,ABS to receive accident,Finished,10/2/2019,12.20.00,No,Struck Pedestrian,Sunday,FAR SIDE. PED HIT BY VEHICLE FROM THE LEFT,No,Day,Yes,T intersection,Serious injury accident,50 km/hr,No,5892,144.96476,-37.83054,Non-Intersection,PORT PHILLIP,METROPOLITAN NORTH WEST REGION,2496897.841,2407832.303,3,1,0,1,0,2,1,2,0,1,1,1,0,0,0,0,0,1,0,0,No,0,1,0,1,0,0,MELB_URBAN,MELB_URBAN,PORT PHILLIP,METROPOLITAN NORTH WEST REGION,,,Local Road,Local Road,Undivided,Undiv,Metro,2019,2,12,0
3475837,T20190002574,ABS to receive accident,Finished,10/2/2019,15.15.00,No,Collision with vehicle,,HEAD ON (NOT OVERTAKING),No,Day,Yes,T intersection,Other injury accident,100 km/hr,No,306054,144.28012,-37.28722,Intersection,HEPBURN,WESTERN REGION,2436173.2,2467887.349,4,2,0,0,2,2,3,1,0,2,2,0,0,0,0,0,0,0,0,0,No,0,2,0,2,0,0,RURAL_VICTORIA,RURAL_VICTORIA,HEPBURN,WESTERN REGION,C,C,Arterial Other,"Arterial Other,Local Road",Undivided,Undiv,Country,2019,2,15,0
3475838,T20190002575,ABS to receive accident,Finished,10/2/2019,14.25.00,No,collision with some other object,Sunday,OTHER ACCIDENTS ON CURVE NOT INCLUDED IN DCAs 180-184,No,Day,Yes,Not at intersection,Serious injury accident,100 km/hr,No,342232,145.5909,-37.90825,Non-Intersection,CARDINIA,METROPOLITAN SOUTH EAST REGION,2551962.873,2399046.916,1,1,0,1,0,0,1,0,0,0,0,0,0,1,0,0,0,0,0,0,No,0,1,0,0,1,0,RURAL_VICTORIA,RURAL_VICTORIA,CARDINIA,METROPOLITAN SOUTH EAST REGION,C,C,Arterial Other,Arterial Other,Undivided,Undiv,Metro,2019,2,14,0
3475839,T20190002579,ABS to receive accident,Finished,10/2/2019,17.45.00,No,Struck Pedestrian,,PED NEAR SIDE. PED HIT BY VEHICLE FROM THE RIGHT.,No,Day,Yes,Not at intersection,Serious injury accident,60 km/hr,No,342110,144.3545,-38.16086,Non-Intersection,GEELONG,SOUTH WESTERN REGION,2443425.275,2370976.295,2,2,0,2,0,0,1,1,0,0,1,1,0,0,0,0,0,1,0,1,No,0,1,0,1,0,0,LARGE_PROVINCIAL_CITIES,LARGE_PROVINCIAL_CITIES,GEELONG,SOUTH WESTERN REGION,,,Local Road,Local Road,Undivided,Undiv,Country,2019,2,17,0
3475840,T20190002585,ABS to receive accident,Finished,10/2/2019,14.15.00,No,Collision with vehicle,,OTHER ACCIDENTS ON CURVE NOT INCLUDED IN DCAs 180-184,No,Day,Yes,Not at intersection,Serious injury accident,100 km/hr,No,342652,145.72638,-38.33303,Non-Intersection,SOUTH GIPPSLAND,EASTERN REGION,2563516.809,2351814.103,2,2,0,1,1,0,2,0,0,0,0,0,0,2,0,0,0,0,0,0,No,0,2,0,0,2,0,RURAL_VICTORIA,RURAL_VICTORIA,SOUTH GIPPSLAND,"EASTERN REGION,EASTERN REGION",C,C,Arterial Other,Arterial Other,Undivided,Undiv,Country,2019,2,14,0
3475841,T20190002590,ABS to receive accident,Finished,10/2/2019,18.00.00,Yes,Collision with a fixed object,Sunday,OFF RIGHT BEND INTO OBJECT/PARKED VEHICLE,No,Day,Yes,Not at intersection,Other injury accident,100 km/hr,Yes,342151,145.0541,-36.08319,Non-Intersection,MOIRA,NORTH EASTERN REGION,2504872.978,2601725.09,1,1,0,0,1,0,0,1,0,0,1,0,0,0,0,0,0,0,0,1,No,0,1,0,1,0,0,RURAL_VICTORIA,RURAL_VICTORIA,MOIRA,NORTH EASTERN REGION,,,Local Road,Local Road,Undivided,Undiv,Country,2019,2,18,0
3475842,T20190002591,ABS to receive accident,Finished,10/2/2019,18.40.00,Yes,Vehicle overturned (no collision),Sunday,OFF CARRIAGEWAY TO RIGHT,No,Day,Yes,Not at intersection,Serious injury accident,60 km/hr,Yes,343377,144.37852,-37.89244,Non-Intersection,GEELONG,SOUTH WESTERN REGION,2445336.742,2400784.611,2,2,0,1,1,0,2,0,0,1,1,0,0,0,0,0,0,0,0,0,No,0,1,0,1,0,0,RURAL_VICTORIA,RURAL_VICTORIA,GEELONG,SOUTH WESTERN REGION,,,Local Road,Local Road,Undivided,Undiv,Country,2019,2,18,0
3475843,T20190002593,ABS to receive accident,Finished,10/2/2019,21.30.00,Yes,Collision with vehicle,Sunday,CROSS TRAFFIC(INTERSECTIONS ONLY),No,Dark Street lights on,Yes,Cross intersection,Other injury accident,60 km/hr,No,54932,142.48163,-38.37813,Intersection,WARRNAMBOOL,SOUTH WESTERN REGION,2279941.463,2344137.782,4,4,0,0,4,0,0,4,0,2,2,0,0,0,0,0,0,0,0,2,No,0,2,0,2,0,0,SMALL_CITIES,SMALL_CITIES,WARRNAMBOOL,SOUTH WESTERN REGION,A,A,Arterial Highway,"Arterial Highway,Local Road",Divided,"Div,Undiv",Country,2019,2,21,0
3475844,T20190002598,ABS to receive accident,Finished,6/2/2019,21.50.00,Yes,Collision with a fixed object,Tuesday,RIGHT OFF CARRIAGEWAY INTO OBJECT/PARKED VEHICLE,No,Dark Street lights on,Yes,Not at intersection,Other injury accident,70 km/hr,Yes,342194,145.14362,-37.85143,Non-Intersection,WHITEHORSE,METROPOLITAN SOUTH EAST REGION,2512639.78,2405505.175,1,1,0,0,1,0,1,0,0,0,1,0,0,0,0,0,0,0,0,0,No,0,1,0,1,0,0,MELB_URBAN,MELB_URBAN,WHITEHORSE,METROPOLITAN SOUTH EAST REGION,,,Arterial Highway,Arterial Highway,Divided,Div,Metro,2019,2,21,0
3475845,T20190003209,ABS to receive accident,Finished,2/2/2019,10.45.00,No,Collision with vehicle,Saturday,RIGHT THROUGH,No,Day,No,T intersection,Other injury accident,60 km/hr,No,342436,144.71518,-37.87613,Non-Intersection,WYNDHAM,METROPOLITAN NORTH WEST REGION,2474942.626,2402735.131,2,1,0,0,1,1,2,0,0,0,2,0,0,0,0,0,0,0,0,0,No,0,2,0,2,0,0,MELB_URBAN,MELB_URBAN,WYNDHAM,METROPOLITAN NORTH WEST REGION,C,C,Arterial Other,Arterial Other,Divided,Div,Metro,2019,2,10,0
3475846,T20190003210,ABS to receive accident,Finished,19/2/2019,13.55.00,No,Collision with vehicle,Monday,REAR END(VEHICLES IN SAME LANE),No,Day,Yes,Not at intersection,Other injury accident,70 km/hr,No,342613,145.02637,-37.93209,Non-Intersection,BAYSIDE,METROPOLITAN SOUTH EAST REGION,2502317.872,2396562.025,4,1,0,0,1,3,1,3,0,1,3,0,0,0,0,0,0,0,0,0,No,0,3,0,3,0,0,MELB_URBAN,MELB_URBAN,BAYSIDE,METROPOLITAN SOUTH EAST REGION,,,Arterial Other,Arterial Other,Divided,Div,Metro,2019,2,13,0
3475847,T20190003219,ABS to receive accident,Finished,17/2/2019,15.30.00,No,Collision with a fixed object,Sunday,LEFT OFF CARRIAGEWAY INTO OBJECT/PARKED VEHICLE,No,Day,No,Not at intersection,Other injury accident,50 km/hr,Yes,342449,145.09299,-37.89502,Non-Intersection,MONASH,METROPOLITAN SOUTH EAST REGION,2508178.545,2400672.113,1,1,0,0,1,0,1,0,0,0,0,0,0,1,0,0,0,0,0,0,No,0,1,0,0,1,0,MELB_URBAN,MELB_URBAN,MONASH,METROPOLITAN SOUTH EAST REGION,,,Local Road,Local Road,Divided,Div,Metro,2019,2,15,0
3475848,T20190003220,ABS to receive accident,Reopened,19/2/2019,18.46.00,Yes,Collision with vehicle,Monday,REAR END(VEHICLES IN SAME LANE),No,Day,Yes,T intersection,Other injury accident,50 km/hr,No,342431,144.8553,-37.76221,Non-Intersection,MOONEE VALLEY,METROPOLITAN NORTH WEST REGION,2487250.253,2415406.88,1,1,0,0,1,0,1,0,1,0,0,0,0,0,0,0,0,0,0,0,No,0,2,0,1,0,0,MELB_URBAN,MELB_URBAN,MOONEE VALLEY,METROPOLITAN NORTH WEST REGION,,,Local Road,Local Road,Undivided,Undiv,Metro,2019,2,18,0
3475849,T20190003224,ABS to receive accident,Finished,19/2/2019,08.53.00,No,No collision and no object struck,Monday,OTHER ACCIDENTS-OFF STRAIGHT NOT INCLUDED IN DCAs 170-175,No,Day,No,Not at intersection,Other injury accident,40 km/hr,No,343036,144.35753,-38.1428,Non-Intersection,GEELONG,SOUTH WESTERN REGION,2443677.306,2372982.827,2,1,0,0,1,1,1,0,0,0,1,0,0,1,0,0,0,0,0,0,No,0,2,0,1,1,0,LARGE_PROVINCIAL_CITIES,LARGE_PROVINCIAL_CITIES,GEELONG,SOUTH WESTERN REGION,,,Local Road,Local Road,Undivided,Undiv,Country,2019,2,08,0
3475850,T20190003225,ABS to receive accident,Finished,19/2/2019,16.05.00,No,Collision with vehicle,Tuesday,REVERSING IN STREAM OF TRAFFIC,No,Day,No,Not at intersection,Other injury accident,Not known,No,342484,145.05014,-37.72961,Non-Intersection,BANYULE,METROPOLITAN NORTH WEST REGION,2504419.364,2419033.274,2,1,0,0,1,1,2,0,0,0,2,0,0,0,0,0,0,0,0,1,No,0,2,0,2,0,0,MELB_URBAN,MELB_URBAN,BANYULE,METROPOLITAN NORTH WEST REGION,,,Local Road,Local Road,Undivided,Undiv,Metro,2019,2,16,0
3475851,T20190003227,ABS to receive accident,Finished,19/2/2019,17.50.00,No,Collision with vehicle,Tuesday,REAR END(VEHICLES IN SAME LANE),No,Day,Yes,Not at intersection,Other injury accident,100 km/hr,No,342533,145.23655,-38.09366,Non-Intersection,CASEY,METROPOLITAN SOUTH EAST REGION,2520750.94,2378602.777,5,3,0,0,3,2,3,2,0,0,5,0,0,0,0,0,0,0,0,1,No,0,5,1,4,0,0,MELB_URBAN,MELB_URBAN,CASEY,METROPOLITAN SOUTH EAST REGION,M,M,Arterial Highway,Arterial Highway,Divided,Div,Metro,2019,2,17,0
3475852,T20190003229,ABS to receive accident,Finished,19/2/2019,21.00.00,Yes,Struck Pedestrian,Monday,PED NEAR SIDE. PED HIT BY VEHICLE FROM THE RIGHT.,No,Dark Street lights on,Yes,T intersection,Other injury accident,50 km/hr,No,44958,144.93322,-37.68692,Intersection,HUME,METROPOLITAN NORTH WEST REGION,2494110.158,2423770.221,7,1,0,0,1,6,4,2,0,5,1,1,0,0,0,1,0,0,0,0,No,0,1,0,1,0,0,MELB_URBAN,MELB_URBAN,HUME,METROPOLITAN NORTH WEST REGION,,,Arterial Other,"Arterial Other,Local Road",Undivided,Undiv,Metro,2019,2,21,0
3475853,T20190003237,ABS to receive accident,Finished,19/2/2019,22.20.00,Yes,Collision with vehicle,Tuesday,HEAD ON (NOT OVERTAKING),No,Dark No street lights,Yes,Not at intersection,Serious injury accident,100 km/hr,No,342694,146.83552,-36.23683,Non-Intersection,WODONGA,NORTH EASTERN REGION,2664980.664,2583088.642,4,3,0,2,1,1,3,1,0,2,2,0,0,0,0,0,0,0,0,0,No,0,2,0,2,0,0,RURAL_VICTORIA,RURAL_VICTORIA,WODONGA,NORTH EASTERN REGION,C,C,Arterial Other,Arterial Other,Undivided,Undiv,Country,2019,2,22,0
3475854,T20190003241,ABS to receive accident,Finished,20/2/2019,01.10.00,Yes,Collision with a fixed object,Tuesday,LEFT OFF CARRIAGEWAY INTO OBJECT/PARKED VEHICLE,No,Dark Street lights on,Yes,Not at intersection,Other injury accident,60 km/hr,Yes,343074,145.15142,-37.9623,Non-Intersection,DANDENONG,METROPOLITAN SOUTH EAST REGION,2513305.843,2393198.114,4,1,0,0,1,3,4,0,0,3,1,0,0,0,0,0,0,0,0,1,No,0,1,0,1,0,0,MELB_URBAN,MELB_URBAN,DANDENONG,METROPOLITAN SOUTH EAST REGION,,,Arterial Other,Arterial Other,Undivided,Undiv,Metro,2019,2,01,0
3475855,T20190003247,ABS to receive accident,Finished,19/2/2019,23.00.00,Yes,Struck Pedestrian,Monday,FAR SIDE. PED HIT BY VEHICLE FROM THE LEFT,Yes,Dark Street lights on,Yes,Cross intersection,Other injury accident,60 km/hr,No,238675,145.02186,-37.63696,Intersection,WHITTLESEA,METROPOLITAN NORTH WEST REGION,2501929.105,2429316.715,2,1,0,0,1,1,1,0,0,0,0,1,0,0,1,0,1,0,0,0,No,0,1,0,0,0,0,MELB_URBAN,MELB_URBAN,WHITTLESEA,METROPOLITAN NORTH WEST REGION,,,Local Road,Local Road,Divided,"Div,Undiv",Metro,2019,2,23,0
3475856,T20190003252,ABS to receive accident,Finished,15/2/2019,16.20.00,Yes,Struck Pedestrian,Friday,FAR SIDE. PED HIT BY VEHICLE FROM THE LEFT,No,Day,Yes,T intersection,Other injury accident,40 km/hr,No,57645,144.36218,-38.14416,Intersection,GEELONG,SOUTH WESTERN REGION,2444086.505,2372834.817,2,1,0,0,1,1,0,2,0,0,1,1,0,0,0,0,0,0,0,0,No,0,1,0,1,0,0,LARGE_PROVINCIAL_CITIES,LARGE_PROVINCIAL_CITIES,GEELONG,SOUTH WESTERN REGION,,,Local Road,Local Road,Undivided,Undiv,Country,2019,2,16,0
3475857,T20190003254,ABS to receive accident,Finished,19/2/2019,16.00.00,No,Collision with vehicle,Monday,REAR END(VEHICLES IN SAME LANE),No,Day,Yes,Not at intersection,Other injury accident,80 km/hr,No,342572,145.24672,-38.02613,Non-Intersection,DANDENONG,METROPOLITAN SOUTH EAST REGION,2521662.074,2386095.641,4,1,0,0,1,3,3,1,0,0,4,0,0,0,0,0,0,0,0,1,No,0,4,0,4,0,0,MELB_URBAN,MELB_URBAN,DANDENONG,METROPOLITAN SOUTH EAST REGION,,,Arterial Other,Arterial Other,Divided,Div,Metro,2019,2,16,0
3475858,T20190001381,ABS to receive accident,Finished,23/1/2019,18.10.00,Yes,Collision with vehicle,Wednesday,REAR END(VEHICLES IN SAME LANE),No,Day,Yes,Not at intersection,Other injury accident,100 km/hr,No,341680,144.94278,-37.69264,Non-Intersection,HUME,METROPOLITAN NORTH WEST REGION,2494953.777,2423136.495,5,1,0,0,1,4,4,1,0,1,4,0,0,0,0,0,0,0,0,1,No,0,4,0,2,0,0,MELB_URBAN,MELB_URBAN,HUME,METROPOLITAN NORTH WEST REGION,M,M,Freeway,Freeway,Divided,Div,Metro,2019,1,18,0
3475859,T20190001383,ABS to receive accident,Finished,23/1/2019,17.30.00,No,Collision with vehicle,Tuesday,LANE CHANGE LEFT (NOT OVERTAKING),Yes,Day,No,T intersection,Other injury accident,60 km/hr,No,53269,144.86919,-37.75168,Intersection,MOONEE VALLEY,METROPOLITAN NORTH WEST REGION,2488472.76,2416577.434,2,1,0,0,1,1,2,0,1,0,1,0,0,0,0,0,0,0,0,0,No,0,2,0,1,0,0,MELB_URBAN,MELB_URBAN,MOONEE VALLEY,METROPOLITAN NORTH WEST REGION,,,Arterial Other,"Arterial Other,Local Road",Undivided,Undiv,Metro,2019,1,17,0
3475860,T20190001385,ABS to receive accident,Finished,23/1/2019,18.40.00,Yes,Collision with vehicle,Wednesday,HEAD ON (NOT OVERTAKING),No,Day,Yes,Not at intersection,Other injury accident,50 km/hr,No,341553,145.247,-37.94276,Non-Intersection,KNOX,METROPOLITAN SOUTH EAST REGION,2521711.168,2395349.085,2,1,0,0,1,1,1,1,0,0,2,0,0,0,0,0,0,0,0,2,No,0,2,0,2,0,0,MELB_URBAN,MELB_URBAN,KNOX,METROPOLITAN SOUTH EAST REGION,,,Local Road,Local Road,Undivided,Undiv,Metro,2019,1,18,0
3475861,T20190001386,ABS to receive accident,Finished,23/1/2019,19.45.00,Yes,Collision with vehicle,Wednesday,RIGHT THROUGH,No,Dusk/Dawn,Yes,Cross intersection,Serious injury accident,60 km/hr,No,38224,145.07248,-37.74287,Intersection,BANYULE,METROPOLITAN NORTH WEST REGION,2506388.237,2417560.488,3,1,0,1,0,2,1,2,0,0,3,0,0,0,0,0,0,0,0,1,No,0,3,0,2,0,1,MELB_URBAN,MELB_URBAN,BANYULE,METROPOLITAN NORTH WEST REGION,,,Arterial Highway,"Arterial Highway,Local Road",Undivided,Undiv,Metro,2019,1,19,0
3475862,T20190001387,ABS to receive accident,Finished,23/1/2019,20.30.00,Yes,Collision with a fixed object,Wednesday,OFF LEFT BEND INTO OBJECT/PARKED VEHICLE,No,Day,Yes,T intersection,Other injury accident,60 km/hr,Yes,45674,144.93112,-37.62972,Intersection,HUME,METROPOLITAN NORTH WEST REGION,2493920.466,2430118.643,2,2,0,0,2,0,2,0,0,1,1,0,0,0,0,0,0,0,0,0,No,0,1,0,1,0,0,MELB_URBAN,MELB_URBAN,HUME,METROPOLITAN NORTH WEST REGION,,,Local Road,Local Road,Divided,"Div,Undiv",Metro,2019,1,20,0
3475863,T20190001397,ABS to receive accident,Finished,24/1/2019,03.20.00,Yes,Collision with a fixed object,Wednesday,RIGHT OFF CARRIAGEWAY INTO OBJECT/PARKED VEHICLE,No,Dark No street lights,Yes,Not at intersection,Other injury accident,80 km/hr,Yes,342755,145.50844,-38.01756,Non-Intersection,CARDINIA,METROPOLITAN SOUTH EAST REGION,2544647.105,2386955.642,2,1,0,0,1,1,2,0,0,1,1,0,0,0,0,0,0,0,0,1,No,0,1,0,1,0,0,RURAL_VICTORIA,RURAL_VICTORIA,CARDINIA,METROPOLITAN SOUTH EAST REGION,C,C,Arterial Other,Arterial Other,Undivided,Undiv,Metro,2019,1,03,0
3475864,T20190001399,ABS to receive accident,Finished,24/1/2019,06.00.00,Yes,Collision with vehicle,Thursday,RIGHT THROUGH,No,Dusk/Dawn,Yes,Cross intersection,Serious injury accident,60 km/hr,No,39371,145.1363,-37.83041,Intersection,WHITEHORSE,METROPOLITAN SOUTH EAST REGION,2511998.393,2407838.982,2,1,0,1,0,1,2,0,0,0,1,0,0,1,0,0,0,0,0,1,No,0,2,0,1,1,0,MELB_URBAN,MELB_URBAN,WHITEHORSE,METROPOLITAN SOUTH EAST REGION,,,Arterial Other,Arterial Other,Divided,"Div,Undiv",Metro,2019,1,06,0