OBJECTID,ACCIDENT_NO,ABS_CODE,ACCIDENT_STATUS,ACCIDENT_DATE,ACCIDENT_TIME,ALCOHOLTIME,ACCIDENT_TYPE,DAY_OF_WEEK,DCA_CODE,HIT_RUN_FLAG,LIGHT_CONDITION,POLICE_ATTEND,ROAD_GEOMETRY,SEVERITY,SPEED_ZONE,RUN_OFFROAD,NODE_ID,LONGITUDE,LATITUDE,NODE_TYPE,LGA_NAME,REGION_NAME,VICGRID_X,VICGRID_Y,TOTAL_PERSONS,INJ_OR_FATAL,FATALITY,SERIOUSINJURY,OTHERINJURY,NONINJURED,MALES,FEMALES,BICYCLIST,PASSENGER,DRIVER,PEDESTRIAN,PILLION,MOTORIST,UNKNOWN,PED_CYCLIST_5_12,PED_CYCLIST_13_18,OLD_PEDESTRIAN,OLD_DRIVER,YOUNG_DRIVER,ALCOHOL_RELATED,UNLICENCSED,NO_OF_VEHICLES,HEAVYVEHICLE,PASSENGERVEHICLE,MOTORCYCLE,PUBLICVEHICLE,DEG_URBAN_NAME,DEG_URBAN_ALL,LGA_NAME_ALL,REGION_NAME_ALL,SRNS,SRNS_ALL,RMA,RMA_ALL,DIVIDED,DIVIDED_ALL,STAT_DIV_NAME,Year,Month,Hour,ALCOHOL_RELATED
3475865,T20190001400,ABS to receive accident,Finished,24/1/2019,05.55.00,Yes,Collision with vehicle,Wednesday,LANE SIDE SWIPE (VEHICLES IN PARALLEL LANES),Yes,Day,Yes,Not at intersection,Other injury accident,110 km/hr,No,342999,146.9038,-36.1067,Non-Intersection,WODONGA,NORTH EASTERN REGION,2671405.611,2597403.585,2,1,0,0,1,1,0,1,0,0,1,0,0,0,1,0,0,0,0,1,No,0,2,0,1,0,0,RURAL_VICTORIA,RURAL_VICTORIA,WODONGA,NORTH EASTERN REGION,M,M,Freeway,Freeway,Divided,Div,Country,2019,1,05,0
3475866,T20190001402,ABS to receive accident,Finished,23/1/2019,15.45.00,No,Collision with vehicle,Wednesday,REAR END(VEHICLES IN SAME LANE),No,Day,Yes,Not at intersection,Serious injury accident,60 km/hr,No,341557,144.723,-37.83742,Non-Intersection,WYNDHAM,METROPOLITAN NORTH WEST REGION,2475617.538,2407034.231,4,1,0,1,0,3,3,1,0,1,3,0,0,0,0,0,0,0,0,0,No,0,3,0,3,0,0,MELB_URBAN,"RURAL_VICTORIA,MELB_URBAN",WYNDHAM,METROPOLITAN NORTH WEST REGION,,,Local Road,Local Road,Undivided,Undiv,Metro,2019,1,15,0
3475867,T20190001406,ABS to receive accident,Finished,24/1/2019,09.05.00,No,Collision with vehicle,Thursday,RIGHT THROUGH,No,Day,Yes,Not at intersection,Other injury accident,40 km/hr,No,341975,144.96276,-37.81214,Non-Intersection,MELBOURNE,METROPOLITAN NORTH WEST REGION,2496720.539,2409874.839,2,1,0,0,1,1,1,1,0,0,1,0,0,1,0,0,0,0,0,0,No,0,2,0,1,1,0,MELBOURNE_CBD,MELBOURNE_CBD,MELBOURNE,METROPOLITAN NORTH WEST REGION,,,Local Road,Local Road,Divided,Div,Metro,2019,1,09,0
3475868,T20190001413,ABS to receive accident,Finished,24/1/2019,07.15.00,No,Collision with vehicle,Wednesday,CROSS TRAFFIC(INTERSECTIONS ONLY),No,Day,Yes,Cross intersection,Other injury accident,50 km/hr,No,38240,145.07543,-37.7432,Intersection,BANYULE,METROPOLITAN NORTH WEST REGION,2506647.521,2417524.299,2,1,0,0,1,1,2,0,0,0,2,0,0,0,0,0,0,0,0,0,No,0,2,0,2,0,0,MELB_URBAN,MELB_URBAN,BANYULE,METROPOLITAN NORTH WEST REGION,,,Local Road,Local Road,Undivided,Undiv,Metro,2019,1,07,0
3475869,T20190001414,ABS to receive accident,Finished,24/1/2019,11.35.00,No,Collision with vehicle,Wednesday,REAR END(VEHICLES IN SAME LANE),No,Day,Yes,T intersection,Other injury accident,70 km/hr,No,341974,144.99236,-37.80351,Non-Intersection,YARRA,METROPOLITAN NORTH WEST REGION,2499327.429,2410832.634,2,1,0,0,1,1,2,0,0,0,1,0,0,1,0,0,0,0,0,0,No,0,2,0,1,1,0,MELB_URBAN,MELB_URBAN,YARRA,METROPOLITAN NORTH WEST REGION,,,Arterial Highway,Arterial Highway,Undivided,Undiv,Metro,2019,1,11,0
3475870,T20190001417,ABS to receive accident,Finished,23/1/2019,19.35.00,Yes,Collision with vehicle,Wednesday,RIGHT THROUGH,No,Day,Yes,T intersection,Other injury accident,60 km/hr,No,40613,145.09804,-37.85065,Intersection,WHITEHORSE,METROPOLITAN SOUTH EAST REGION,2508627.846,2405596.113,2,1,0,0,1,1,1,1,0,0,2,0,0,0,0,0,0,0,0,0,No,0,2,0,2,0,0,MELB_URBAN,MELB_URBAN,WHITEHORSE,METROPOLITAN SOUTH EAST REGION,,,Arterial Highway,"Arterial Highway,Local Road",Undivided,Undiv,Metro,2019,1,19,0
3475871,T20190002015,ABS to receive accident,Finished,2/2/2019,12.00.00,No,Collision with vehicle,Friday,RIGHT REAR.,No,Day,Yes,T intersection,Other injury accident,60 km/hr,No,244736,144.98558,-37.80949,Intersection,MELBOURNE,METROPOLITAN NORTH WEST REGION,2498730.334,2410169.007,3,1,0,0,1,2,2,1,0,1,2,0,0,0,0,0,0,0,0,0,No,0,2,0,2,0,0,MELB_URBAN,MELB_URBAN,MELBOURNE,METROPOLITAN NORTH WEST REGION,,,Arterial Other,"Arterial Other,Local Road",Divided,"Div,Undiv",Metro,2019,2,12,0
3475872,T20190002017,ABS to receive accident,Finished,2/2/2019,03.00.00,Yes,Vehicle overturned (no collision),Saturday,OFF CARRIAGEWAY ON LEFT BEND,No,Dark No street lights,Yes,Not at intersection,Fatal accident,100 km/hr,Yes,341752,143.23954,-38.33364,Non-Intersection,CORANGAMITE,SOUTH WESTERN REGION,2346067.925,2350565.404,1,1,1,0,0,0,1,0,0,0,1,0,0,0,0,0,0,0,0,0,No,0,1,0,1,0,0,RURAL_VICTORIA,RURAL_VICTORIA,CORANGAMITE,SOUTH WESTERN REGION,C,C,Arterial Other,Arterial Other,Undivided,Undiv,Country,2019,2,03,0
3475873,T20190002018,ABS to receive accident,Finished,2/2/2019,12.20.00,No,Collision with vehicle,Friday,LEFT TURN SIDESWIPE,No,Day,Yes,T intersection,Other injury accident,60 km/hr,No,37310,145.00793,-37.82153,Intersection,YARRA,METROPOLITAN NORTH WEST REGION,2500697.96,2408833.233,2,1,0,0,1,1,2,0,1,0,1,0,0,0,0,0,0,0,0,0,No,0,2,0,1,0,0,MELB_URBAN,MELB_URBAN,YARRA,METROPOLITAN NORTH WEST REGION,,,Arterial Other,"Arterial Other,Local Road",Undivided,Undiv,Metro,2019,2,12,0
3475874,T20190002021,ABS to receive accident,Finished,2/2/2019,13.10.00,No,Fall from or in moving vehicle,Saturday,OTHER ACCIDENTS-OFF STRAIGHT NOT INCLUDED IN DCAs 170-175,No,Day,Yes,Not at intersection,Serious injury accident,60 km/hr,No,341983,145.10674,-37.70167,Non-Intersection,BANYULE,METROPOLITAN NORTH WEST REGION,2509412.156,2422130.115,1,1,0,1,0,0,1,0,0,0,0,0,0,1,0,0,0,0,0,0,No,0,1,0,0,1,0,MELB_URBAN,MELB_URBAN,BANYULE,METROPOLITAN NORTH WEST REGION,,,Arterial Other,Arterial Other,Divided,Div,Metro,2019,2,13,0
3475875,T20190002023,ABS to receive accident,Finished,2/2/2019,11.21.00,No,Collision with vehicle,Saturday,RIGHT FAR (INTERSECTIONS ONLY),No,Day,Yes,T intersection,Serious injury accident,80 km/hr,No,341933,145.33225,-38.02963,Intersection,CASEY,METROPOLITAN SOUTH EAST REGION,2529170.556,2385684.597,2,1,0,1,0,1,1,1,0,0,1,0,0,1,0,0,0,0,0,0,No,0,2,0,1,1,0,MELB_URBAN,MELB_URBAN,CASEY,METROPOLITAN SOUTH EAST REGION,C,C,Arterial Other,"Arterial Other,Local Road",Divided,"Div,Undiv",Metro,2019,2,11,0
3475876,T20190002026,ABS to receive accident,Finished,2/2/2019,11.07.00,No,Collision with a fixed object,Saturday,RIGHT OFF CARRIAGEWAY INTO OBJECT/PARKED VEHICLE,Yes,Day,Yes,T intersection,Serious injury accident,60 km/hr,Yes,342668,145.11775,-37.935,Non-Intersection,KINGSTON,METROPOLITAN SOUTH EAST REGION,2510351.588,2396232.341,3,3,0,3,0,0,2,1,0,0,1,2,0,0,0,0,1,0,0,0,No,0,1,0,1,0,0,MELB_URBAN,MELB_URBAN,KINGSTON,METROPOLITAN SOUTH EAST REGION,,,Arterial Other,Arterial Other,Undivided,Undiv,Metro,2019,2,11,0
3475877,T20190002030,ABS to receive accident,Finished,2/2/2019,13.40.00,No,Collision with vehicle,Friday,REAR END(VEHICLES IN SAME LANE),No,Day,Yes,Not at intersection,Other injury accident,60 km/hr,No,342013,145.13288,-37.71044,Non-Intersection,BANYULE,METROPOLITAN NORTH WEST REGION,2511716.419,2421154.319,4,1,0,0,1,3,2,2,0,1,3,0,0,0,0,0,0,0,0,1,No,0,3,0,3,0,0,MELB_URBAN,MELB_URBAN,"NILLUMBIK,BANYULE",METROPOLITAN NORTH WEST REGION,,,Arterial Other,Arterial Other,Undivided,Undiv,Metro,2019,2,13,0
3475878,T20190002031,ABS to receive accident,Finished,1/2/2019,15.30.00,No,Collision with vehicle,Thursday,LANE SIDE SWIPE (VEHICLES IN PARALLEL LANES),No,Day,No,Cross intersection,Other injury accident,Not known,No,37543,144.96057,-37.83301,Intersection,PORT PHILLIP,METROPOLITAN NORTH WEST REGION,2496529.45,2407558.207,2,1,0,0,1,1,2,0,0,0,2,0,0,0,0,0,0,0,0,2,No,0,2,0,2,0,0,MELB_URBAN,MELB_URBAN,PORT PHILLIP,METROPOLITAN NORTH WEST REGION,,,Arterial Other,"Arterial Other,Local Road",Undivided,Undiv,Metro,2019,2,15,0
3475879,T20190002034,ABS to receive accident,Finished,2/2/2019,16.00.00,Yes,Collision with vehicle,Saturday,RIGHT THROUGH,No,Day,Yes,T intersection,Other injury accident,60 km/hr,No,29523,144.89348,-37.79239,Intersection,MARIBYRNONG,METROPOLITAN NORTH WEST REGION,2490617.953,2412062.293,2,2,0,0,2,0,1,1,0,0,2,0,0,0,0,0,0,0,0,0,No,0,2,0,2,0,0,MELB_URBAN,MELB_URBAN,MARIBYRNONG,METROPOLITAN NORTH WEST REGION,,,Arterial Other,"Arterial Other,Local Road",Undivided,Undiv,Metro,2019,2,16,0
3475880,T20190002042,ABS to receive accident,Finished,2/2/2019,18.04.00,Yes,Collision with vehicle,Saturday,TWO RIGHT TURNING (INTERSECTIONS ONLY),No,Day,Yes,Y intersection,Other injury accident,50 km/hr,No,341931,145.13476,-37.69438,Intersection,BANYULE,METROPOLITAN NORTH WEST REGION,2511884.052,2422935.891,3,2,0,0,2,1,2,1,0,1,2,0,0,0,0,0,0,0,0,1,No,0,2,0,2,0,0,MELB_URBAN,MELB_URBAN,BANYULE,METROPOLITAN NORTH WEST REGION,,,Local Road,Local Road,Undivided,Undiv,Metro,2019,2,18,0
3475881,T20190002045,ABS to receive accident,Finished,2/2/2019,18.07.00,Yes,Collision with a fixed object,Saturday,LEFT OFF CARRIAGEWAY INTO OBJECT/PARKED VEHICLE,No,Day,Yes,Not at intersection,Other injury accident,60 km/hr,Yes,342160,144.65155,-37.90298,Non-Intersection,WYNDHAM,METROPOLITAN NORTH WEST REGION,2469355.463,2399737.29,2,1,0,0,1,1,1,1,0,1,1,0,0,0,0,0,0,0,0,0,No,0,1,0,1,0,0,MELB_URBAN,MELB_URBAN,WYNDHAM,METROPOLITAN NORTH WEST REGION,C,C,Arterial Other,Arterial Other,Divided,Div,Metro,2019,2,18,0
3475882,T20190002047,ABS to receive accident,Finished,2/2/2019,18.09.00,Yes,Collision with vehicle,Friday,CROSS TRAFFIC(INTERSECTIONS ONLY),No,Day,Yes,Cross intersection,Other injury accident,50 km/hr,No,37444,144.9449,-37.84377,Intersection,PORT PHILLIP,METROPOLITAN NORTH WEST REGION,2495150.772,2406363.259,2,2,0,0,2,0,0,2,0,0,2,0,0,0,0,0,0,0,0,1,No,0,2,0,2,0,0,MELB_URBAN,MELB_URBAN,PORT PHILLIP,METROPOLITAN NORTH WEST REGION,,,Local Road,Local Road,Divided,"Div,Undiv",Metro,2019,2,18,0
3475883,T20190002051,ABS to receive accident,Finished,2/2/2019,19.00.00,Yes,Collision with a fixed object,Saturday,OUT OF CONTROL (OVERTAKING),No,Day,Yes,Not at intersection,Other injury accident,100 km/hr,Yes,341927,145.88708,-38.17622,Non-Intersection,BAW BAW,EASTERN REGION,2577730.603,2369101.728,6,1,0,0,1,5,1,5,0,4,2,0,0,0,0,0,0,0,0,0,No,0,2,0,2,0,0,RURAL_VICTORIA,RURAL_VICTORIA,BAW BAW,"EASTERN REGION,EASTERN REGION",,,Local Road,Local Road,Undivided,Undiv,Country,2019,2,19,0
3475884,T20190002601,ABS to receive accident,Finished,11/2/2019,06.40.00,No,Collision with vehicle,Monday,RIGHT THROUGH,No,Dusk/Dawn,Yes,Cross intersection,Other injury accident,60 km/hr,No,42196,145.04324,-37.94519,Intersection,KINGSTON,METROPOLITAN SOUTH EAST REGION,2503800.46,2395106.456,2,1,0,0,1,1,0,2,1,0,1,0,0,0,0,0,0,0,0,0,No,0,2,0,1,0,0,MELB_URBAN,MELB_URBAN,KINGSTON,METROPOLITAN SOUTH EAST REGION,,,Arterial Highway,"Arterial Highway,Local Road,Arterial Other",Divided,"Div,Undiv",Metro,2019,2,06,0
3475885,T20190002603,ABS to receive accident,Finished,10/2/2019,14.50.00,No,Fall from or in moving vehicle,Sunday,OTHER ACCIDENTS-OFF STRAIGHT NOT INCLUDED IN DCAs 170-175,No,Day,Yes,Not at intersection,Serious injury accident,50 km/hr,No,342241,145.26447,-37.70132,Non-Intersection,NILLUMBIK,METROPOLITAN NORTH WEST REGION,2523321.164,2422141.605,1,1,0,1,0,0,1,0,0,0,0,0,0,1,0,0,0,0,0,0,No,0,1,0,0,1,0,RURAL_VICTORIA,RURAL_VICTORIA,NILLUMBIK,METROPOLITAN NORTH WEST REGION,,,Local Road,Local Road,Undivided,Undiv,Metro,2019,2,14,0
3475886,T20190002604,ABS to receive accident,Finished,11/2/2019,08.00.00,No,Collision with vehicle,Monday,REAR END(VEHICLES IN SAME LANE),No,Day,Yes,Not at intersection,Other injury accident,100 km/hr,No,342149,145.29341,-38.00106,Non-Intersection,CASEY,METROPOLITAN SOUTH EAST REGION,2525770.559,2388866.584,4,1,0,0,1,3,1,3,0,0,4,0,0,0,0,0,0,0,0,0,No,0,4,0,4,0,0,MELB_URBAN,MELB_URBAN,CASEY,METROPOLITAN SOUTH EAST REGION,M,M,Freeway,Freeway,Divided,Div,Metro,2019,2,08,0
3475887,T20190002605,ABS to receive accident,Finished,10/2/2019,19.30.00,Yes,Collision with vehicle,Sunday,REVERSING IN STREAM OF TRAFFIC,No,Day,Yes,Not at intersection,Other injury accident,60 km/hr,No,343128,146.54949,-38.20189,Non-Intersection,LATROBE,EASTERN REGION,2635725.054,2365508.875,4,3,0,0,3,1,1,3,0,2,2,0,0,0,0,0,0,0,0,0,No,0,2,0,2,0,0,SMALL_CITIES,SMALL_CITIES,LATROBE,"EASTERN REGION,EASTERN REGION",,,Local Road,Local Road,Undivided,Undiv,Country,2019,2,19,0
3475888,T20190002607,ABS to receive accident,Finished,5/2/2019,16.03.00,No,Collision with vehicle,Tuesday,RIGHT THROUGH,No,Day,Yes,T intersection,Other injury accident,60 km/hr,No,42847,145.10514,-37.97147,Intersection,KINGSTON,METROPOLITAN SOUTH EAST REGION,2509238.188,2392185.84,3,2,0,0,2,1,2,1,0,1,2,0,0,0,0,0,0,0,0,0,No,0,2,0,2,0,0,MELB_URBAN,MELB_URBAN,KINGSTON,METROPOLITAN SOUTH EAST REGION,,,Arterial Other,"Arterial Other,Local Road",Divided,"Div,Undiv",Metro,2019,2,16,0
3475889,T20190002609,ABS to receive accident,Finished,11/2/2019,08.40.00,Yes,Collision with vehicle,Sunday,RIGHT NEAR (INTERSECTIONS ONLY),No,Day,Yes,Cross intersection,Serious injury accident,60 km/hr,No,342887,147.8946,-36.19983,Intersection,TOWONG,NORTH EASTERN REGION,2760273.768,2584827.381,2,1,0,1,0,1,2,0,0,0,2,0,0,0,0,0,0,0,1,0,No,0,2,0,2,0,0,TOWNS,TOWNS,TOWONG,NORTH EASTERN REGION,B,B,Arterial Highway,"Arterial Highway,Local Road",Divided,"Div,Undiv",Country,2019,2,08,0
3475890,T20190002610,ABS to receive accident,Finished,11/2/2019,09.55.00,No,Struck Pedestrian,Monday,FAR SIDE. PED HIT BY VEHICLE FROM THE LEFT,No,Day,Yes,Not at intersection,Serious injury accident,50 km/hr,No,342209,146.32646,-36.35515,Non-Intersection,WANGARATTA,NORTH EASTERN REGION,2619045.279,2570721.021,3,1,0,1,0,2,1,2,0,1,1,1,0,0,0,0,0,1,0,0,No,0,1,0,1,0,0,SMALL_CITIES,SMALL_CITIES,WANGARATTA,NORTH EASTERN REGION,C,C,Arterial Other,Arterial Other,Undivided,Undiv,Country,2019,2,09,0
3475891,T20190002613,ABS to receive accident,Finished,11/2/2019,08.50.00,No,Collision with vehicle,Monday,RIGHT THROUGH,No,Day,Yes,T intersection,Serious injury accident,60 km/hr,No,43242,145.11407,-38.04735,Intersection,KINGSTON,METROPOLITAN SOUTH EAST REGION,2510013.044,2383762.523,2,1,0,1,0,1,2,0,0,0,2,0,0,0,0,0,0,0,0,0,No,0,2,0,2,0,0,MELB_URBAN,MELB_URBAN,KINGSTON,METROPOLITAN SOUTH EAST REGION,,,Local Road,Local Road,Undivided,Undiv,Metro,2019,2,08,0
3475892,T20190002614,ABS to receive accident,Finished,11/2/2019,08.38.00,Yes,Collision with vehicle,Sunday,REAR END(VEHICLES IN SAME LANE),No,Day,Yes,Not at intersection,Other injury accident,60 km/hr,No,342157,144.9501,-37.3073,Non-Intersection,MITCHELL,NORTHERN REGION,2495577.093,2465899.661,6,1,0,0,1,5,2,4,0,4,2,0,0,0,0,0,0,0,0,0,No,1,2,0,2,0,0,TOWNS,TOWNS,MITCHELL,NORTHERN REGION,B,B,Arterial Highway,Arterial Highway,Undivided,Undiv,Country,2019,2,08,0
3475893,T20190002618,ABS to receive accident,Finished,11/2/2019,10.05.00,No,Collision with vehicle,Sunday,RIGHT THROUGH,No,Day,Yes,Cross intersection,Other injury accident,80 km/hr,No,43631,145.30664,-38.02619,Intersection,CASEY,METROPOLITAN SOUTH EAST REGION,2526923.421,2386074.092,3,1,0,0,1,2,1,2,0,1,2,0,0,0,0,0,0,0,0,0,No,0,2,0,2,0,0,MELB_URBAN,MELB_URBAN,CASEY,METROPOLITAN SOUTH EAST REGION,C,C,Arterial Highway,"Arterial Highway,Arterial Other",Divided,Div,Metro,2019,2,10,0
3475894,T20190002626,ABS to receive accident,Finished,11/2/2019,12.41.00,No,Fall from or in moving vehicle,Sunday,OTHER ACCIDENTS-OFF STRAIGHT NOT INCLUDED IN DCAs 170-175,No,Day,Yes,T intersection,Other injury accident,80 km/hr,No,232152,145.13666,-38.1634,Intersection,FRANKSTON,METROPOLITAN SOUTH EAST REGION,2511977.202,2370878.308,1,1,0,0,1,0,1,0,0,0,0,0,0,1,0,0,0,0,0,0,No,0,1,0,0,1,0,MELB_URBAN,MELB_URBAN,FRANKSTON,METROPOLITAN SOUTH EAST REGION,C,C,Arterial Highway,"Arterial Highway,Local Road",Divided,"Div,Undiv",Metro,2019,2,12,0
3475895,T20190002627,ABS to receive accident,Finished,11/2/2019,10.50.00,No,Collision with vehicle,Monday,RIGHT THROUGH,No,Day,Yes,T intersection,Other injury accident,60 km/hr,No,341432,144.99464,-38.30444,Intersection,MORNINGTON PENINSULA,METROPOLITAN SOUTH EAST REGION,2499530.742,2355230.251,2,1,0,0,1,1,2,0,0,0,1,0,0,0,1,0,0,0,0,0,No,0,2,0,1,0,0,MELB_URBAN,MELB_URBAN,MORNINGTON PENINSULA,METROPOLITAN SOUTH EAST REGION,C,C,Arterial Other,"Arterial Other,Local Road",Undivided,Undiv,Metro,2019,2,10,0
3475896,T20190002628,ABS to receive accident,Finished,7/2/2019,15.35.00,No,Collision with vehicle,Wednesday,RIGHT THROUGH,No,Day,No,Cross intersection,Other injury accident,40 km/hr,No,40019,144.89984,-37.86126,Intersection,HOBSONS BAY,METROPOLITAN NORTH WEST REGION,2491186.736,2404418.246,2,1,0,0,1,1,1,1,1,0,1,0,0,0,0,0,0,0,0,0,No,0,2,0,0,0,0,MELB_URBAN,MELB_URBAN,HOBSONS BAY,METROPOLITAN NORTH WEST REGION,,,Local Road,Local Road,Undivided,Undiv,Metro,2019,2,15,0
3475897,T20190003255,ABS to receive accident,Finished,20/2/2019,07.05.00,No,Collision with vehicle,Tuesday,LANE CHANGE LEFT (NOT OVERTAKING),Yes,Day,Yes,Not at intersection,Other injury accident,60 km/hr,No,343086,144.98944,-37.78925,Non-Intersection,YARRA,METROPOLITAN NORTH WEST REGION,2499069.56,2412416.054,5,1,0,0,1,4,2,3,4,0,0,0,0,0,1,0,0,0,0,0,No,0,5,0,0,0,0,MELB_URBAN,MELB_URBAN,YARRA,METROPOLITAN NORTH WEST REGION,,,Arterial Other,Arterial Other,Divided,Div,Metro,2019,2,07,0
3475898,T20190003264,ABS to receive accident,Finished,20/2/2019,07.00.00,No,Collision with vehicle,Wednesday,RIGHT THROUGH,No,Day,Yes,Not at intersection,Other injury accident,60 km/hr,No,239572,144.88646,-37.77036,Intersection,MARIBYRNONG,METROPOLITAN NORTH WEST REGION,2489997.107,2414506.14,2,1,0,0,1,1,1,1,0,0,2,0,0,0,0,0,0,0,0,2,No,0,2,0,2,0,0,MELB_URBAN,MELB_URBAN,MARIBYRNONG,METROPOLITAN NORTH WEST REGION,,,Local Road,Local Road,Undivided,Undiv,Metro,2019,2,07,0
3475899,T20190003266,ABS to receive accident,Finished,20/2/2019,06.08.00,No,Struck animal,Wednesday,STRUCK ANIMAL,No,Dark No street lights,Yes,Not at intersection,Other injury accident,80 km/hr,No,342929,145.4825,-38.03741,Non-Intersection,CARDINIA,METROPOLITAN SOUTH EAST REGION,2542357.587,2384764.14,1,1,0,0,1,0,1,0,0,0,0,0,0,1,0,0,0,0,0,0,No,0,1,0,0,1,0,RURAL_VICTORIA,RURAL_VICTORIA,CARDINIA,METROPOLITAN SOUTH EAST REGION,,,Local Road,Local Road,Undivided,Undiv,Metro,2019,2,06,0
3475900,T20190003270,ABS to receive accident,Finished,20/2/2019,10.25.00,No,Collision with vehicle,Tuesday,REAR END(VEHICLES IN SAME LANE),No,Day,Yes,T intersection,Other injury accident,60 km/hr,No,342446,145.26918,-37.84948,Intersection,KNOX,METROPOLITAN SOUTH EAST REGION,2523690.289,2405697.63,3,1,0,0,1,2,1,2,0,0,3,0,0,0,0,0,0,0,0,0,No,0,3,0,3,0,0,MELB_URBAN,MELB_URBAN,KNOX,METROPOLITAN SOUTH EAST REGION,,,Arterial Other,"Arterial Other,Local Road",Undivided,Undiv,Metro,2019,2,10,0
3475901,T20190003271,ABS to receive accident,Finished,20/2/2019,10.40.00,No,Collision with vehicle,Tuesday,VEHICLE STRIKES ANOTHER VEH WHILE EMERGING FROM DRIVEWAY,No,Day,Yes,Not at intersection,Other injury accident,Not known,No,342487,145.025,-37.65081,Non-Intersection,WHITTLESEA,METROPOLITAN NORTH WEST REGION,2502206.406,2427779.95,2,1,0,0,1,1,0,1,1,0,1,0,0,0,0,0,0,0,0,0,No,0,2,0,1,0,0,MELB_URBAN,MELB_URBAN,WHITTLESEA,METROPOLITAN NORTH WEST REGION,,,Local Road,Local Road,Undivided,Undiv,Metro,2019,2,10,0
3475902,T20190003278,ABS to receive accident,Finished,20/2/2019,13.49.00,No,Collision with vehicle,Tuesday,REVERSING IN STREAM OF TRAFFIC,No,Day,Yes,Not at intersection,Other injury accident,40 km/hr,No,342481,142.19972,-36.71501,Non-Intersection,HORSHAM,WESTERN REGION,2249885.708,2527943.612,2,1,0,0,1,1,1,1,1,0,1,0,0,0,0,0,0,0,0,0,No,0,2,0,1,0,0,SMALL_CITIES,SMALL_CITIES,HORSHAM,WESTERN REGION,,,Local Road,Local Road,Undivided,Undiv,Country,2019,2,13,0
3475903,T20190003279,ABS to receive accident,Finished,8/2/2019,15.15.00,No,Collision with vehicle,Thursday,RIGHT THROUGH,No,Day,No,T intersection,Other injury accident,60 km/hr,No,342480,144.33458,-38.16564,Non-Intersection,GEELONG,SOUTH WESTERN REGION,2441683.705,2370434.056,2,1,0,0,1,1,1,1,0,0,2,0,0,0,0,0,0,0,1,0,No,0,2,0,2,0,0,LARGE_PROVINCIAL_CITIES,LARGE_PROVINCIAL_CITIES,GEELONG,SOUTH WESTERN REGION,,,Local Road,Local Road,Undivided,Undiv,Country,2019,2,15,0
3475904,T20190003280,ABS to receive accident,Finished,10/2/2019,10.00.00,No,collision with some other object,,STRUCK OBJECT ON CARRIAGEWAY,No,Day,No,Not at intersection,Other injury accident,100 km/hr,No,343006,146.96767,-36.41673,Off Road,ALPINE,NORTH EASTERN REGION,2676444.018,2562894.877,1,1,0,0,1,0,1,0,0,0,0,0,0,1,0,0,0,0,0,0,No,0,1,0,0,1,0,RURAL_VICTORIA,RURAL_VICTORIA,ALPINE,NORTH EASTERN REGION,,,,,,,Country,2019,2,10,0
3475905,T20190003281,ABS to receive accident,Finished,20/2/2019,11.20.00,No,Fall from or in moving vehicle,Tuesday,FELL IN/FROM VEHICLE,No,Day,Yes,Not at intersection,Other injury accident,50 km/hr,No,342750,141.23873,-36.37848,Non-Intersection,WEST WIMMERA,WESTERN REGION,2162617.112,2562296.067,4,1,0,0,1,3,1,1,0,3,1,0,0,0,0,0,0,0,1,0,No,0,1,0,1,0,0,SMALL_TOWNS,SMALL_TOWNS,WEST WIMMERA,WESTERN REGION,,,Arterial Highway,Arterial Highway,Undivided,Undiv,Country,2019,2,11,0
3475906,T20190003285,ABS to receive accident,Finished,17/2/2019,16.55.00,Yes,collision with some other object,Sunday,LOAD OR MISSILE STRUCK VEHICLE,No,Day,Yes,Not at intersection,Serious injury accident,110 km/hr,No,342482,143.13403,-37.34726,Non-Intersection,ARARAT,WESTERN REGION,2334698.167,2459846.34,1,1,0,1,0,0,1,0,0,0,1,0,0,0,0,0,0,0,0,1,No,0,1,0,1,0,0,RURAL_VICTORIA,RURAL_VICTORIA,ARARAT,WESTERN REGION,M,M,Arterial Highway,Arterial Highway,Divided,Div,Country,2019,2,16,0
3475907,T20190003288,ABS to receive accident,Finished,20/2/2019,11.50.00,No,Collision with vehicle,Wednesday,LANE CHANGE RIGHT (NOT OVERTAKING),No,Day,Yes,Not at intersection,Other injury accident,100 km/hr,No,342454,144.94323,-37.55539,Non-Intersection,HUME,METROPOLITAN NORTH WEST REGION,2494984.416,2438368.246,3,1,0,0,1,2,1,2,0,1,2,0,0,0,0,0,0,0,0,0,No,0,2,1,1,0,0,MELB_URBAN,MELB_URBAN,HUME,METROPOLITAN NORTH WEST REGION,M,M,Freeway,Freeway,Divided,Div,Metro,2019,2,11,0
3475908,T20190003290,ABS to receive accident,Finished,2/2/2019,11.30.00,No,Collision with vehicle,Saturday,REAR END(VEHICLES IN SAME LANE),No,Day,No,Cross intersection,Other injury accident,50 km/hr,No,42796,145.07032,-37.98764,Intersection,KINGSTON,METROPOLITAN SOUTH EAST REGION,2506177.807,2390394.328,6,1,0,0,1,5,3,2,0,4,2,0,0,0,0,0,0,0,0,0,No,0,2,0,2,0,0,MELB_URBAN,MELB_URBAN,KINGSTON,METROPOLITAN SOUTH EAST REGION,,,Arterial Other,"Arterial Other,Local Road",Undivided,Undiv,Metro,2019,2,11,0