OBJECTID,ACCIDENT_NO,ABS_CODE,ACCIDENT_STATUS,ACCIDENT_DATE,ACCIDENT_TIME,ALCOHOLTIME,ACCIDENT_TYPE,DAY_OF_WEEK,DCA_CODE,HIT_RUN_FLAG,LIGHT_CONDITION,POLICE_ATTEND,ROAD_GEOMETRY,SEVERITY,SPEED_ZONE,RUN_OFFROAD,NODE_ID,LONGITUDE,LATITUDE,NODE_TYPE,LGA_NAME,REGION_NAME,VICGRID_X,VICGRID_Y,TOTAL_PERSONS,INJ_OR_FATAL,FATALITY,SERIOUSINJURY,OTHERINJURY,NONINJURED,MALES,FEMALES,BICYCLIST,PASSENGER,DRIVER,PEDESTRIAN,PILLION,MOTORIST,UNKNOWN,PED_CYCLIST_5_12,PED_CYCLIST_13_18,OLD_PEDESTRIAN,OLD_DRIVER,YOUNG_DRIVER,ALCOHOL_RELATED,UNLICENCSED,NO_OF_VEHICLES,HEAVYVEHICLE,PASSENGERVEHICLE,MOTORCYCLE,PUBLICVEHICLE,DEG_URBAN_NAME,DEG_URBAN_ALL,LGA_NAME_ALL,REGION_NAME_ALL,SRNS,SRNS_ALL,RMA,RMA_ALL,DIVIDED,DIVIDED_ALL,STAT_DIV_NAME,Year,Month,Hour,ALCOHOL_RELATED
3475909,T20190003292,ABS to receive accident,Finished,20/2/2019,17.23.00,No,Collision with vehicle,Tuesday,REAR END(VEHICLES IN SAME LANE),No,Day,Yes,Not at intersection,Other injury accident,100 km/hr,No,342521,144.8792,-37.71274,Non-Intersection,BRIMBANK,METROPOLITAN NORTH WEST REGION,2489349.707,2420899.972,2,1,0,0,1,1,0,2,0,0,2,0,0,0,0,0,0,0,0,1,No,0,2,0,2,0,0,MELB_URBAN,MELB_URBAN,BRIMBANK,METROPOLITAN NORTH WEST REGION,M,M,Freeway,Freeway,Divided,Div,Metro,2019,2,17,0
3475910,T20190003293,ABS to receive accident,Finished,20/2/2019,18.10.00,Yes,Collision with vehicle,Wednesday,REAR END(VEHICLES IN SAME LANE),No,Day,Yes,Not at intersection,Other injury accident,60 km/hr,No,342689,144.2587,-36.72637,Non-Intersection,BENDIGO,NORTHERN REGION,2433789.86,2530103.767,4,1,0,0,1,3,2,2,0,1,3,0,0,0,0,0,0,0,0,0,No,0,3,0,3,0,0,LARGE_PROVINCIAL_CITIES,LARGE_PROVINCIAL_CITIES,BENDIGO,NORTHERN REGION,B,B,Arterial Highway,Arterial Highway,Undivided,Undiv,Country,2019,2,18,0
3475911,T20190001418,ABS to receive accident,Finished,14/1/2019,11.50.00,No,Collision with vehicle,Monday,REAR END(VEHICLES IN SAME LANE),No,Day,No,Cross intersection,Other injury accident,60 km/hr,No,39273,145.11503,-37.81689,Intersection,WHITEHORSE,METROPOLITAN SOUTH EAST REGION,2510127.89,2409341.351,2,1,0,0,1,1,0,2,0,0,2,0,0,0,0,0,0,0,0,0,No,0,2,0,2,0,0,MELB_URBAN,MELB_URBAN,WHITEHORSE,METROPOLITAN SOUTH EAST REGION,,,Arterial Highway,"Arterial Highway,Arterial Other",Divided,Div,Metro,2019,1,11,0
3475912,T20190001422,ABS to receive accident,Finished,4/1/2019,08.30.00,No,Collision with vehicle,Thursday,LEFT TURN SIDESWIPE,No,Day,No,Multiple intersection,Other injury accident,Not known,No,49668,144.36829,-38.07533,Intersection,GEELONG,SOUTH WESTERN REGION,2444571.549,2380479.267,2,1,0,0,1,1,2,0,0,0,2,0,0,0,0,0,0,0,0,0,No,0,2,1,1,0,0,LARGE_PROVINCIAL_CITIES,LARGE_PROVINCIAL_CITIES,GEELONG,SOUTH WESTERN REGION,,,Arterial Highway,"Arterial Highway,Local Road",Undivided,Undiv,Country,2019,1,08,0
3475913,T20190001423,ABS to receive accident,Finished,15/1/2019,14.00.00,No,Struck Pedestrian,Tuesday,PED NEAR SIDE. PED HIT BY VEHICLE FROM THE RIGHT.,Yes,Day,Yes,Not at intersection,Serious injury accident,Not known,No,341688,144.84052,-37.77868,Off Road,BRIMBANK,METROPOLITAN NORTH WEST REGION,2485951.459,2413577.312,4,2,0,1,1,2,1,3,0,1,1,2,0,0,0,0,0,0,0,0,No,0,1,0,1,0,0,MELB_URBAN,MELB_URBAN,BRIMBANK,METROPOLITAN NORTH WEST REGION,,,,,,,Metro,2019,1,14,0
3475914,T20190001433,ABS to receive accident,Finished,24/1/2019,11.20.00,No,Collision with vehicle,Thursday,REAR END(VEHICLES IN SAME LANE),No,Day,No,T intersection,Other injury accident,60 km/hr,No,39255,144.78988,-37.72764,Intersection,BRIMBANK,METROPOLITAN NORTH WEST REGION,2481477.799,2419233.45,2,1,0,0,1,1,1,1,0,0,2,0,0,0,0,0,0,0,0,1,No,0,2,0,2,0,0,MELB_URBAN,MELB_URBAN,BRIMBANK,METROPOLITAN NORTH WEST REGION,,,Arterial Other,"Arterial Other,Local Road",Divided,"Div,Undiv",Metro,2019,1,11,0
3475915,T20190001434,ABS to receive accident,Finished,24/1/2019,15.50.00,No,Collision with vehicle,Thursday,RIGHT THROUGH,No,Day,Yes,T intersection,Serious injury accident,80 km/hr,No,35668,145.379,-38.05377,Intersection,CARDINIA,METROPOLITAN SOUTH EAST REGION,2533264.706,2382989.186,4,3,0,2,1,1,3,1,0,2,2,0,0,0,0,0,0,0,0,0,No,0,2,0,2,0,0,MELB_URBAN,MELB_URBAN,CARDINIA,METROPOLITAN SOUTH EAST REGION,C,C,Arterial Other,"Arterial Other,Local Road",Divided,"Div,Undiv",Metro,2019,1,15,0
3475916,T20190001438,ABS to receive accident,Finished,24/1/2019,17.00.00,No,Collision with vehicle,Thursday,CROSS TRAFFIC(INTERSECTIONS ONLY),No,Day,Yes,Cross intersection,Other injury accident,60 km/hr,No,41413,145.05513,-37.8994,Intersection,GLEN EIRA,METROPOLITAN SOUTH EAST REGION,2504848.242,2400189.065,2,1,0,0,1,1,1,1,1,0,1,0,0,0,0,0,0,0,0,0,No,0,2,0,1,0,0,MELB_URBAN,MELB_URBAN,GLEN EIRA,METROPOLITAN SOUTH EAST REGION,,,Local Road,Local Road,Undivided,Undiv,Metro,2019,1,17,0
3475917,T20190001446,ABS to receive accident,Finished,23/1/2019,14.30.00,No,Collision with vehicle,Wednesday,REAR END(VEHICLES IN SAME LANE),Yes,Day,No,Cross intersection,Other injury accident,60 km/hr,No,29808,144.92916,-37.67615,Intersection,HUME,METROPOLITAN NORTH WEST REGION,2493751.17,2424966.04,3,1,0,0,1,2,1,1,0,1,1,0,0,0,1,0,0,0,0,0,No,0,2,0,1,0,0,MELB_URBAN,MELB_URBAN,HUME,METROPOLITAN NORTH WEST REGION,,,Local Road,Local Road,Undivided,Undiv,Metro,2019,1,14,0
3475918,T20190001449,ABS to receive accident,Finished,24/1/2019,17.30.00,No,Collision with vehicle,Wednesday,REAR END(VEHICLES IN SAME LANE),No,Day,Yes,Not at intersection,Other injury accident,80 km/hr,No,341566,145.1926,-37.9073,Non-Intersection,MONASH,METROPOLITAN SOUTH EAST REGION,2516937.29,2399296.042,3,1,0,0,1,2,3,0,0,1,2,0,0,0,0,0,0,0,0,0,No,0,2,0,2,0,0,MELB_URBAN,MELB_URBAN,MONASH,METROPOLITAN SOUTH EAST REGION,,,Arterial Other,Arterial Other,Divided,Div,Metro,2019,1,17,0
3475919,T20190001450,ABS to receive accident,Finished,24/1/2019,18.53.00,Yes,Collision with vehicle,Wednesday,CROSS TRAFFIC(INTERSECTIONS ONLY),No,Day,Yes,Cross intersection,Other injury accident,60 km/hr,No,45407,144.92573,-37.75379,Intersection,MOONEE VALLEY,METROPOLITAN NORTH WEST REGION,2493455.486,2416349.116,4,2,0,0,2,2,2,2,0,2,2,0,0,0,0,0,0,0,0,2,No,0,2,0,2,0,0,MELB_URBAN,MELB_URBAN,MOONEE VALLEY,METROPOLITAN NORTH WEST REGION,,,Arterial Other,"Arterial Other,Local Road",Divided,"Div,Undiv",Metro,2019,1,18,0
3475920,T20190001452,ABS to receive accident,Finished,24/1/2019,22.01.00,Yes,Collision with vehicle,Wednesday,RIGHT THROUGH,No,Dark Street lights on,Yes,T intersection,Other injury accident,70 km/hr,No,41977,145.30929,-37.89349,Intersection,KNOX,METROPOLITAN SOUTH EAST REGION,2527204.454,2400802.049,3,1,0,0,1,2,1,2,0,1,2,0,0,0,0,0,0,0,0,0,No,0,2,0,2,0,0,MELB_URBAN,MELB_URBAN,KNOX,METROPOLITAN SOUTH EAST REGION,,,Arterial Highway,"Arterial Highway,Local Road",Divided,"Div,Undiv",Metro,2019,1,22,0
3475921,T20190001453,ABS to receive accident,Finished,24/1/2019,16.22.00,No,Struck Pedestrian,Thursday,FAR SIDE. PED HIT BY VEHICLE FROM THE LEFT,No,Day,Yes,Cross intersection,Serious injury accident,50 km/hr,No,37574,144.96509,-37.83671,Intersection,PORT PHILLIP,METROPOLITAN NORTH WEST REGION,2496927.188,2407147.45,2,1,0,1,0,1,0,2,0,0,1,1,0,0,0,0,0,0,0,0,No,0,1,0,1,0,0,MELB_URBAN,MELB_URBAN,PORT PHILLIP,METROPOLITAN NORTH WEST REGION,,,Local Road,Local Road,Undivided,Undiv,Metro,2019,1,16,0
3475922,T20190001454,ABS to receive accident,Finished,25/1/2019,01.10.00,Yes,Fall from or in moving vehicle,Friday,OTHER ACCIDENTS-OFF STRAIGHT NOT INCLUDED IN DCAs 170-175,No,Dark Street lights on,Yes,Not at intersection,Other injury accident,60 km/hr,No,342081,144.95448,-37.77638,Non-Intersection,MORELAND,METROPOLITAN NORTH WEST REGION,2495990.037,2413843.29,1,1,0,0,1,0,1,0,0,0,0,0,0,1,0,0,0,0,0,0,Yes,0,1,0,0,1,0,MELB_URBAN,MELB_URBAN,MORELAND,METROPOLITAN NORTH WEST REGION,,,Arterial Other,Arterial Other,Undivided,Undiv,Metro,2019,1,01,1
3475923,T20190001463,ABS to receive accident,Finished,16/1/2019,09.00.00,No,Collision with vehicle,Wednesday,REAR END(VEHICLES IN SAME LANE),No,Day,No,Cross intersection,Serious injury accident,70 km/hr,No,15430,144.34489,-38.18233,Intersection,GEELONG,SOUTH WESTERN REGION,2442599.955,2368588.097,2,2,0,1,1,0,1,1,0,0,2,0,0,0,0,0,0,0,1,0,No,0,2,0,2,0,0,LARGE_PROVINCIAL_CITIES,LARGE_PROVINCIAL_CITIES,GEELONG,SOUTH WESTERN REGION,A,"A,B",Arterial Highway,"Arterial Highway,Local Road",Divided,"Div,Undiv",Country,2019,1,09,0
3475924,T20190002053,ABS to receive accident,Finished,2/2/2019,18.00.00,Yes,Struck Pedestrian,Friday,PED NEAR SIDE. PED HIT BY VEHICLE FROM THE RIGHT.,Yes,Day,Yes,Not at intersection,Other injury accident,50 km/hr,No,342579,145.12554,-37.82324,Non-Intersection,WHITEHORSE,METROPOLITAN SOUTH EAST REGION,2511051.984,2408635.95,2,1,0,0,1,1,0,1,0,0,0,1,0,0,1,0,0,0,0,0,No,0,1,0,0,0,0,MELB_URBAN,MELB_URBAN,WHITEHORSE,METROPOLITAN SOUTH EAST REGION,,,Local Road,Local Road,Undivided,Undiv,Metro,2019,2,18,0
3475925,T20190002057,ABS to receive accident,Finished,2/2/2019,18.15.00,Yes,Collision with vehicle,Friday,CROSS TRAFFIC(INTERSECTIONS ONLY),No,Day,Yes,Cross intersection,Other injury accident,60 km/hr,No,40358,144.88447,-37.72659,Intersection,MOONEE VALLEY,METROPOLITAN NORTH WEST REGION,2489816.232,2419363.364,3,1,0,0,1,2,2,1,0,1,2,0,0,0,0,0,0,0,0,0,No,0,2,0,2,0,0,MELB_URBAN,MELB_URBAN,MOONEE VALLEY,METROPOLITAN NORTH WEST REGION,,,Local Road,Local Road,Undivided,Undiv,Metro,2019,2,18,0
3475926,T20190002059,ABS to receive accident,Finished,2/2/2019,18.00.00,Yes,Collision with a fixed object,Saturday,RIGHT OFF CARRIAGEWAY INTO OBJECT/PARKED VEHICLE,No,Day,Yes,Not at intersection,Serious injury accident,100 km/hr,Yes,342924,145.45855,-37.02409,Non-Intersection,MURRINDINDI,NORTH EASTERN REGION,2540796.942,2497228.28,1,1,0,1,0,0,1,0,0,0,1,0,0,0,0,0,0,0,0,0,No,0,1,0,1,0,0,RURAL_VICTORIA,RURAL_VICTORIA,"MURRINDINDI,MURRINDINDI",NORTH EASTERN REGION,,,Local Road,Local Road,Undivided,Undiv,Country,2019,2,18,0
3475927,T20190002060,ABS to receive accident,Finished,2/2/2019,23.05.00,Yes,Collision with vehicle,Saturday,CROSS TRAFFIC(INTERSECTIONS ONLY),No,Dark Street lights on,Yes,Cross intersection,Other injury accident,Not known,No,41674,145.1093,-37.91422,Intersection,MONASH,METROPOLITAN SOUTH EAST REGION,2509610.604,2398539.86,3,1,0,0,1,2,3,0,0,1,2,0,0,0,0,0,0,0,0,0,No,0,2,0,2,0,0,MELB_URBAN,MELB_URBAN,MONASH,METROPOLITAN SOUTH EAST REGION,,,Local Road,Local Road,Undivided,Undiv,Metro,2019,2,23,0
3475928,T20190002061,ABS to receive accident,Finished,2/2/2019,23.15.00,Yes,Collision with vehicle,Saturday,VEHICLE OFF FOOTPATH STRIKES VEH ON CARRIAGEWAY,No,Dark Street lights on,Yes,Not at intersection,Other injury accident,60 km/hr,No,342629,144.96714,-37.7382,Non-Intersection,MORELAND,METROPOLITAN NORTH WEST REGION,2497103.744,2418080.463,3,1,0,0,1,2,2,1,1,1,1,0,0,0,0,0,0,0,0,1,No,0,2,0,1,0,0,MELB_URBAN,MELB_URBAN,MORELAND,METROPOLITAN NORTH WEST REGION,,,Arterial Other,Arterial Other,Undivided,Undiv,Metro,2019,2,23,0
3475929,T20190002066,ABS to receive accident,Finished,2/2/2019,23.00.00,Yes,Struck Pedestrian,Saturday,FAR SIDE. PED HIT BY VEHICLE FROM THE LEFT,No,Dark Street lights on,No,Multiple intersection,Serious injury accident,60 km/hr,No,341926,144.91778,-37.75582,Non-Intersection,MOONEE VALLEY,METROPOLITAN NORTH WEST REGION,2492754.743,2416123.047,2,1,0,1,0,1,1,1,0,0,1,1,0,0,0,0,0,0,0,0,No,0,1,0,1,0,0,MELB_URBAN,MELB_URBAN,MOONEE VALLEY,METROPOLITAN NORTH WEST REGION,,,Arterial Other,Arterial Other,Divided,Div,Metro,2019,2,23,0
3475930,T20190002068,ABS to receive accident,Finished,3/2/2019,04.56.00,Yes,Collision with a fixed object,Sunday,LEFT OFF CARRIAGEWAY INTO OBJECT/PARKED VEHICLE,No,Dark No street lights,Yes,Not at intersection,Other injury accident,80 km/hr,Yes,342161,144.87825,-37.55394,Non-Intersection,HUME,METROPOLITAN NORTH WEST REGION,2489243.022,2438523.665,1,1,0,0,1,0,1,0,0,0,1,0,0,0,0,0,0,0,0,1,No,0,1,0,1,0,0,RURAL_VICTORIA,RURAL_VICTORIA,HUME,METROPOLITAN NORTH WEST REGION,C,C,Arterial Other,Arterial Other,Undivided,Undiv,Metro,2019,2,04,0
3475931,T20190002071,ABS to receive accident,Finished,2/2/2019,23.38.00,Yes,Collision with vehicle,Friday,HEAD ON (NOT OVERTAKING),No,Dark Street lights on,Yes,T intersection,Other injury accident,60 km/hr,No,342052,144.75517,-37.89164,Non-Intersection,WYNDHAM,METROPOLITAN NORTH WEST REGION,2478464.66,2401023.418,2,1,0,0,1,1,1,1,0,0,1,0,0,1,0,0,0,0,0,0,No,0,2,0,1,1,0,MELB_URBAN,MELB_URBAN,WYNDHAM,METROPOLITAN NORTH WEST REGION,,,Arterial Other,Arterial Other,Undivided,Undiv,Metro,2019,2,23,0
3475932,T20190002075,ABS to receive accident,Finished,2/2/2019,09.43.00,No,Collision with vehicle,Friday,OTHER SAME DIRECTION-MANOUEVRES NOT INCLUDED IN DCAs 130-137,No,Day,Yes,Not at intersection,Other injury accident,60 km/hr,No,342015,144.9224,-38.35094,Non-Intersection,MORNINGTON PENINSULA,METROPOLITAN SOUTH EAST REGION,2493215.876,2350064.322,2,1,0,0,1,1,1,1,1,0,1,0,0,0,0,0,0,0,0,0,No,0,2,0,1,0,0,MELB_URBAN,MELB_URBAN,MORNINGTON PENINSULA,METROPOLITAN SOUTH EAST REGION,B,B,Arterial Highway,Arterial Highway,Undivided,Undiv,Metro,2019,2,09,0
3475933,T20190002084,ABS to receive accident,Finished,3/2/2019,09.45.00,No,Collision with vehicle,,RIGHT THROUGH,No,Day,Yes,Cross intersection,Other injury accident,60 km/hr,No,38308,145.11854,-37.75782,Intersection,MANNINGHAM,METROPOLITAN SOUTH EAST REGION,2510444.799,2415897.122,3,1,0,0,1,2,1,2,0,1,2,0,0,0,0,0,0,0,0,0,No,0,2,0,2,0,0,MELB_URBAN,MELB_URBAN,MANNINGHAM,METROPOLITAN SOUTH EAST REGION,,,Arterial Other,"Arterial Other,Local Road",Divided,"Div,Undiv",Metro,2019,2,09,0
3475934,T20190002087,ABS to receive accident,Finished,3/2/2019,10.20.00,No,Collision with vehicle,Sunday,CROSS TRAFFIC(INTERSECTIONS ONLY),No,Day,Yes,Cross intersection,Other injury accident,100 km/hr,No,342016,145.59255,-37.9067,Intersection,CARDINIA,METROPOLITAN SOUTH EAST REGION,2552109.422,2399218.126,4,1,0,0,1,3,2,2,0,2,1,0,0,1,0,0,0,0,0,0,No,0,2,0,1,1,0,RURAL_VICTORIA,RURAL_VICTORIA,CARDINIA,METROPOLITAN SOUTH EAST REGION,C,C,Arterial Other,"Arterial Other,Local Road",Undivided,Undiv,Metro,2019,2,10,0
3475935,T20190002088,ABS to receive accident,Finished,3/2/2019,11.20.00,No,Collision with vehicle,,OTHER ADJACENT (INTERSECTIONS ONLY),No,Day,Yes,T intersection,Other injury accident,80 km/hr,No,38607,144.86149,-37.81335,Intersection,MARIBYRNONG,METROPOLITAN NORTH WEST REGION,2487803.9,2409732.076,5,2,0,0,2,3,3,2,0,3,2,0,0,0,0,0,0,0,0,1,No,0,2,0,2,0,0,MELB_URBAN,MELB_URBAN,MARIBYRNONG,METROPOLITAN NORTH WEST REGION,,,Arterial Highway,"Arterial Highway,Local Road",Divided,"Div,Undiv",Metro,2019,2,11,0
3475936,T20190002091,ABS to receive accident,Finished,1/2/2019,11.05.00,No,Struck Pedestrian,Friday,PED WALKING WITH TRAFFIC,Yes,Day,Yes,Not at intersection,Other injury accident,Camping grounds or off road,No,342073,145.74784,-37.51041,Non-Intersection,MURRINDINDI,NORTH EASTERN REGION,2566110.679,2443101.257,2,1,0,0,1,1,1,1,0,0,1,1,0,0,0,0,0,0,0,0,No,0,1,0,1,0,0,SMALL_TOWNS,SMALL_TOWNS,"MURRINDINDI,MURRINDINDI",NORTH EASTERN REGION,,,Local Road,Local Road,Undivided,Undiv,Country,2019,2,11,0
3475937,T20190002629,ABS to receive accident,Finished,11/2/2019,12.45.00,No,Collision with vehicle,Sunday,RIGHT THROUGH,No,Day,Yes,T intersection,Serious injury accident,60 km/hr,No,37302,145.00877,-37.8169,Intersection,YARRA,METROPOLITAN NORTH WEST REGION,2500772.166,2409347.032,2,1,0,1,0,1,1,1,0,0,1,0,0,1,0,0,0,0,0,0,No,0,2,0,1,1,0,MELB_URBAN,MELB_URBAN,YARRA,METROPOLITAN NORTH WEST REGION,,,Arterial Other,"Arterial Other,Local Road",Undivided,Undiv,Metro,2019,2,12,0
3475938,T20190002630,ABS to receive accident,Finished,11/2/2019,10.45.00,No,Collision with vehicle,Monday,REAR END(VEHICLES IN SAME LANE),No,Day,Yes,Not at intersection,Other injury accident,40 km/hr,No,342107,144.99306,-37.85181,Non-Intersection,STONNINGTON,METROPOLITAN SOUTH EAST REGION,2499389.219,2405472.162,3,1,0,0,1,2,3,0,0,0,3,0,0,0,0,0,0,0,0,0,No,0,3,0,3,0,0,MELB_URBAN,MELB_URBAN,STONNINGTON,METROPOLITAN SOUTH EAST REGION,,,Arterial Other,Arterial Other,Undivided,Undiv,Metro,2019,2,10,0
3475939,T20190002632,ABS to receive accident,Finished,10/2/2019,15.00.00,No,Vehicle overturned (no collision),Sunday,OFF CARRIAGEWAY ON RIGHT BEND,No,Day,Yes,Not at intersection,Serious injury accident,80 km/hr,Yes,342747,145.82185,-37.1995,Non-Intersection,MURRINDINDI,NORTH EASTERN REGION,2572950.878,2477547.978,1,1,0,1,0,0,1,0,0,0,0,0,0,1,0,0,0,0,0,0,No,0,1,0,0,1,0,RURAL_VICTORIA,RURAL_VICTORIA,"MURRINDINDI,MURRINDINDI",NORTH EASTERN REGION,,,Local Road,Local Road,Undivided,Undiv,Country,2019,2,15,0
3475940,T20190002635,ABS to receive accident,Finished,11/2/2019,07.00.00,No,Collision with vehicle,Monday,HEAD ON (NOT OVERTAKING),No,Day,Yes,Not at intersection,Other injury accident,100 km/hr,No,342104,144.14787,-37.30768,Non-Intersection,HEPBURN,WESTERN REGION,2424468.154,2465520.315,2,2,0,0,2,0,1,1,0,0,2,0,0,0,0,0,0,0,0,0,No,0,2,0,2,0,0,RURAL_VICTORIA,RURAL_VICTORIA,HEPBURN,WESTERN REGION,,,Local Road,Local Road,Undivided,Undiv,Country,2019,2,07,0
3475941,T20190002639,ABS to receive accident,Finished,11/2/2019,15.30.00,No,Collision with vehicle,Sunday,REAR END(VEHICLES IN SAME LANE),No,Day,Yes,Not at intersection,Other injury accident,40 km/hr,No,342105,144.99691,-37.7495,Non-Intersection,DAREBIN,METROPOLITAN NORTH WEST REGION,2499727.6,2416827.46,3,2,0,0,2,1,1,2,0,1,2,0,0,0,0,0,0,0,0,0,No,0,2,0,2,0,0,MELB_URBAN,MELB_URBAN,DAREBIN,METROPOLITAN NORTH WEST REGION,,,Local Road,Local Road,Undivided,Undiv,Metro,2019,2,15,0
3475942,T20190002640,ABS to receive accident,Finished,11/2/2019,14.40.00,No,Collision with vehicle,Sunday,REAR END(VEHICLES IN SAME LANE),No,Day,No,T intersection,Other injury accident,60 km/hr,No,44909,144.77438,-37.77302,Intersection,BRIMBANK,METROPOLITAN NORTH WEST REGION,2480123.46,2414193.756,2,1,0,0,1,1,1,1,0,0,1,0,0,0,1,0,0,0,0,0,No,0,2,0,1,0,0,MELB_URBAN,MELB_URBAN,BRIMBANK,METROPOLITAN NORTH WEST REGION,,,Arterial Other,"Arterial Other,Local Road",Undivided,Undiv,Metro,2019,2,14,0
3475943,T20190002650,ABS to receive accident,Finished,11/2/2019,16.05.00,Yes,Collision with vehicle,Sunday,RIGHT THROUGH,No,Day,Yes,Cross intersection,Other injury accident,70 km/hr,No,50186,144.34774,-38.18192,Intersection,GEELONG,SOUTH WESTERN REGION,2442849.567,2368634.959,7,3,0,0,3,4,3,4,0,4,3,0,0,0,0,0,0,0,0,0,No,0,3,0,3,0,0,LARGE_PROVINCIAL_CITIES,LARGE_PROVINCIAL_CITIES,GEELONG,SOUTH WESTERN REGION,A,A,Arterial Highway,"Arterial Highway,Local Road",Divided,"Div,Undiv",Country,2019,2,16,0
3475944,T20190002651,ABS to receive accident,Finished,11/2/2019,15.34.00,No,Collision with vehicle,Sunday,CROSS TRAFFIC(INTERSECTIONS ONLY),No,Day,Yes,Cross intersection,Other injury accident,70 km/hr,No,38262,145.09127,-37.76661,Intersection,MANNINGHAM,METROPOLITAN SOUTH EAST REGION,2508041.432,2414924.1,2,1,0,0,1,1,2,0,0,0,2,0,0,0,0,0,0,0,1,0,No,0,2,0,2,0,0,MELB_URBAN,MELB_URBAN,MANNINGHAM,METROPOLITAN SOUTH EAST REGION,,,Arterial Other,"Arterial Other,Local Road",Divided,"Div,Undiv",Metro,2019,2,15,0
3475945,T20190002652,ABS to receive accident,Finished,11/2/2019,16.05.00,No,Struck Pedestrian,Monday,PED EMERGES FROM IN FRONT OF PARKED OR STATIONARY VEHICLE,No,Day,Yes,Not at intersection,Serious injury accident,Camping grounds or off road,No,342751,145.12179,-37.81764,Non-Intersection,WHITEHORSE,METROPOLITAN SOUTH EAST REGION,2510722.663,2409257.66,2,1,0,1,0,1,2,0,0,0,1,1,0,0,0,0,0,0,0,0,No,0,1,0,0,0,1,MELB_URBAN,MELB_URBAN,WHITEHORSE,METROPOLITAN SOUTH EAST REGION,,,Arterial Highway,Arterial Highway,Divided,Div,Metro,2019,2,16,0
3475946,T20190002668,ABS to receive accident,Finished,12/2/2019,08.15.00,No,Collision with vehicle,Tuesday,REAR END(VEHICLES IN SAME LANE),No,Day,Yes,Cross intersection,Other injury accident,60 km/hr,No,342306,144.94638,-37.74977,Non-Intersection,MORELAND,METROPOLITAN NORTH WEST REGION,2495274.978,2416795.618,2,1,0,0,1,1,1,1,0,0,2,0,0,0,0,0,0,0,0,0,No,0,2,0,2,0,0,MELB_URBAN,MELB_URBAN,MORELAND,METROPOLITAN NORTH WEST REGION,,,Arterial Other,Arterial Other,Undivided,Undiv,Metro,2019,2,08,0
3475947,T20190002671,ABS to receive accident,Finished,12/2/2019,09.15.00,No,Struck Pedestrian,Monday,PED EMERGES FROM IN FRONT OF PARKED OR STATIONARY VEHICLE,No,Day,Yes,Not at intersection,Other injury accident,40 km/hr,No,342470,145.25661,-37.79644,Off Road,MAROONDAH,METROPOLITAN SOUTH EAST REGION,2522599.266,2411586.623,2,1,0,0,1,1,1,1,0,0,1,1,0,0,0,0,0,0,0,0,No,0,1,0,1,0,0,MELB_URBAN,MELB_URBAN,MAROONDAH,METROPOLITAN SOUTH EAST REGION,,,,,,,Metro,2019,2,09,0
3475948,T20190002672,ABS to receive accident,Finished,12/2/2019,07.24.00,No,Collision with vehicle,Monday,RIGHT THROUGH,No,Day,Yes,T intersection,Other injury accident,60 km/hr,No,40344,145.04168,-37.85567,Intersection,STONNINGTON,METROPOLITAN SOUTH EAST REGION,2503667.52,2405043.361,2,1,0,0,1,1,1,1,1,0,1,0,0,0,0,0,0,0,0,0,No,0,2,0,1,0,0,MELB_URBAN,MELB_URBAN,STONNINGTON,METROPOLITAN SOUTH EAST REGION,,,Arterial Other,"Arterial Other,Local Road",Undivided,Undiv,Metro,2019,2,07,0
3475950,T20190003295,ABS to receive accident,Finished,20/2/2019,18.00.00,Yes,Collision with vehicle,Tuesday,REAR END(VEHICLES IN SAME LANE),No,Day,Yes,Not at intersection,Other injury accident,80 km/hr,No,342456,145.15812,-37.91841,Non-Intersection,MONASH,METROPOLITAN SOUTH EAST REGION,2513903.342,2398068.766,5,2,0,0,2,3,2,3,0,2,3,0,0,0,0,0,0,0,1,0,No,0,3,0,3,0,0,MELB_URBAN,MELB_URBAN,MONASH,METROPOLITAN SOUTH EAST REGION,,,Arterial Highway,Arterial Highway,Divided,Div,Metro,2019,2,18,0
3475951,T20190003298,ABS to receive accident,Finished,20/2/2019,18.40.00,Yes,Collision with vehicle,Wednesday,REAR END(VEHICLES IN SAME LANE),No,Day,Yes,T intersection,Other injury accident,60 km/hr,No,342809,144.98513,-37.86347,Non-Intersection,PORT PHILLIP,METROPOLITAN NORTH WEST REGION,2498691.273,2404178.356,3,1,0,0,1,2,2,1,0,0,2,0,0,1,0,0,0,0,0,0,No,0,3,0,2,1,0,MELB_URBAN,MELB_URBAN,PORT PHILLIP,METROPOLITAN NORTH WEST REGION,,,Arterial Highway,Arterial Highway,Divided,Div,Metro,2019,2,18,0