OBJECTID,ACCIDENT_NO,ABS_CODE,ACCIDENT_STATUS,ACCIDENT_DATE,ACCIDENT_TIME,ALCOHOLTIME,ACCIDENT_TYPE,DAY_OF_WEEK,DCA_CODE,HIT_RUN_FLAG,LIGHT_CONDITION,POLICE_ATTEND,ROAD_GEOMETRY,SEVERITY,SPEED_ZONE,RUN_OFFROAD,NODE_ID,LONGITUDE,LATITUDE,NODE_TYPE,LGA_NAME,REGION_NAME,VICGRID_X,VICGRID_Y,TOTAL_PERSONS,INJ_OR_FATAL,FATALITY,SERIOUSINJURY,OTHERINJURY,NONINJURED,MALES,FEMALES,BICYCLIST,PASSENGER,DRIVER,PEDESTRIAN,PILLION,MOTORIST,UNKNOWN,PED_CYCLIST_5_12,PED_CYCLIST_13_18,OLD_PEDESTRIAN,OLD_DRIVER,YOUNG_DRIVER,ALCOHOL_RELATED,UNLICENCSED,NO_OF_VEHICLES,HEAVYVEHICLE,PASSENGERVEHICLE,MOTORCYCLE,PUBLICVEHICLE,DEG_URBAN_NAME,DEG_URBAN_ALL,LGA_NAME_ALL,REGION_NAME_ALL,SRNS,SRNS_ALL,RMA,RMA_ALL,DIVIDED,DIVIDED_ALL,STAT_DIV_NAME,Year,Month,Hour,ALCOHOL_RELATED
3475952,T20190003299,ABS to receive accident,Finished,20/2/2019,16.08.00,No,Struck Pedestrian,Wednesday,VEH STRIKES PED ON FOOTPATH/MEDIAN/TRAFFIC ISLAND.,No,Day,Yes,Cross intersection,Other injury accident,50 km/hr,No,338531,144.90928,-37.57151,Intersection,HUME,METROPOLITAN NORTH WEST REGION,2491986.893,2436576.556,2,1,0,0,1,1,2,0,0,0,1,1,0,0,0,1,0,0,0,1,No,0,2,0,2,0,0,MELB_URBAN,MELB_URBAN,HUME,METROPOLITAN NORTH WEST REGION,,,Local Road,Local Road,Undivided,Undiv,Metro,2019,2,16,0
3475953,T20190003303,ABS to receive accident,Finished,20/2/2019,18.45.00,Yes,Struck Pedestrian,Wednesday,PED EMERGES FROM IN FRONT OF PARKED OR STATIONARY VEHICLE,No,Day,Yes,Not at intersection,Serious injury accident,60 km/hr,No,342485,145.01739,-37.77151,Non-Intersection,DAREBIN,METROPOLITAN NORTH WEST REGION,2501531.961,2414384.159,3,1,0,1,0,2,1,2,0,1,1,1,0,0,0,0,0,0,0,0,No,0,1,0,1,0,0,MELB_URBAN,MELB_URBAN,DAREBIN,METROPOLITAN NORTH WEST REGION,,,Local Road,Local Road,Undivided,Undiv,Metro,2019,2,18,0
3475954,T20190003307,ABS to receive accident,Finished,20/2/2019,22.15.00,Yes,Collision with vehicle,Tuesday,RIGHT FAR (INTERSECTIONS ONLY),No,Dark Street lights on,Yes,T intersection,Serious injury accident,60 km/hr,No,42323,145.08098,-37.93155,Intersection,KINGSTON,METROPOLITAN SOUTH EAST REGION,2507119.252,2396618.906,2,1,0,1,0,1,1,1,0,0,2,0,0,0,0,0,0,0,0,0,No,0,2,0,2,0,0,MELB_URBAN,MELB_URBAN,"KINGSTON,GLEN EIRA",METROPOLITAN SOUTH EAST REGION,,,Arterial Highway,"Arterial Highway,Arterial Other",Divided,Div,Metro,2019,2,22,0
3475955,T20190003309,ABS to receive accident,Finished,20/2/2019,22.53.00,Yes,Collision with vehicle,Wednesday,RIGHT THROUGH,No,Dark Street lights on,Yes,T intersection,Serious injury accident,60 km/hr,No,36354,144.8867,-37.769,Intersection,MARIBYRNONG,METROPOLITAN NORTH WEST REGION,2490018.371,2414657.454,2,1,0,1,0,1,2,0,0,0,2,0,0,0,0,0,0,0,0,1,No,0,2,0,1,0,1,MELB_URBAN,MELB_URBAN,MARIBYRNONG,METROPOLITAN NORTH WEST REGION,,,Arterial Other,"Arterial Other,Local Road",Divided,"Div,Undiv",Metro,2019,2,22,0
3475956,T20190003311,ABS to receive accident,Finished,20/2/2019,22.22.00,Yes,Collision with vehicle,Wednesday,REAR END(VEHICLES IN SAME LANE),No,Dark Street lights on,Yes,Not at intersection,Serious injury accident,80 km/hr,No,342518,144.86323,-37.67642,Non-Intersection,HUME,METROPOLITAN NORTH WEST REGION,2487935.709,2424929.614,3,1,0,1,0,2,1,2,0,0,3,0,0,0,0,0,0,0,0,0,No,0,3,0,3,0,0,MELB_URBAN,MELB_URBAN,HUME,METROPOLITAN NORTH WEST REGION,M,M,Freeway,Freeway,Divided,Div,Metro,2019,2,22,0
3475957,T20190003320,ABS to receive accident,Finished,21/2/2019,06.00.00,Yes,Collision with vehicle,Wednesday,REAR END(VEHICLES IN SAME LANE),No,Dark No street lights,Yes,Not at intersection,Other injury accident,100 km/hr,No,342573,145.32977,-38.03773,Non-Intersection,CASEY,METROPOLITAN SOUTH EAST REGION,2528949.896,2384786.242,3,2,0,0,2,1,3,0,0,0,3,0,0,0,0,0,0,0,0,2,No,0,3,0,3,0,0,MELB_URBAN,MELB_URBAN,CASEY,METROPOLITAN SOUTH EAST REGION,M,M,Freeway,Freeway,Divided,Div,Metro,2019,2,06,0
3475958,T20190003325,ABS to receive accident,Finished,19/2/2019,13.15.00,No,Collision with vehicle,Tuesday,CROSS TRAFFIC(INTERSECTIONS ONLY),No,Day,Yes,Cross intersection,Other injury accident,50 km/hr,No,342491,144.97457,-37.47378,Intersection,MITCHELL,NORTHERN REGION,2497751.035,2447425.887,2,1,0,0,1,1,2,0,0,0,2,0,0,0,0,0,0,0,0,0,No,0,2,0,1,0,0,RURAL_VICTORIA,RURAL_VICTORIA,MITCHELL,NORTHERN REGION,M,M,Freeway,"Freeway,Local Road",Undivided,Undiv,Country,2019,2,13,0
3475959,T20190003330,ABS to receive accident,Reopened,21/2/2019,06.20.00,No,Collision with vehicle,Wednesday,RIGHT THROUGH,No,Dusk/Dawn,Yes,T intersection,Serious injury accident,60 km/hr,No,342524,144.84159,-37.69068,Intersection,HUME,METROPOLITAN NORTH WEST REGION,2486029.516,2423343.376,2,1,0,1,0,1,1,1,1,0,1,0,0,0,0,0,0,0,0,0,No,0,2,0,1,0,0,MELB_URBAN,MELB_URBAN,HUME,METROPOLITAN NORTH WEST REGION,,,Local Road,Local Road,Undivided,Undiv,Metro,2019,2,06,0
3475960,T20190003332,ABS to receive accident,Finished,21/2/2019,07.15.00,No,Vehicle overturned (no collision),Thursday,OUT OF CONTROL (OVERTAKING),No,Day,Yes,Not at intersection,Other injury accident,100 km/hr,Yes,342519,145.89175,-38.07318,Non-Intersection,BAW BAW,EASTERN REGION,2578247.62,2380534.598,1,1,0,0,1,0,1,0,0,0,1,0,0,0,0,0,0,0,0,1,No,0,1,0,1,0,0,RURAL_VICTORIA,RURAL_VICTORIA,BAW BAW,"EASTERN REGION,EASTERN REGION",,,Local Road,Local Road,Undivided,Undiv,Country,2019,2,07,0
3475961,T20190003333,ABS to receive accident,Finished,21/2/2019,10.40.00,No,Collision with vehicle,Wednesday,LEFT TURN SIDESWIPE,No,Day,Yes,T intersection,Other injury accident,50 km/hr,No,251,144.96356,-38.33331,Intersection,MORNINGTON PENINSULA,METROPOLITAN SOUTH EAST REGION,2496813.952,2352024.021,2,1,0,0,1,1,1,1,1,0,1,0,0,0,0,0,0,0,1,0,No,0,2,0,1,0,0,MELB_URBAN,MELB_URBAN,MORNINGTON PENINSULA,METROPOLITAN SOUTH EAST REGION,B,B,Arterial Highway,"Arterial Highway,Local Road",Undivided,Undiv,Metro,2019,2,10,0
3475962,T20190003337,ABS to receive accident,Finished,20/2/2019,10.30.00,No,Collision with vehicle,Tuesday,VEHICLE STRIKES DOOR OF PARKED/STATIONARY VEHICLE,No,Day,No,Not at intersection,Other injury accident,40 km/hr,No,342979,144.98097,-37.79861,Non-Intersection,YARRA,METROPOLITAN NORTH WEST REGION,2498324.062,2411377.094,2,1,0,0,1,1,2,0,1,0,1,0,0,0,0,0,0,0,0,0,No,0,2,0,1,0,0,MELB_URBAN,MELB_URBAN,YARRA,METROPOLITAN NORTH WEST REGION,,,Arterial Other,Arterial Other,Undivided,Undiv,Metro,2019,2,10,0
3475963,T20190001464,ABS to receive accident,Finished,24/1/2019,13.34.00,No,Collision with vehicle,Thursday,REAR END(VEHICLES IN SAME LANE),No,Day,Yes,Not at intersection,Other injury accident,60 km/hr,No,342188,145.22271,-37.97508,Non-Intersection,DANDENONG,METROPOLITAN SOUTH EAST REGION,2519567.791,2391767.005,2,1,0,0,1,1,2,0,0,0,1,0,0,1,0,0,0,0,0,0,No,0,2,0,1,1,0,MELB_URBAN,MELB_URBAN,DANDENONG,METROPOLITAN SOUTH EAST REGION,,,Arterial Highway,Arterial Highway,Divided,Div,Metro,2019,1,13,0
3475964,T20190001468,ABS to receive accident,Finished,25/1/2019,03.30.00,Yes,Vehicle overturned (no collision),Friday,OFF CARRIAGEWAY TO RIGHT,No,Dark No street lights,Yes,Not at intersection,Fatal accident,100 km/hr,Yes,341515,143.84934,-37.83607,Non-Intersection,GOLDEN PLAINS,SOUTH WESTERN REGION,2398717.055,2406607.277,1,1,1,0,0,0,0,1,0,0,1,0,0,0,0,0,0,0,0,0,No,0,1,0,1,0,0,RURAL_VICTORIA,RURAL_VICTORIA,GOLDEN PLAINS,SOUTH WESTERN REGION,,,Local Road,Local Road,Undivided,Undiv,Country,2019,1,03,0
3475965,T20190001469,ABS to receive accident,Finished,25/1/2019,07.50.00,No,Collision with vehicle,Thursday,REAR END(VEHICLES IN SAME LANE),No,Day,Yes,Cross intersection,Other injury accident,60 km/hr,No,35316,144.96608,-37.797,Intersection,MELBOURNE,METROPOLITAN NORTH WEST REGION,2497012.685,2411555.03,2,1,0,0,1,1,2,0,0,0,1,0,0,1,0,0,0,0,0,0,No,0,2,0,1,1,0,MELB_URBAN,MELB_URBAN,MELBOURNE,METROPOLITAN NORTH WEST REGION,,,Local Road,Local Road,Divided,"Div,Undiv",Metro,2019,1,07,0
3475966,T20190001470,ABS to receive accident,Finished,24/1/2019,11.25.00,No,Collision with vehicle,Wednesday,LANE CHANGE LEFT (NOT OVERTAKING),Yes,Day,No,Not at intersection,Other injury accident,80 km/hr,No,343137,145.00211,-37.95042,Non-Intersection,BAYSIDE,METROPOLITAN SOUTH EAST REGION,2500185.144,2394527.371,2,1,0,0,1,1,1,0,1,0,1,0,0,0,0,0,0,0,0,0,No,0,2,0,1,0,0,MELB_URBAN,MELB_URBAN,BAYSIDE,METROPOLITAN SOUTH EAST REGION,,,Arterial Other,Arterial Other,Divided,Div,Metro,2019,1,11,0
3475967,T20190001473,ABS to receive accident,Finished,25/1/2019,11.46.00,No,Collision with vehicle,Friday,LEFT NEAR (INTERSECTIONS ONLY),No,Day,Yes,Multiple intersection,Other injury accident,60 km/hr,No,10410,144.90999,-37.74442,Intersection,MOONEE VALLEY,METROPOLITAN NORTH WEST REGION,2492067.223,2417387.129,2,1,0,0,1,1,0,2,0,0,2,0,0,0,0,0,0,0,0,0,No,0,2,0,2,0,0,MELB_URBAN,MELB_URBAN,MOONEE VALLEY,METROPOLITAN NORTH WEST REGION,,,Arterial Other,Arterial Other,Divided,"Div,Undiv",Metro,2019,1,11,0
3475968,T20190001474,ABS to receive accident,Finished,23/1/2019,09.40.00,No,Collision with vehicle,Wednesday,REAR END(VEHICLES IN SAME LANE),No,Day,No,T intersection,Other injury accident,Not known,No,37633,144.987,-37.83605,Intersection,STONNINGTON,METROPOLITAN NORTH WEST REGION,2498855.254,2407221.014,2,1,0,0,1,1,1,0,0,0,1,0,0,1,0,0,0,0,0,0,No,0,2,0,1,1,0,MELB_URBAN,MELB_URBAN,"STONNINGTON,MELBOURNE","METROPOLITAN NORTH WEST REGION,METROPOLITAN SOUTH EAST REGION",,,Arterial Highway,"Arterial Highway,Local Road",Undivided,Undiv,Metro,2019,1,09,0
3475969,T20190001476,ABS to receive accident,Finished,25/1/2019,11.57.00,No,Collision with a fixed object,Thursday,LEFT OFF CARRIAGEWAY INTO OBJECT/PARKED VEHICLE,No,Day,Yes,Not at intersection,Serious injury accident,100 km/hr,Yes,341689,144.49045,-37.50178,Non-Intersection,MACEDON RANGES,NORTHERN REGION,2454949.44,2444198.768,2,2,0,1,1,0,1,1,0,1,1,0,0,0,0,0,0,0,0,0,No,0,1,0,1,0,0,RURAL_VICTORIA,RURAL_VICTORIA,MACEDON RANGES,NORTHERN REGION,C,C,Arterial Other,Arterial Other,Undivided,Undiv,Country,2019,1,11,0
3475970,T20190001487,ABS to receive accident,Finished,25/1/2019,13.50.00,No,Collision with vehicle,Thursday,HEAD ON (NOT OVERTAKING),No,Day,Yes,Not at intersection,Other injury accident,60 km/hr,No,343304,144.77984,-37.77958,Non-Intersection,BRIMBANK,METROPOLITAN NORTH WEST REGION,2480605.834,2413466.105,3,2,0,0,2,1,2,1,0,1,2,0,0,0,0,0,0,0,0,0,No,1,2,0,2,0,0,MELB_URBAN,MELB_URBAN,BRIMBANK,METROPOLITAN NORTH WEST REGION,,,Local Road,Local Road,Undivided,Undiv,Metro,2019,1,13,0
3475971,T20190001489,ABS to receive accident,Finished,25/1/2019,12.40.00,No,Vehicle overturned (no collision),Thursday,OUT OF CONTROL ON CARRIAGEWAY (ON STRAIGHT),No,Day,Yes,Not at intersection,Other injury accident,100 km/hr,No,341972,148.94993,-37.51995,Non-Intersection,EAST GIPPSLAND,EASTERN REGION,2849042.458,2435060.083,2,1,0,0,1,1,1,1,0,1,1,0,0,0,0,0,0,0,0,0,No,0,1,0,0,0,0,RURAL_VICTORIA,RURAL_VICTORIA,EAST GIPPSLAND,"EASTERN REGION,EASTERN REGION",,,Local Road,Local Road,Undivided,Undiv,Country,2019,1,12,0
3475972,T20190001491,ABS to receive accident,Finished,25/1/2019,12.00.00,No,Collision with vehicle,Thursday,CROSS TRAFFIC(INTERSECTIONS ONLY),No,Day,Yes,Cross intersection,Other injury accident,60 km/hr,No,29601,145.01833,-37.86874,Intersection,GLEN EIRA,METROPOLITAN SOUTH EAST REGION,2501612.506,2403592.709,2,1,0,0,1,1,1,1,0,0,2,0,0,0,0,0,0,0,0,0,No,0,2,0,2,0,0,MELB_URBAN,MELB_URBAN,GLEN EIRA,METROPOLITAN SOUTH EAST REGION,,,Local Road,Local Road,Undivided,Undiv,Metro,2019,1,12,0
3475973,T20190001492,ABS to receive accident,Finished,25/1/2019,13.07.00,No,Collision with vehicle,Friday,RIGHT THROUGH,No,Day,Yes,Cross intersection,Other injury accident,60 km/hr,No,35419,144.97578,-37.7542,Intersection,MORELAND,METROPOLITAN NORTH WEST REGION,2497865.732,2416305.78,3,1,0,0,1,2,2,1,0,1,2,0,0,0,0,0,0,0,0,2,No,0,2,0,2,0,0,MELB_URBAN,MELB_URBAN,MORELAND,METROPOLITAN NORTH WEST REGION,,,Arterial Other,"Arterial Other,Local Road",Undivided,Undiv,Metro,2019,1,13,0
3475974,T20190001493,ABS to receive accident,Finished,25/1/2019,12.43.00,No,Collision with vehicle,Friday,VEHICLE OFF FOOTPATH STRIKES VEH ON CARRIAGEWAY,No,Day,Yes,Not at intersection,Serious injury accident,60 km/hr,No,341884,145.08115,-37.87801,Non-Intersection,STONNINGTON,METROPOLITAN SOUTH EAST REGION,2507139.312,2402561.479,2,1,0,1,0,1,0,2,1,0,1,0,0,0,0,0,0,0,0,0,No,0,2,0,1,0,0,MELB_URBAN,MELB_URBAN,STONNINGTON,METROPOLITAN SOUTH EAST REGION,,,Arterial Other,Arterial Other,Undivided,Undiv,Metro,2019,1,12,0
3475975,T20190001497,ABS to receive accident,Finished,25/1/2019,13.00.00,No,Collision with a fixed object,Friday,PERMANENT OBSTRUCTION ON CARRIAGEWAY,No,Day,Yes,T intersection,Other injury accident,100 km/hr,No,341567,147.35806,-38.19878,Intersection,WELLINGTON,EASTERN REGION,2706546.941,2364400.586,1,1,0,0,1,0,1,0,0,0,0,0,0,1,0,0,0,0,0,0,No,0,1,0,0,1,0,RURAL_VICTORIA,RURAL_VICTORIA,WELLINGTON,"EASTERN REGION,EASTERN REGION",C,C,Arterial Other,"Arterial Other,Local Road",Undivided,Undiv,Country,2019,1,13,0
3475976,T20190002094,ABS to receive accident,Finished,3/2/2019,13.55.00,No,Collision with vehicle,Sunday,REAR END(VEHICLES IN SAME LANE),No,Day,Yes,Not at intersection,Other injury accident,60 km/hr,No,342023,145.14645,-37.67522,Non-Intersection,NILLUMBIK,METROPOLITAN NORTH WEST REGION,2512918.484,2425061.045,3,1,0,0,1,2,2,1,0,1,2,0,0,0,0,0,0,0,0,0,No,0,2,0,2,0,0,MELB_URBAN,MELB_URBAN,NILLUMBIK,METROPOLITAN NORTH WEST REGION,,,Arterial Other,Arterial Other,Divided,Div,Metro,2019,2,13,0
3475977,T20190002097,ABS to receive accident,Finished,3/2/2019,14.50.00,No,Collision with vehicle,Sunday,CROSS TRAFFIC(INTERSECTIONS ONLY),No,Day,Yes,Cross intersection,Other injury accident,70 km/hr,No,46085,145.15577,-37.93311,Intersection,DANDENONG,METROPOLITAN SOUTH EAST REGION,2513693.786,2396437.744,5,5,0,0,5,0,2,3,0,3,2,0,0,0,0,0,0,0,0,0,No,0,2,0,2,0,0,MELB_URBAN,MELB_URBAN,DANDENONG,METROPOLITAN SOUTH EAST REGION,,,Arterial Highway,"Arterial Highway,Arterial Other",Divided,"Div,Undiv",Metro,2019,2,14,0
3475978,T20190002099,ABS to receive accident,Finished,2/2/2019,23.30.00,Yes,Vehicle overturned (no collision),Friday,OFF CARRIAGEWAY ON LEFT BEND,No,Dark No street lights,Yes,Not at intersection,Other injury accident,80 km/hr,Yes,343297,143.27732,-38.68558,Non-Intersection,COLAC OTWAY,SOUTH WESTERN REGION,2350077.866,2311556.76,1,1,0,0,1,0,1,0,0,0,1,0,0,0,0,0,0,0,0,0,No,0,1,0,1,0,0,RURAL_VICTORIA,RURAL_VICTORIA,COLAC OTWAY,SOUTH WESTERN REGION,,,Local Road,Local Road,Undivided,Undiv,Country,2019,2,23,0
3475979,T20190002101,ABS to receive accident,Finished,2/2/2019,13.00.00,No,Collision with vehicle,Saturday,VEHICLE STRIKES DOOR OF PARKED/STATIONARY VEHICLE,No,Day,No,T intersection,Serious injury accident,60 km/hr,No,41079,144.97701,-37.87629,Intersection,PORT PHILLIP,METROPOLITAN NORTH WEST REGION,2497977.033,2402755.224,2,1,0,1,0,1,1,1,1,0,1,0,0,0,0,0,0,0,0,1,No,0,2,0,1,0,0,MELB_URBAN,MELB_URBAN,PORT PHILLIP,METROPOLITAN NORTH WEST REGION,,,Arterial Other,"Arterial Other,Local Road",Divided,"Div,Undiv",Metro,2019,2,13,0
3475980,T20190002110,ABS to receive accident,Finished,3/2/2019,18.25.00,No,Collision with vehicle,,RIGHT THROUGH,No,Day,Yes,Not at intersection,Other injury accident,80 km/hr,No,342432,145.14999,-38.24064,Non-Intersection,MORNINGTON PENINSULA,METROPOLITAN SOUTH EAST REGION,2513132.143,2362301.96,2,1,0,0,1,1,0,2,0,0,2,0,0,0,0,0,0,0,0,1,No,0,2,0,2,0,0,RURAL_VICTORIA,RURAL_VICTORIA,MORNINGTON PENINSULA,METROPOLITAN SOUTH EAST REGION,C,C,Arterial Other,Arterial Other,Undivided,Undiv,Metro,2019,2,18,0
3475981,T20190002111,ABS to receive accident,Finished,3/2/2019,14.40.00,No,Collision with vehicle,Sunday,RIGHT FAR (INTERSECTIONS ONLY),No,Day,Yes,T intersection,Other injury accident,60 km/hr,No,291481,145.15976,-37.80079,Intersection,MANNINGHAM,METROPOLITAN SOUTH EAST REGION,2514069.115,2411122.843,2,1,0,0,1,1,2,0,0,0,2,0,0,0,0,0,0,0,1,0,No,1,2,0,2,0,0,MELB_URBAN,MELB_URBAN,"WHITEHORSE,MANNINGHAM",METROPOLITAN SOUTH EAST REGION,M,M,Freeway,"Freeway,Arterial Other",Divided,"Div,Undiv",Metro,2019,2,14,0
3475982,T20190002112,ABS to receive accident,Finished,3/2/2019,14.35.00,No,Collision with vehicle,Sunday,CROSS TRAFFIC(INTERSECTIONS ONLY),No,Day,Yes,Cross intersection,Serious injury accident,Not known,No,42843,144.95825,-37.74234,Intersection,MORELAND,METROPOLITAN NORTH WEST REGION,2496320.145,2417621.477,6,2,0,2,0,4,0,5,0,4,2,0,0,0,0,0,0,0,0,1,No,0,2,0,2,0,0,MELB_URBAN,MELB_URBAN,MORELAND,METROPOLITAN NORTH WEST REGION,,,Local Road,Local Road,Undivided,Undiv,Metro,2019,2,14,0
3475983,T20190002113,ABS to receive accident,Finished,2/2/2019,10.30.00,No,Collision with a fixed object,Friday,LEFT OFF CARRIAGEWAY INTO OBJECT/PARKED VEHICLE,No,Day,No,Not at intersection,Other injury accident,80 km/hr,Yes,341935,142.08344,-38.32761,Non-Intersection,MOYNE,SOUTH WESTERN REGION,2244985.206,2348750.932,1,1,0,0,1,0,0,1,0,0,1,0,0,0,0,0,0,0,0,0,No,0,1,0,1,0,0,RURAL_VICTORIA,RURAL_VICTORIA,MOYNE,SOUTH WESTERN REGION,A,A,Arterial Highway,Arterial Highway,Undivided,Undiv,Country,2019,2,10,0
3475984,T20190002116,ABS to receive accident,Finished,3/2/2019,19.33.00,Yes,Struck Pedestrian,Sunday,PED PLAYING/LYING/WORKING/STANDING ON CARRIAGEWAY.,No,Day,Yes,Not at intersection,Serious injury accident,50 km/hr,No,342493,145.20242,-38.09668,Non-Intersection,FRANKSTON,METROPOLITAN SOUTH EAST REGION,2517756.12,2378274.208,2,1,0,1,0,1,2,0,0,0,1,1,0,0,0,0,0,0,0,1,No,0,1,0,1,0,0,MELB_URBAN,MELB_URBAN,FRANKSTON,METROPOLITAN SOUTH EAST REGION,,,Local Road,Local Road,Undivided,Undiv,Metro,2019,2,19,0
3475985,T20190002117,ABS to receive accident,Finished,3/2/2019,19.28.00,No,Collision with vehicle,,REAR END(VEHICLES IN SAME LANE),No,Day,Yes,Cross intersection,Other injury accident,Not known,No,38080,145.02269,-37.78236,Intersection,DAREBIN,METROPOLITAN NORTH WEST REGION,2501998.822,2413179.528,2,1,0,0,1,1,1,1,0,0,1,0,0,1,0,0,0,0,0,1,No,0,2,0,1,1,0,MELB_URBAN,MELB_URBAN,"YARRA,DAREBIN",METROPOLITAN NORTH WEST REGION,,,Arterial Other,"Arterial Other,Local Road",Divided,"Div,Undiv",Metro,2019,2,19,0
3475986,T20190002128,ABS to receive accident,Finished,3/2/2019,00.30.00,No,Collision with vehicle,,LEFT OFF CARRIAGEWAY INTO OBJECT/PARKED VEHICLE,No,Dark Street lights unknown,No,T intersection,Serious injury accident,50 km/hr,Yes,341955,144.54671,-38.26354,Non-Intersection,GEELONG,SOUTH WESTERN REGION,2460326.194,2359676.058,1,1,0,1,0,0,1,0,1,0,0,0,0,0,0,0,1,0,0,0,No,0,2,0,1,0,0,SMALL_CITIES,SMALL_CITIES,GEELONG,SOUTH WESTERN REGION,,,Local Road,Local Road,Undivided,Undiv,Country,2019,2,00,0
3475987,T20190002129,ABS to receive accident,Finished,31/1/2019,11.30.00,No,Fall from or in moving vehicle,Thursday,OTHER ACCIDENTS-OFF STRAIGHT NOT INCLUDED IN DCAs 170-175,No,Day,Yes,Not at intersection,Serious injury accident,100 km/hr,No,342122,146.35401,-38.09199,Off Road,BAW BAW,EASTERN REGION,2618776.707,2377968.75,1,1,0,1,0,0,1,0,0,0,0,0,0,1,0,0,0,0,0,0,No,0,1,0,0,1,0,RURAL_VICTORIA,RURAL_VICTORIA,BAW BAW,"EASTERN REGION,EASTERN REGION",,,,,,,Country,2019,1,11,0
3475988,T20190002138,ABS to receive accident,Finished,4/2/2019,08.45.00,No,Struck Pedestrian,Monday,PED EMERGES FROM IN FRONT OF PARKED OR STATIONARY VEHICLE,No,Day,Yes,Not at intersection,Other injury accident,50 km/hr,No,341984,145.09043,-38.17204,Non-Intersection,MORNINGTON PENINSULA,METROPOLITAN SOUTH EAST REGION,2507924.247,2369924.059,2,1,0,0,1,1,1,1,0,0,1,1,0,0,0,0,0,0,0,0,No,0,1,0,1,0,0,MELB_URBAN,MELB_URBAN,MORNINGTON PENINSULA,METROPOLITAN SOUTH EAST REGION,,,Local Road,Local Road,Undivided,Undiv,Metro,2019,2,08,0
3475989,T20190002676,ABS to receive accident,Finished,12/2/2019,09.25.00,No,Collision with vehicle,Tuesday,CROSS TRAFFIC(INTERSECTIONS ONLY),No,Day,Yes,Cross intersection,Serious injury accident,60 km/hr,No,39259,145.11289,-37.82772,Intersection,WHITEHORSE,METROPOLITAN SOUTH EAST REGION,2509938.181,2408140.006,2,1,0,1,0,1,0,2,1,0,1,0,0,0,0,0,0,0,0,0,No,0,2,0,1,0,0,MELB_URBAN,MELB_URBAN,WHITEHORSE,METROPOLITAN SOUTH EAST REGION,,,Arterial Other,Arterial Other,Undivided,Undiv,Metro,2019,2,09,0
3475990,T20190002677,ABS to receive accident,Finished,12/2/2019,07.45.00,No,Collision with vehicle,Monday,CROSS TRAFFIC(INTERSECTIONS ONLY),No,Day,Yes,Cross intersection,Serious injury accident,110 km/hr,No,17734,145.86713,-36.60138,Intersection,BENALLA,NORTH EASTERN REGION,2577575.113,2543877.269,3,2,0,2,0,1,2,1,0,1,2,0,0,0,0,0,0,0,1,0,No,0,2,0,2,0,0,RURAL_VICTORIA,RURAL_VICTORIA,BENALLA,NORTH EASTERN REGION,M,M,Freeway,"Freeway,Local Road",Divided,"Div,Undiv",Country,2019,2,07,0
3475991,T20190002678,ABS to receive accident,Finished,12/2/2019,09.00.00,No,Collision with vehicle,Tuesday,REAR END(VEHICLES IN SAME LANE),No,Day,Yes,Not at intersection,Other injury accident,80 km/hr,No,342192,144.94097,-37.82543,Non-Intersection,MELBOURNE,METROPOLITAN NORTH WEST REGION,2494802.929,2408398.017,4,1,0,0,1,3,3,1,0,1,3,0,0,0,0,0,0,0,0,0,No,0,3,1,2,0,0,MELB_URBAN,MELB_URBAN,MELBOURNE,METROPOLITAN NORTH WEST REGION,M,M,Freeway,Freeway,Undivided,Undiv,Metro,2019,2,09,0
3475992,T20190002681,ABS to receive accident,Finished,12/2/2019,06.30.00,No,Struck Pedestrian,Tuesday,FAR SIDE. PED HIT BY VEHICLE FROM THE LEFT,No,Dark Street lights on,Yes,Not at intersection,Other injury accident,50 km/hr,No,342402,144.9829,-37.82802,Non-Intersection,MELBOURNE,METROPOLITAN NORTH WEST REGION,2498494.432,2408112.266,2,1,0,0,1,1,1,1,0,0,1,1,0,0,0,0,0,0,0,0,No,0,1,0,1,0,0,MELB_URBAN,MELB_URBAN,MELBOURNE,METROPOLITAN NORTH WEST REGION,,,Local Road,Local Road,Undivided,Undiv,Metro,2019,2,06,0
3475993,T20190002685,ABS to receive accident,Finished,12/2/2019,11.05.00,No,Collision with a fixed object,Tuesday,OFF LEFT BEND INTO OBJECT/PARKED VEHICLE,No,Day,Yes,Not at intersection,Other injury accident,80 km/hr,Yes,342448,146.13126,-38.48916,Non-Intersection,SOUTH GIPPSLAND,EASTERN REGION,2598713.323,2334135.394,2,1,0,0,1,1,2,0,0,1,1,0,0,0,0,0,0,0,0,0,No,0,1,0,1,0,0,RURAL_VICTORIA,RURAL_VICTORIA,SOUTH GIPPSLAND,"EASTERN REGION,EASTERN REGION",C,C,Arterial Other,Arterial Other,Undivided,Undiv,Country,2019,2,11,0