OBJECTID,ACCIDENT_NO,ABS_CODE,ACCIDENT_STATUS,ACCIDENT_DATE,ACCIDENT_TIME,ALCOHOLTIME,ACCIDENT_TYPE,DAY_OF_WEEK,DCA_CODE,HIT_RUN_FLAG,LIGHT_CONDITION,POLICE_ATTEND,ROAD_GEOMETRY,SEVERITY,SPEED_ZONE,RUN_OFFROAD,NODE_ID,LONGITUDE,LATITUDE,NODE_TYPE,LGA_NAME,REGION_NAME,VICGRID_X,VICGRID_Y,TOTAL_PERSONS,INJ_OR_FATAL,FATALITY,SERIOUSINJURY,OTHERINJURY,NONINJURED,MALES,FEMALES,BICYCLIST,PASSENGER,DRIVER,PEDESTRIAN,PILLION,MOTORIST,UNKNOWN,PED_CYCLIST_5_12,PED_CYCLIST_13_18,OLD_PEDESTRIAN,OLD_DRIVER,YOUNG_DRIVER,ALCOHOL_RELATED,UNLICENCSED,NO_OF_VEHICLES,HEAVYVEHICLE,PASSENGERVEHICLE,MOTORCYCLE,PUBLICVEHICLE,DEG_URBAN_NAME,DEG_URBAN_ALL,LGA_NAME_ALL,REGION_NAME_ALL,SRNS,SRNS_ALL,RMA,RMA_ALL,DIVIDED,DIVIDED_ALL,STAT_DIV_NAME,Year,Month,Hour,ALCOHOL_RELATED
3475994,T20190002688,ABS to receive accident,Finished,12/2/2019,11.35.00,No,Collision with vehicle,Tuesday,RIGHT NEAR (INTERSECTIONS ONLY),No,Day,Yes,T intersection,Other injury accident,70 km/hr,No,342234,145.36798,-38.0458,Intersection,CARDINIA,METROPOLITAN SOUTH EAST REGION,2532300.547,2383878.24,2,1,0,0,1,1,1,1,1,0,1,0,0,0,0,0,0,0,0,1,No,0,2,0,1,0,0,MELB_URBAN,MELB_URBAN,CARDINIA,METROPOLITAN SOUTH EAST REGION,C,C,Arterial Other,"Arterial Other,Local Road",Divided,"Div,Undiv",Metro,2019,2,11,0
3475995,T20190002689,ABS to receive accident,Finished,12/2/2019,08.00.00,No,Vehicle overturned (no collision),Tuesday,OFF CARRIAGEWAY ON RIGHT BEND,No,Day,Yes,Not at intersection,Other injury accident,60 km/hr,Yes,342381,146.6995,-36.42936,Non-Intersection,WANGARATTA,NORTH EASTERN REGION,2652374.285,2561956.028,1,1,0,0,1,0,0,1,0,0,1,0,0,0,0,0,0,0,0,0,No,0,1,0,1,0,0,RURAL_VICTORIA,RURAL_VICTORIA,WANGARATTA,NORTH EASTERN REGION,C,C,Arterial Other,Arterial Other,Undivided,Undiv,Country,2019,2,08,0
3475996,T20190002690,ABS to receive accident,Finished,12/2/2019,13.20.00,No,Collision with vehicle,Monday,RIGHT NEAR (INTERSECTIONS ONLY),No,Day,Yes,T intersection,Other injury accident,60 km/hr,No,342210,145.18237,-37.93637,Non-Intersection,MONASH,METROPOLITAN SOUTH EAST REGION,2516031.439,2396071.401,3,2,0,0,2,1,2,0,0,1,2,0,0,0,0,0,0,0,1,0,No,0,2,0,2,0,0,MELB_URBAN,MELB_URBAN,"MONASH,DANDENONG",METROPOLITAN SOUTH EAST REGION,,,Arterial Other,Arterial Other,Undivided,Undiv,Metro,2019,2,13,0
3475997,T20190002697,ABS to receive accident,Finished,14/1/2019,17.30.00,No,Collision with a fixed object,Monday,LEFT OFF CARRIAGEWAY INTO OBJECT/PARKED VEHICLE,No,Day,No,Not at intersection,Other injury accident,100 km/hr,Yes,342207,145.5345,-38.07576,Non-Intersection,CARDINIA,METROPOLITAN SOUTH EAST REGION,2546899.142,2380482.836,2,1,0,0,1,1,2,0,0,1,1,0,0,0,0,0,0,0,0,0,No,0,1,0,1,0,0,RURAL_VICTORIA,RURAL_VICTORIA,CARDINIA,METROPOLITAN SOUTH EAST REGION,M,M,Freeway,Freeway,Divided,Div,Metro,2019,1,17,0
3475998,T20190002699,ABS to receive accident,Finished,12/2/2019,11.45.00,No,Collision with a fixed object,Monday,OUT OF CONTROL (OVERTAKING),No,Day,Yes,Not at intersection,Other injury accident,100 km/hr,Yes,342268,146.22568,-38.63116,Non-Intersection,SOUTH GIPPSLAND,EASTERN REGION,2606749.766,2318268.193,1,1,0,0,1,0,0,1,0,0,1,0,0,0,0,0,0,0,0,0,No,0,1,0,1,0,0,RURAL_VICTORIA,RURAL_VICTORIA,SOUTH GIPPSLAND,"EASTERN REGION,EASTERN REGION",,,Local Road,Local Road,Undivided,Undiv,Country,2019,2,11,0
3475999,T20190002700,ABS to receive accident,Finished,12/2/2019,15.30.00,No,Collision with vehicle,Monday,RIGHT THROUGH,No,Day,Yes,T intersection,Other injury accident,60 km/hr,No,70193,145.14868,-37.96196,Intersection,DANDENONG,METROPOLITAN SOUTH EAST REGION,2513065.441,2393236.19,2,1,0,0,1,1,0,2,0,0,2,0,0,0,0,0,0,0,0,1,No,0,2,0,2,0,0,MELB_URBAN,MELB_URBAN,DANDENONG,METROPOLITAN SOUTH EAST REGION,,,Arterial Other,"Arterial Other,Local Road",Undivided,Undiv,Metro,2019,2,15,0
3476000,T20190002702,ABS to receive accident,Reopened,12/2/2019,14.30.00,No,Collision with a fixed object,Tuesday,OFF RIGHT BEND INTO OBJECT/PARKED VEHICLE,No,Day,Yes,Not at intersection,Other injury accident,60 km/hr,Yes,342282,145.41389,-37.86199,Non-Intersection,YARRA RANGES,METROPOLITAN SOUTH EAST REGION,2536419.06,2404263.306,1,1,0,0,1,0,0,1,0,0,1,0,0,0,0,0,0,0,0,0,No,0,1,0,1,0,0,MELB_URBAN,MELB_URBAN,YARRA RANGES,METROPOLITAN SOUTH EAST REGION,C,C,Arterial Other,Arterial Other,Undivided,Undiv,Metro,2019,2,14,0
3476001,T20190002703,ABS to receive accident,Finished,12/2/2019,14.05.00,No,Collision with a fixed object,Tuesday,LEFT OFF CARRIAGEWAY INTO OBJECT/PARKED VEHICLE,No,Day,Yes,Not at intersection,Serious injury accident,80 km/hr,Yes,342425,144.30048,-38.21872,Non-Intersection,GEELONG,SOUTH WESTERN REGION,2438738.653,2364520.556,2,2,0,1,1,0,1,1,0,1,1,0,0,0,0,0,0,0,0,1,No,0,1,0,1,0,0,RURAL_VICTORIA,RURAL_VICTORIA,GEELONG,SOUTH WESTERN REGION,,,Local Road,Local Road,Undivided,Undiv,Country,2019,2,14,0
3476002,T20190003345,ABS to receive accident,Finished,20/2/2019,19.50.00,Yes,Collision with vehicle,Wednesday,RIGHT THROUGH,No,Day,Yes,T intersection,Other injury accident,50 km/hr,No,51304,145.39053,-36.36078,Intersection,SHEPPARTON,NORTH EASTERN REGION,2535047.66,2570854.199,3,1,0,0,1,2,1,2,0,1,2,0,0,0,0,0,0,0,0,1,No,0,2,0,2,0,0,SMALL_CITIES,SMALL_CITIES,SHEPPARTON,NORTH EASTERN REGION,,,Local Road,Local Road,Undivided,Undiv,Country,2019,2,19,0
3476003,T20190003348,ABS to receive accident,Finished,21/2/2019,11.45.00,No,Collision with vehicle,Wednesday,RIGHT THROUGH,No,Day,Yes,Not at intersection,Other injury accident,60 km/hr,No,47726,145.02914,-37.7408,Non-Intersection,DAREBIN,METROPOLITAN NORTH WEST REGION,2502568.237,2417792.372,3,2,0,0,2,1,2,1,0,1,2,0,0,0,0,0,0,0,0,0,No,0,2,0,2,0,0,MELB_URBAN,MELB_URBAN,DAREBIN,METROPOLITAN NORTH WEST REGION,,,Arterial Other,Arterial Other,Divided,Div,Metro,2019,2,11,0
3476004,T20190003352,ABS to receive accident,Finished,21/2/2019,13.09.00,No,collision with some other object,Wednesday,OTHER ACCIDENTS-OFF STRAIGHT NOT INCLUDED IN DCAs 170-175,No,Day,Yes,Not at intersection,Other injury accident,60 km/hr,No,342578,144.95802,-37.75472,Non-Intersection,MORELAND,METROPOLITAN NORTH WEST REGION,2496300.559,2416247.09,1,1,0,0,1,0,0,1,0,0,1,0,0,0,0,0,0,0,0,0,No,0,1,0,1,0,0,MELB_URBAN,MELB_URBAN,MORELAND,METROPOLITAN NORTH WEST REGION,,,Arterial Other,Arterial Other,Undivided,Undiv,Metro,2019,2,13,0
3476005,T20190003354,ABS to receive accident,Finished,20/2/2019,16.48.00,No,Collision with vehicle,Tuesday,OTHER ACCIDENTS ON CURVE NOT INCLUDED IN DCAs 180-184,No,Day,Yes,T intersection,Other injury accident,80 km/hr,No,37532,144.78779,-37.8097,Intersection,BRIMBANK,METROPOLITAN NORTH WEST REGION,2481314.207,2410125.069,2,1,0,0,1,1,1,1,1,0,1,0,0,0,0,0,0,0,0,1,No,0,2,0,1,0,0,MELB_URBAN,MELB_URBAN,BRIMBANK,METROPOLITAN NORTH WEST REGION,,,Arterial Other,"Arterial Other,Local Road",Divided,Div,Metro,2019,2,16,0
3476006,T20190003360,ABS to receive accident,Finished,21/2/2019,08.30.00,No,Collision with vehicle,Thursday,CROSS TRAFFIC(INTERSECTIONS ONLY),No,Day,Yes,Cross intersection,Serious injury accident,60 km/hr,No,59464,144.32269,-36.69655,Intersection,BENDIGO,NORTHERN REGION,2439481.304,2533454.996,2,1,0,1,0,1,0,2,1,0,1,0,0,0,0,0,0,0,0,0,No,0,2,0,1,0,0,LARGE_PROVINCIAL_CITIES,LARGE_PROVINCIAL_CITIES,BENDIGO,NORTHERN REGION,,,Local Road,Local Road,Undivided,Undiv,Country,2019,2,08,0
3476007,T20190003363,ABS to receive accident,Finished,21/2/2019,15.10.00,No,No collision and no object struck,Wednesday,OTHER ACCIDENTS-OFF STRAIGHT NOT INCLUDED IN DCAs 170-175,No,Day,Yes,T intersection,Other injury accident,60 km/hr,No,40319,145.0348,-37.85227,Intersection,STONNINGTON,METROPOLITAN SOUTH EAST REGION,2503062.126,2405420.682,1,1,0,0,1,0,1,0,1,0,0,0,0,0,0,0,0,0,0,0,No,0,1,0,0,0,0,MELB_URBAN,MELB_URBAN,STONNINGTON,METROPOLITAN SOUTH EAST REGION,,,Arterial Other,"Arterial Other,Local Road",Undivided,Undiv,Metro,2019,2,15,0
3476008,T20190003368,ABS to receive accident,Finished,21/2/2019,16.30.00,No,Struck Pedestrian,Wednesday,PED NEAR SIDE. PED HIT BY VEHICLE FROM THE RIGHT.,No,Day,Yes,Not at intersection,Serious injury accident,60 km/hr,No,342508,144.23211,-36.79726,Non-Intersection,BENDIGO,NORTHERN REGION,2431478.777,2522219.842,2,1,0,1,0,1,2,0,0,0,1,1,0,0,0,0,1,0,0,1,No,0,1,0,1,0,0,LARGE_PROVINCIAL_CITIES,LARGE_PROVINCIAL_CITIES,BENDIGO,NORTHERN REGION,C,C,Arterial Other,Arterial Other,Undivided,Undiv,Country,2019,2,16,0
3476009,T20190003369,ABS to receive accident,Finished,21/2/2019,15.16.00,No,Collision with vehicle,Wednesday,RIGHT THROUGH,No,Day,Yes,T intersection,Serious injury accident,100 km/hr,No,343126,144.44135,-37.77727,Intersection,MOORABOOL,WESTERN REGION,2450787.633,2413600.462,4,1,0,1,0,3,1,3,0,1,3,0,0,0,0,0,0,0,0,2,No,0,3,0,2,0,0,RURAL_VICTORIA,RURAL_VICTORIA,MOORABOOL,WESTERN REGION,C,C,Arterial Other,"Arterial Other,Local Road",Undivided,Undiv,Country,2019,2,15,0
3476010,T20190003371,ABS to receive accident,Finished,21/2/2019,15.00.00,No,Collision with vehicle,Wednesday,RIGHT NEAR (INTERSECTIONS ONLY),No,Day,Yes,Cross intersection,Other injury accident,60 km/hr,No,55227,146.32361,-36.36648,Intersection,WANGARATTA,NORTH EASTERN REGION,2618772.342,2569467.405,2,2,0,0,2,0,0,2,0,0,2,0,0,0,0,0,0,0,1,1,No,0,2,0,2,0,0,SMALL_CITIES,SMALL_CITIES,WANGARATTA,NORTH EASTERN REGION,C,C,Arterial Other,"Arterial Other,Local Road",Undivided,Undiv,Country,2019,2,15,0
3476011,T20190003374,ABS to receive accident,Finished,21/2/2019,16.45.00,No,Collision with vehicle,Wednesday,RIGHT NEAR (INTERSECTIONS ONLY),No,Day,Yes,Cross intersection,Other injury accident,50 km/hr,No,35440,145.06009,-37.69476,Intersection,WHITTLESEA,METROPOLITAN NORTH WEST REGION,2505299.279,2422900.293,2,1,0,0,1,1,1,1,0,0,2,0,0,0,0,0,0,0,0,0,No,0,2,0,2,0,0,MELB_URBAN,MELB_URBAN,WHITTLESEA,METROPOLITAN NORTH WEST REGION,,,Arterial Highway,"Arterial Highway,Local Road",Divided,"Div,Undiv",Metro,2019,2,16,0
3476012,T20190003379,ABS to receive accident,Finished,21/2/2019,17.40.00,No,Collision with vehicle,Wednesday,RIGHT NEAR (INTERSECTIONS ONLY),No,Day,Yes,Cross intersection,Other injury accident,60 km/hr,No,37508,144.95613,-37.83554,Intersection,PORT PHILLIP,METROPOLITAN NORTH WEST REGION,2496138.418,2407276.875,2,1,0,0,1,1,2,0,0,0,1,0,0,1,0,0,0,0,0,0,No,0,2,0,1,1,0,MELB_URBAN,MELB_URBAN,PORT PHILLIP,METROPOLITAN NORTH WEST REGION,,,Arterial Other,"Arterial Other,Local Road",Divided,"Div,Undiv",Metro,2019,2,17,0
3476013,T20190003380,ABS to receive accident,Finished,16/2/2019,15.01.00,No,Collision with vehicle,Friday,VEHICLE STRIKES ANOTHER VEH WHILE EMERGING FROM DRIVEWAY,No,Day,Yes,Cross intersection,Other injury accident,Not known,No,342717,144.95211,-37.84425,Non-Intersection,PORT PHILLIP,METROPOLITAN NORTH WEST REGION,2495784.885,2406309.782,2,1,0,0,1,1,2,0,0,0,1,0,0,1,0,0,0,0,0,0,No,0,2,0,1,1,0,MELB_URBAN,MELB_URBAN,PORT PHILLIP,METROPOLITAN NORTH WEST REGION,,,Local Road,Local Road,Undivided,Undiv,Metro,2019,2,15,0
3476014,T20190003381,ABS to receive accident,Finished,21/2/2019,17.16.00,No,Collision with vehicle,Thursday,REAR END(VEHICLES IN SAME LANE),No,Day,Yes,Not at intersection,Other injury accident,80 km/hr,No,342516,144.89166,-37.72403,Non-Intersection,MOONEE VALLEY,METROPOLITAN NORTH WEST REGION,2490449.494,2419648.402,6,1,0,0,1,5,2,4,0,3,3,0,0,0,0,0,0,0,0,0,No,0,3,0,3,0,0,MELB_URBAN,MELB_URBAN,MOONEE VALLEY,METROPOLITAN NORTH WEST REGION,M,M,Freeway,Freeway,Divided,Div,Metro,2019,2,17,0
3476015,T20190001499,ABS to receive accident,Finished,17/1/2019,14.50.00,No,Collision with vehicle,Thursday,REAR END(VEHICLES IN SAME LANE),No,Day,Yes,T intersection,Other injury accident,70 km/hr,No,46908,144.83069,-37.77733,Intersection,BRIMBANK,METROPOLITAN NORTH WEST REGION,2485085.321,2413725.252,3,1,0,0,1,2,0,3,0,0,3,0,0,0,0,0,0,0,0,0,No,0,3,0,3,0,0,MELB_URBAN,MELB_URBAN,BRIMBANK,METROPOLITAN NORTH WEST REGION,,,Arterial Other,"Arterial Other,Local Road",Divided,Div,Metro,2019,1,14,0
3476018,T20190001505,ABS to receive accident,Finished,25/1/2019,15.58.00,No,Collision with vehicle,Friday,CROSS TRAFFIC(INTERSECTIONS ONLY),No,Day,Yes,Cross intersection,Serious injury accident,80 km/hr,No,42658,145.22622,-37.95569,Intersection,DANDENONG,METROPOLITAN SOUTH EAST REGION,2519880.828,2393918.327,4,4,0,1,3,0,0,4,0,2,2,0,0,0,0,0,0,0,0,0,No,0,2,0,2,0,0,MELB_URBAN,MELB_URBAN,DANDENONG,METROPOLITAN SOUTH EAST REGION,,,Arterial Highway,"Arterial Highway,Local Road",Divided,"Div,Undiv",Metro,2019,1,15,0
3476019,T20190001507,ABS to receive accident,Finished,25/1/2019,17.25.00,No,Collision with vehicle,Thursday,REAR END(VEHICLES IN SAME LANE),No,Day,Yes,Not at intersection,Other injury accident,60 km/hr,No,341587,144.95936,-37.82493,Non-Intersection,MELBOURNE,METROPOLITAN NORTH WEST REGION,2496421.904,2408454.76,4,1,0,0,1,3,3,1,0,1,3,0,0,0,0,0,0,0,0,0,No,0,3,0,3,0,0,MELB_URBAN,MELB_URBAN,MELBOURNE,METROPOLITAN NORTH WEST REGION,,,Arterial Highway,Arterial Highway,Divided,Div,Metro,2019,1,17,0
3476020,T20190001516,ABS to receive accident,Finished,25/1/2019,19.08.00,Yes,Struck Pedestrian,Friday,FAR SIDE. PED HIT BY VEHICLE FROM THE LEFT,No,Day,Yes,Not at intersection,Other injury accident,40 km/hr,No,341588,144.97023,-37.80996,Non-Intersection,MELBOURNE,METROPOLITAN NORTH WEST REGION,2497378.894,2410116.711,2,1,0,0,1,1,1,1,0,0,1,1,0,0,0,0,0,0,0,0,No,0,1,0,1,0,0,MELBOURNE_CBD,MELBOURNE_CBD,MELBOURNE,METROPOLITAN NORTH WEST REGION,,,Local Road,Local Road,Divided,Div,Metro,2019,1,19,0
3476022,T20190001522,ABS to receive accident,Finished,25/1/2019,15.13.00,No,Collision with a fixed object,Thursday,LEFT OFF CARRIAGEWAY INTO OBJECT/PARKED VEHICLE,No,Day,Yes,Not at intersection,Other injury accident,60 km/hr,Yes,341599,144.82982,-37.77113,Non-Intersection,BRIMBANK,METROPOLITAN NORTH WEST REGION,2485007.498,2414413.381,2,1,0,0,1,1,2,0,0,0,1,0,0,1,0,0,0,0,0,0,No,0,2,1,0,1,0,MELB_URBAN,MELB_URBAN,BRIMBANK,METROPOLITAN NORTH WEST REGION,,,Arterial Other,Arterial Other,Undivided,Undiv,Metro,2019,1,15,0
3476023,T20190001523,ABS to receive accident,Finished,25/1/2019,17.40.00,No,Collision with a fixed object,Thursday,LEFT OFF CARRIAGEWAY INTO OBJECT/PARKED VEHICLE,No,Day,Yes,Not at intersection,Other injury accident,80 km/hr,Yes,100512,145.22722,-37.95085,Non-Intersection,DANDENONG,METROPOLITAN SOUTH EAST REGION,2519970.223,2394455.79,1,1,0,0,1,0,0,1,0,0,1,0,0,0,0,0,0,0,0,0,No,0,1,0,1,0,0,MELB_URBAN,MELB_URBAN,DANDENONG,METROPOLITAN SOUTH EAST REGION,,,Arterial Highway,Arterial Highway,Divided,Div,Metro,2019,1,17,0
3476024,T20190001525,ABS to receive accident,Finished,25/1/2019,21.53.00,Yes,Collision with vehicle,Friday,LANE CHANGE LEFT (NOT OVERTAKING),No,Dark Street lights on,Yes,Cross intersection,Other injury accident,40 km/hr,No,100,144.96545,-37.80059,Intersection,MELBOURNE,METROPOLITAN NORTH WEST REGION,2496957.675,2411156.975,2,1,0,0,1,1,2,0,1,0,1,0,0,0,0,0,0,0,0,0,No,0,2,0,1,0,0,MELB_URBAN,MELB_URBAN,MELBOURNE,METROPOLITAN NORTH WEST REGION,,,Local Road,Local Road,Divided,"Div,Undiv",Metro,2019,1,21,0
3476025,T20190001530,ABS to receive accident,Finished,26/1/2019,00.10.00,Yes,Collision with vehicle,Saturday,REAR END(VEHICLES IN SAME LANE),No,Dark No street lights,Yes,Not at intersection,Serious injury accident,80 km/hr,No,341586,144.75419,-37.78582,Non-Intersection,MELTON,METROPOLITAN NORTH WEST REGION,2478348.642,2412767.787,2,2,0,1,1,0,1,1,0,0,2,0,0,0,0,0,0,0,0,1,No,0,2,0,2,0,0,MELB_URBAN,MELB_URBAN,"MELTON,BRIMBANK",METROPOLITAN NORTH WEST REGION,,,Local Road,Local Road,Undivided,Undiv,Metro,2019,1,00,0
3476026,T20190001542,ABS to receive accident,Finished,26/1/2019,04.50.00,Yes,Struck animal,Friday,STRUCK ANIMAL,No,Dark No street lights,No,Not at intersection,Other injury accident,100 km/hr,No,341580,145.465,-38.09038,Non-Intersection,CARDINIA,METROPOLITAN SOUTH EAST REGION,2540793.156,2378892.424,1,1,0,0,1,0,1,0,0,0,0,0,0,1,0,0,0,0,0,0,No,0,1,0,0,1,0,RURAL_VICTORIA,RURAL_VICTORIA,CARDINIA,METROPOLITAN SOUTH EAST REGION,M,M,Freeway,Freeway,Divided,Div,Metro,2019,1,04,0
3476027,T20190001544,ABS to receive accident,Finished,26/1/2019,08.45.00,No,Struck Pedestrian,Friday,ANY MANOEUVRE INVOLVING PED NOT INCLUDED IN DCAs 100-108.,No,Day,Yes,Not at intersection,Serious injury accident,Camping grounds or off road,No,341690,144.47524,-38.1647,Off Road,GEELONG,SOUTH WESTERN REGION,2454009.812,2370615.081,1,1,0,1,0,0,0,1,0,0,0,1,0,0,0,0,0,0,0,0,No,0,1,0,1,0,0,RURAL_VICTORIA,RURAL_VICTORIA,GEELONG,SOUTH WESTERN REGION,,,,,,,Country,2019,1,08,0
3476028,T20190002141,ABS to receive accident,Finished,4/2/2019,12.40.00,No,Struck Pedestrian,Monday,PED NEAR SIDE. PED HIT BY VEHICLE FROM THE RIGHT.,Yes,Day,Yes,Cross intersection,Other injury accident,50 km/hr,No,51110,145.35937,-36.39443,Intersection,SHEPPARTON,NORTH EASTERN REGION,2532236.925,2567131.24,2,1,0,0,1,1,0,1,0,0,0,1,0,0,1,0,0,0,0,0,No,0,1,0,0,0,0,SMALL_CITIES,SMALL_CITIES,SHEPPARTON,NORTH EASTERN REGION,A,A,Arterial Highway,"Arterial Highway,Local Road",Divided,"Div,Undiv",Country,2019,2,12,0
3476029,T20190002143,ABS to receive accident,Finished,4/2/2019,08.25.00,Yes,Collision with vehicle,Sunday,RIGHT NEAR (INTERSECTIONS ONLY),No,Day,Yes,T intersection,Other injury accident,70 km/hr,No,43827,145.37776,-37.88664,Intersection,YARRA RANGES,METROPOLITAN SOUTH EAST REGION,2533229.229,2401540.267,2,1,0,0,1,1,1,1,0,0,1,0,0,1,0,0,0,0,0,0,No,0,2,0,1,1,0,MELB_URBAN,MELB_URBAN,YARRA RANGES,METROPOLITAN SOUTH EAST REGION,,,Local Road,Local Road,Undivided,Undiv,Metro,2019,2,08,0
3476030,T20190002145,ABS to receive accident,Finished,4/2/2019,13.08.00,No,Collision with vehicle,Sunday,HEAD ON (NOT OVERTAKING),No,Day,Yes,Not at intersection,Other injury accident,40 km/hr,No,342933,145.02546,-37.78677,Non-Intersection,BOROONDARA,METROPOLITAN SOUTH EAST REGION,2502242.473,2412690.9,2,2,0,0,2,0,1,1,0,0,2,0,0,0,0,0,0,0,0,0,No,0,2,0,2,0,0,MELB_URBAN,MELB_URBAN,BOROONDARA,METROPOLITAN SOUTH EAST REGION,,,Arterial Other,Arterial Other,Undivided,Undiv,Metro,2019,2,13,0
3476031,T20190002146,ABS to receive accident,Finished,4/2/2019,10.20.00,No,Collision with vehicle,Monday,RIGHT THROUGH,No,Day,Yes,Not at intersection,Other injury accident,50 km/hr,No,341967,145.08124,-37.94884,Non-Intersection,KINGSTON,METROPOLITAN SOUTH EAST REGION,2507140.354,2394700.07,2,1,0,0,1,1,0,2,0,0,2,0,0,0,0,0,0,0,0,0,No,0,2,0,2,0,0,MELB_URBAN,MELB_URBAN,KINGSTON,METROPOLITAN SOUTH EAST REGION,,,Local Road,Local Road,Divided,Div,Metro,2019,2,10,0
3476032,T20190002147,ABS to receive accident,Finished,4/2/2019,11.15.00,No,No collision and no object struck,Sunday,OUT OF CONTROL (OVERTAKING),No,Day,Yes,Not at intersection,Other injury accident,50 km/hr,Yes,342500,144.98926,-37.75117,Non-Intersection,DAREBIN,METROPOLITAN NORTH WEST REGION,2499053.158,2416642.029,1,1,0,0,1,0,1,0,0,0,0,0,0,1,0,0,0,0,0,0,No,0,1,0,0,1,0,MELB_URBAN,MELB_URBAN,DAREBIN,METROPOLITAN NORTH WEST REGION,,,Local Road,Local Road,Undivided,Undiv,Metro,2019,2,11,0
3476033,T20190002151,ABS to receive accident,Finished,4/2/2019,12.40.00,No,Collision with vehicle,Sunday,CROSS TRAFFIC(INTERSECTIONS ONLY),No,Day,Yes,Cross intersection,Other injury accident,60 km/hr,No,38060,145.02062,-37.75443,Intersection,DAREBIN,METROPOLITAN NORTH WEST REGION,2501816.812,2416279.528,3,1,0,0,1,2,2,1,0,0,3,0,0,0,0,0,0,0,1,0,No,0,3,0,3,0,0,MELB_URBAN,MELB_URBAN,DAREBIN,METROPOLITAN NORTH WEST REGION,,,Arterial Other,"Arterial Other,Local Road",Divided,"Div,Undiv",Metro,2019,2,12,0
3476034,T20190002153,ABS to receive accident,Finished,2/2/2019,14.15.00,Yes,Fall from or in moving vehicle,Saturday,OTHER ACCIDENTS-OFF STRAIGHT NOT INCLUDED IN DCAs 170-175,No,Day,No,Not at intersection,Other injury accident,Not known,No,341995,143.97849,-38.52722,Non-Intersection,SURF COAST,SOUTH WESTERN REGION,2410908.282,2330018.096,1,1,0,0,1,0,1,0,0,0,0,0,0,1,0,0,0,0,0,0,No,0,1,0,0,1,0,TOWNS,TOWNS,SURF COAST,SOUTH WESTERN REGION,C,C,Arterial Other,Arterial Other,Undivided,Undiv,Country,2019,2,14,0
3476035,T20190002154,ABS to receive accident,Finished,12/1/2019,13.50.00,No,Collision with vehicle,Friday,REAR END(VEHICLES IN SAME LANE),Yes,Unk.,No,T intersection,Other injury accident,70 km/hr,No,41215,144.91855,-37.71588,Intersection,MORELAND,METROPOLITAN NORTH WEST REGION,2492819.136,2420555.614,2,1,0,0,1,1,0,1,0,0,1,0,0,0,1,0,0,0,0,0,No,0,2,0,1,0,0,MELB_URBAN,MELB_URBAN,MORELAND,METROPOLITAN NORTH WEST REGION,,,Arterial Other,"Arterial Other,Local Road",Undivided,Undiv,Metro,2019,1,13,0
3476036,T20190002159,ABS to receive accident,Finished,4/2/2019,17.10.00,No,Collision with vehicle,Monday,REAR END(VEHICLES IN SAME LANE),No,Day,Yes,Multiple intersection,Other injury accident,60 km/hr,No,342007,144.28721,-38.21904,Non-Intersection,GEELONG,SOUTH WESTERN REGION,2437576.726,2364477.063,3,1,0,0,1,2,1,2,0,1,2,0,0,0,0,0,0,0,0,0,No,0,2,0,2,0,0,RURAL_VICTORIA,RURAL_VICTORIA,GEELONG,SOUTH WESTERN REGION,C,C,Arterial Other,Arterial Other,Divided,Div,Country,2019,2,17,0
3476037,T20190002162,ABS to receive accident,Finished,4/2/2019,15.29.00,No,Collision with vehicle,Sunday,REAR END(VEHICLES IN SAME LANE),No,Day,Yes,T intersection,Other injury accident,60 km/hr,No,342865,145.17846,-37.93589,Non-Intersection,MONASH,METROPOLITAN SOUTH EAST REGION,2515688.248,2396125.444,2,1,0,0,1,1,1,1,0,0,2,0,0,0,0,0,0,0,0,0,No,0,2,0,2,0,0,MELB_URBAN,MELB_URBAN,"MONASH,DANDENONG",METROPOLITAN SOUTH EAST REGION,,,Arterial Other,Arterial Other,Undivided,Undiv,Metro,2019,2,15,0
3476038,T20190002165,ABS to receive accident,Finished,4/2/2019,18.34.00,Yes,Collision with vehicle,Monday,REAR END(VEHICLES IN SAME LANE),No,Day,Yes,Not at intersection,Serious injury accident,100 km/hr,No,343348,142.99829,-38.49999,Non-Intersection,CORANGAMITE,SOUTH WESTERN REGION,2325364.987,2331683.802,2,1,0,1,0,1,2,0,1,0,1,0,0,0,0,0,0,0,0,1,No,0,2,0,1,0,0,RURAL_VICTORIA,RURAL_VICTORIA,CORANGAMITE,SOUTH WESTERN REGION,C,C,Arterial Other,Arterial Other,Undivided,Undiv,Country,2019,2,18,0