OBJECTID,ACCIDENT_NO,ABS_CODE,ACCIDENT_STATUS,ACCIDENT_DATE,ACCIDENT_TIME,ALCOHOLTIME,ACCIDENT_TYPE,DAY_OF_WEEK,DCA_CODE,HIT_RUN_FLAG,LIGHT_CONDITION,POLICE_ATTEND,ROAD_GEOMETRY,SEVERITY,SPEED_ZONE,RUN_OFFROAD,NODE_ID,LONGITUDE,LATITUDE,NODE_TYPE,LGA_NAME,REGION_NAME,VICGRID_X,VICGRID_Y,TOTAL_PERSONS,INJ_OR_FATAL,FATALITY,SERIOUSINJURY,OTHERINJURY,NONINJURED,MALES,FEMALES,BICYCLIST,PASSENGER,DRIVER,PEDESTRIAN,PILLION,MOTORIST,UNKNOWN,PED_CYCLIST_5_12,PED_CYCLIST_13_18,OLD_PEDESTRIAN,OLD_DRIVER,YOUNG_DRIVER,ALCOHOL_RELATED,UNLICENCSED,NO_OF_VEHICLES,HEAVYVEHICLE,PASSENGERVEHICLE,MOTORCYCLE,PUBLICVEHICLE,DEG_URBAN_NAME,DEG_URBAN_ALL,LGA_NAME_ALL,REGION_NAME_ALL,SRNS,SRNS_ALL,RMA,RMA_ALL,DIVIDED,DIVIDED_ALL,STAT_DIV_NAME,Year,Month,Hour,ALCOHOL_RELATED
3476040,T20190002171,ABS to receive accident,Finished,1/2/2019,21.00.00,Yes,Struck Pedestrian,Thursday,FAR SIDE. PED HIT BY VEHICLE FROM THE LEFT,No,Dusk/Dawn,No,T intersection,Other injury accident,50 km/hr,No,48368,145.10273,-37.93624,Intersection,KINGSTON,METROPOLITAN SOUTH EAST REGION,2509030.282,2396096.766,2,1,0,0,1,1,1,0,0,0,1,1,0,0,0,0,0,1,0,0,No,0,1,0,1,0,0,MELB_URBAN,MELB_URBAN,KINGSTON,METROPOLITAN SOUTH EAST REGION,,,Local Road,Local Road,Undivided,Undiv,Metro,2019,2,21,0
3476041,T20190002704,ABS to receive accident,Finished,12/2/2019,15.51.00,No,Collision with vehicle,Monday,HEAD ON (NOT OVERTAKING),No,Day,Yes,Not at intersection,Other injury accident,50 km/hr,No,342312,145.11536,-38.18295,Non-Intersection,MORNINGTON PENINSULA,METROPOLITAN SOUTH EAST REGION,2510107.903,2368710.874,9,2,0,0,2,7,2,7,0,6,3,0,0,0,0,0,0,0,0,0,No,0,3,0,3,0,0,MELB_URBAN,MELB_URBAN,"FRANKSTON,MORNINGTON PENINSULA",METROPOLITAN SOUTH EAST REGION,,,Local Road,Local Road,Undivided,Undiv,Metro,2019,2,15,0
3476042,T20190002706,ABS to receive accident,Finished,12/2/2019,14.25.00,No,Collision with vehicle,Tuesday,HEAD ON (NOT OVERTAKING),No,Day,Yes,Not at intersection,Serious injury accident,80 km/hr,No,342275,145.57535,-37.77609,Non-Intersection,YARRA RANGES,METROPOLITAN SOUTH EAST REGION,2550684.123,2413722.566,4,3,0,1,2,1,2,2,0,1,3,0,0,0,0,0,0,0,0,0,No,0,3,0,3,0,0,TOWNS,TOWNS,YARRA RANGES,METROPOLITAN SOUTH EAST REGION,B,B,Arterial Highway,Arterial Highway,Undivided,Undiv,Metro,2019,2,14,0
3476043,T20190002707,ABS to receive accident,Finished,12/2/2019,16.30.00,No,Collision with vehicle,Tuesday,REAR END(VEHICLES IN SAME LANE),No,Day,Yes,Not at intersection,Other injury accident,80 km/hr,No,342218,145.00446,-37.89526,Non-Intersection,GLEN EIRA,METROPOLITAN SOUTH EAST REGION,2500392.237,2400649.523,2,1,0,0,1,1,2,0,0,0,2,0,0,0,0,0,0,0,0,0,No,0,2,0,2,0,0,MELB_URBAN,MELB_URBAN,"GLEN EIRA,BAYSIDE",METROPOLITAN SOUTH EAST REGION,,,Arterial Highway,Arterial Highway,Divided,Div,Metro,2019,2,16,0
3476044,T20190002711,ABS to receive accident,Finished,12/2/2019,17.34.00,No,Collision with vehicle,Tuesday,RIGHT THROUGH,No,Day,Yes,T intersection,Other injury accident,60 km/hr,No,342190,145.09914,-37.79329,Intersection,BOROONDARA,METROPOLITAN SOUTH EAST REGION,2508731.379,2411962.589,3,2,0,0,2,1,2,1,0,1,2,0,0,0,0,0,0,0,1,1,No,0,2,0,2,0,0,MELB_URBAN,MELB_URBAN,BOROONDARA,METROPOLITAN SOUTH EAST REGION,,,Local Road,Local Road,Undivided,Undiv,Metro,2019,2,17,0
3476045,T20190002712,ABS to receive accident,Finished,12/2/2019,16.54.00,No,Collision with vehicle,Tuesday,OTHER ADJACENT (INTERSECTIONS ONLY),No,Day,Yes,T intersection,Serious injury accident,50 km/hr,No,55763,145.41967,-36.37758,Intersection,SHEPPARTON,NORTH EASTERN REGION,2537654.318,2568979.473,3,2,0,1,1,1,3,0,0,0,3,0,0,0,0,0,0,0,0,0,No,0,3,1,2,0,0,SMALL_CITIES,SMALL_CITIES,SHEPPARTON,NORTH EASTERN REGION,,,Local Road,Local Road,Undivided,Undiv,Country,2019,2,16,0
3476046,T20190002721,ABS to receive accident,Finished,12/2/2019,18.53.00,Yes,Collision with vehicle,Monday,HEAD ON (NOT OVERTAKING),No,Day,Yes,Not at intersection,Other injury accident,80 km/hr,No,342355,145.41785,-37.93395,Non-Intersection,CARDINIA,METROPOLITAN SOUTH EAST REGION,2536733.274,2396274.263,2,1,0,0,1,1,1,1,0,0,2,0,0,0,0,0,0,0,0,2,No,0,2,0,2,0,0,MELB_URBAN,MELB_URBAN,CARDINIA,METROPOLITAN SOUTH EAST REGION,C,C,Arterial Other,Arterial Other,Undivided,Undiv,Metro,2019,2,18,0
3476047,T20190002724,ABS to receive accident,Finished,12/2/2019,20.55.00,Yes,Struck Pedestrian,Monday,FAR SIDE. PED HIT BY VEHICLE FROM THE LEFT,No,Dark Street lights on,Yes,Not at intersection,Other injury accident,80 km/hr,No,342216,144.83035,-37.82206,Non-Intersection,BRIMBANK,METROPOLITAN NORTH WEST REGION,2485064.346,2408761.328,2,1,0,0,1,1,2,0,0,0,1,1,0,0,0,0,0,0,0,0,No,0,1,0,1,0,0,MELB_URBAN,MELB_URBAN,"HOBSONS BAY,BRIMBANK",METROPOLITAN NORTH WEST REGION,,,Arterial Highway,Arterial Highway,Divided,Div,Metro,2019,2,20,0
3476049,T20190002735,ABS to receive accident,Finished,12/2/2019,13.00.00,No,Collision with vehicle,Monday,HEAD ON(OVERTAKING),No,Day,Yes,Not at intersection,Serious injury accident,50 km/hr,No,342595,145.27673,-38.01601,Non-Intersection,CASEY,METROPOLITAN SOUTH EAST REGION,2524300.261,2387212.073,3,2,0,2,0,1,1,2,0,1,2,0,0,0,0,0,0,0,0,0,No,0,2,0,2,0,0,MELB_URBAN,MELB_URBAN,CASEY,METROPOLITAN SOUTH EAST REGION,,,Local Road,Local Road,Undivided,Undiv,Metro,2019,2,13,0
3476050,T20190002737,ABS to receive accident,Finished,13/2/2019,05.59.00,Yes,Collision with vehicle,Wednesday,REAR END(VEHICLES IN SAME LANE),No,Dark Street lights unknown,Yes,Not at intersection,Serious injury accident,70 km/hr,No,342310,145.01657,-37.86163,Non-Intersection,GLEN EIRA,METROPOLITAN SOUTH EAST REGION,2501457.647,2404382.058,2,1,0,1,0,1,2,0,0,0,1,0,0,1,0,0,0,0,0,0,No,0,2,0,1,1,0,MELB_URBAN,MELB_URBAN,GLEN EIRA,METROPOLITAN SOUTH EAST REGION,,,Arterial Highway,Arterial Highway,Divided,Div,Metro,2019,2,05,0
3476051,T20190002738,ABS to receive accident,Finished,30/1/2019,17.40.00,No,Collision with vehicle,Tuesday,REAR END(VEHICLES IN SAME LANE),No,Dusk/Dawn,No,Y intersection,Other injury accident,100 km/hr,No,342212,145.16404,-38.11306,Non-Intersection,FRANKSTON,METROPOLITAN SOUTH EAST REGION,2514386.067,2376462.597,5,2,0,0,2,3,2,3,0,3,2,0,0,0,0,0,0,0,0,2,No,2,2,0,2,0,0,MELB_URBAN,MELB_URBAN,FRANKSTON,METROPOLITAN SOUTH EAST REGION,M,M,Freeway,Freeway,Divided,Div,Metro,2019,1,17,0
3476052,T20190002740,ABS to receive accident,Finished,13/2/2019,08.30.00,No,Struck Pedestrian,Wednesday,FAR SIDE. PED HIT BY VEHICLE FROM THE LEFT,No,Day,Yes,Not at intersection,Serious injury accident,50 km/hr,No,342247,145.19621,-37.83702,Non-Intersection,WHITEHORSE,METROPOLITAN SOUTH EAST REGION,2517270.504,2407095.378,2,1,0,1,0,1,1,1,0,0,1,1,0,0,0,1,0,0,0,1,No,0,1,0,1,0,0,MELB_URBAN,MELB_URBAN,WHITEHORSE,METROPOLITAN SOUTH EAST REGION,,,Arterial Other,Arterial Other,Undivided,Undiv,Metro,2019,2,08,0
3476053,T20190002742,ABS to receive accident,Finished,13/2/2019,06.17.00,No,Collision with vehicle,Tuesday,RIGHT THROUGH,No,Dusk/Dawn,Yes,Cross intersection,Other injury accident,60 km/hr,No,29634,144.97688,-37.87534,Intersection,PORT PHILLIP,METROPOLITAN NORTH WEST REGION,2497965.729,2402860.248,2,1,0,0,1,1,2,0,1,0,1,0,0,0,0,0,0,0,0,0,No,0,2,0,1,0,0,MELB_URBAN,MELB_URBAN,PORT PHILLIP,METROPOLITAN NORTH WEST REGION,,,Arterial Other,"Arterial Other,Local Road",Divided,"Div,Undiv",Metro,2019,2,06,0
3476054,T20190003383,ABS to receive accident,Finished,21/2/2019,18.23.00,Yes,Collision with vehicle,Wednesday,RIGHT NEAR (INTERSECTIONS ONLY),No,Day,Yes,Cross intersection,Other injury accident,50 km/hr,No,29430,144.97565,-37.80954,Intersection,MELBOURNE,METROPOLITAN NORTH WEST REGION,2497855.994,2410163.666,2,1,0,0,1,1,1,1,1,0,1,0,0,0,0,0,0,0,0,0,No,0,2,0,1,0,0,MELB_URBAN,MELB_URBAN,MELBOURNE,METROPOLITAN NORTH WEST REGION,,,Local Road,Local Road,Divided,"Div,Undiv",Metro,2019,2,18,0
3476055,T20190003387,ABS to receive accident,Finished,21/2/2019,14.20.00,No,Collision with vehicle,Thursday,RIGHT NEAR (INTERSECTIONS ONLY),No,Day,Yes,T intersection,Serious injury accident,60 km/hr,No,40462,145.05984,-37.86831,Intersection,STONNINGTON,METROPOLITAN SOUTH EAST REGION,2505265.447,2403639.769,2,1,0,1,0,1,0,2,0,0,2,0,0,0,0,0,0,0,0,0,No,0,2,0,2,0,0,MELB_URBAN,MELB_URBAN,STONNINGTON,METROPOLITAN SOUTH EAST REGION,,,Arterial Other,"Arterial Other,Local Road",Undivided,Undiv,Metro,2019,2,14,0
3476056,T20190003388,ABS to receive accident,Finished,21/2/2019,19.05.00,Yes,Collision with vehicle,Wednesday,RIGHT NEAR (INTERSECTIONS ONLY),No,Dusk/Dawn,Yes,Cross intersection,Other injury accident,60 km/hr,No,36066,144.94003,-37.78918,Intersection,MELBOURNE,METROPOLITAN NORTH WEST REGION,2494717.596,2412422.236,3,1,0,0,1,2,2,1,0,1,2,0,0,0,0,0,0,0,0,1,No,0,2,0,2,0,0,MELB_URBAN,MELB_URBAN,MELBOURNE,METROPOLITAN NORTH WEST REGION,,,Arterial Highway,"Arterial Highway,Arterial Other",Undivided,Undiv,Metro,2019,2,19,0
3476057,T20190003389,ABS to receive accident,Finished,21/2/2019,15.33.00,No,Collision with a fixed object,Thursday,U TURN INTO FIXED OBJECT/PARKED VEHICLE,No,Day,Yes,Not at intersection,Other injury accident,40 km/hr,No,342576,144.96463,-37.72963,Non-Intersection,MORELAND,METROPOLITAN NORTH WEST REGION,2496882.542,2419031.791,3,1,0,0,1,2,0,2,0,2,1,0,0,0,0,0,0,0,0,0,No,0,2,0,2,0,0,MELB_URBAN,MELB_URBAN,MORELAND,METROPOLITAN NORTH WEST REGION,,,Local Road,Local Road,Undivided,Undiv,Metro,2019,2,15,0
3476058,T20190003392,ABS to receive accident,Finished,19/2/2019,16.44.00,No,Collision with vehicle,Monday,RIGHT NEAR (INTERSECTIONS ONLY),No,Day,Yes,T intersection,Other injury accident,100 km/hr,No,300547,144.87942,-37.5479,Intersection,HUME,METROPOLITAN NORTH WEST REGION,2489345.8,2439194.367,3,1,0,0,1,2,3,0,0,0,3,0,0,0,0,0,0,0,1,0,No,0,3,0,3,0,0,RURAL_VICTORIA,RURAL_VICTORIA,HUME,METROPOLITAN NORTH WEST REGION,C,C,Arterial Other,"Arterial Other,Local Road",Undivided,Undiv,Metro,2019,2,16,0
3476059,T20190003397,ABS to receive accident,Finished,21/2/2019,20.34.00,Yes,Collision with vehicle,Wednesday,REAR END(VEHICLES IN SAME LANE),No,Dark Street lights on,Yes,Cross intersection,Serious injury accident,80 km/hr,No,342584,145.12911,-37.96229,Intersection,KINGSTON,METROPOLITAN SOUTH EAST REGION,2511345.614,2393202.196,2,1,0,1,0,1,2,0,0,0,2,0,0,0,0,0,0,0,1,0,No,0,2,0,1,0,0,MELB_URBAN,MELB_URBAN,KINGSTON,METROPOLITAN SOUTH EAST REGION,,,Arterial Highway,"Arterial Highway,Local Road",Divided,"Div,Undiv",Metro,2019,2,20,0
3476060,T20190003398,ABS to receive accident,Finished,21/2/2019,20.50.00,Yes,Collision with vehicle,Wednesday,RIGHT NEAR (INTERSECTIONS ONLY),No,Dark Street lights on,Yes,Cross intersection,Other injury accident,80 km/hr,No,36448,145.31034,-38.02682,Intersection,CASEY,METROPOLITAN SOUTH EAST REGION,2527248.404,2386002.583,4,1,0,0,1,3,2,2,0,2,2,0,0,0,0,0,0,0,0,1,No,0,2,0,2,0,0,MELB_URBAN,MELB_URBAN,CASEY,METROPOLITAN SOUTH EAST REGION,,,Arterial Highway,"Arterial Highway,Local Road",Divided,"Div,Undiv",Metro,2019,2,20,0
3476061,T20190003399,ABS to receive accident,Finished,21/2/2019,16.45.00,No,Collision with vehicle,Wednesday,REAR END(VEHICLES IN SAME LANE),No,Day,Yes,Not at intersection,Other injury accident,80 km/hr,No,342697,145.17024,-37.8496,Non-Intersection,WHITEHORSE,METROPOLITAN SOUTH EAST REGION,2514982.791,2405704.43,3,1,0,0,1,2,2,1,0,0,3,0,0,0,0,0,0,0,1,0,No,0,3,0,3,0,0,MELB_URBAN,MELB_URBAN,WHITEHORSE,METROPOLITAN SOUTH EAST REGION,,,Arterial Highway,Arterial Highway,Divided,Div,Metro,2019,2,16,0
3476062,T20190003400,ABS to receive accident,Finished,21/2/2019,19.45.00,Yes,Collision with vehicle,Thursday,CROSS TRAFFIC(INTERSECTIONS ONLY),No,Dusk/Dawn,Yes,Cross intersection,Serious injury accident,60 km/hr,No,50099,144.39146,-38.17048,Intersection,GEELONG,SOUTH WESTERN REGION,2446671.894,2369930.32,3,3,0,3,0,0,0,3,0,0,3,0,0,0,0,0,0,0,0,0,No,1,3,0,3,0,0,LARGE_PROVINCIAL_CITIES,LARGE_PROVINCIAL_CITIES,GEELONG,SOUTH WESTERN REGION,B,B,Arterial Highway,"Arterial Highway,Local Road",Divided,"Div,Undiv",Country,2019,2,19,0
3476063,T20190003408,ABS to receive accident,Finished,22/2/2019,07.10.00,No,Collision with vehicle,Thursday,RIGHT THROUGH,No,Day,Yes,T intersection,Other injury accident,60 km/hr,No,35398,144.95718,-37.83782,Intersection,PORT PHILLIP,METROPOLITAN NORTH WEST REGION,2496230.911,2407023.74,2,1,0,0,1,1,2,0,1,0,1,0,0,0,0,0,0,0,0,0,No,0,2,0,1,0,0,MELB_URBAN,MELB_URBAN,PORT PHILLIP,METROPOLITAN NORTH WEST REGION,,,Arterial Other,"Arterial Other,Local Road",Divided,"Div,Undiv",Metro,2019,2,07,0
3476064,T20190003411,ABS to receive accident,Finished,22/2/2019,07.35.00,No,Collision with vehicle,Thursday,REAR END(VEHICLES IN SAME LANE),No,Day,Yes,Not at intersection,Other injury accident,100 km/hr,No,342621,143.45565,-38.04919,Non-Intersection,CORANGAMITE,SOUTH WESTERN REGION,2364450.904,2382464.205,2,2,0,0,2,0,2,0,0,0,0,0,0,2,0,0,0,0,0,0,No,0,2,0,0,2,0,RURAL_VICTORIA,RURAL_VICTORIA,CORANGAMITE,SOUTH WESTERN REGION,C,C,Arterial Other,Arterial Other,Undivided,Undiv,Country,2019,2,07,0
3476065,T20190003412,ABS to receive accident,Finished,22/2/2019,08.30.00,No,Collision with vehicle,Thursday,RIGHT FAR (INTERSECTIONS ONLY),No,Day,Yes,Cross intersection,Other injury accident,60 km/hr,No,52956,143.85761,-37.57402,Intersection,BALLARAT,WESTERN REGION,2399096.236,2435697.261,2,1,0,0,1,1,1,1,1,0,1,0,0,0,0,0,0,0,0,0,No,0,2,0,1,0,0,LARGE_PROVINCIAL_CITIES,LARGE_PROVINCIAL_CITIES,BALLARAT,WESTERN REGION,,,Local Road,Local Road,Undivided,Undiv,Country,2019,2,08,0
3476066,T20190003413,ABS to receive accident,Finished,22/2/2019,06.20.00,No,Collision with vehicle,Friday,RIGHT NEAR (INTERSECTIONS ONLY),No,Dark No street lights,Yes,T intersection,Other injury accident,60 km/hr,No,62574,145.00133,-37.72573,Intersection,DAREBIN,METROPOLITAN NORTH WEST REGION,2500117.165,2419465.161,3,3,0,0,3,0,2,1,0,0,3,0,0,0,0,0,0,0,0,0,No,0,3,0,3,0,0,MELB_URBAN,MELB_URBAN,DAREBIN,METROPOLITAN NORTH WEST REGION,,,Arterial Other,"Arterial Other,Local Road",Undivided,Undiv,Metro,2019,2,06,0
3476068,T20190001552,ABS to receive accident,Finished,18/1/2019,14.30.00,No,Collision with vehicle,Thursday,VEHICLE COLLIDES WITH VEHICLE PARKED ON LEFT OF ROAD,No,Day,Yes,Not at intersection,Other injury accident,60 km/hr,No,343244,145.03094,-37.85175,Non-Intersection,STONNINGTON,METROPOLITAN SOUTH EAST REGION,2502722.887,2405478.436,1,1,0,0,1,0,1,0,0,0,0,0,0,1,0,0,0,0,0,0,No,0,2,0,1,1,0,MELB_URBAN,MELB_URBAN,STONNINGTON,METROPOLITAN SOUTH EAST REGION,,,Arterial Other,Arterial Other,Undivided,Undiv,Metro,2019,1,14,0
3476069,T20190001554,ABS to receive accident,Finished,26/1/2019,11.50.00,No,Collision with vehicle,Friday,REAR END(VEHICLES IN SAME LANE),No,Day,Yes,Not at intersection,Serious injury accident,60 km/hr,No,341686,144.62621,-37.91031,Non-Intersection,WYNDHAM,METROPOLITAN NORTH WEST REGION,2467130.345,2398915.255,4,1,0,1,0,3,2,2,0,1,3,0,0,0,0,0,0,0,0,0,No,0,3,0,3,0,0,MELB_URBAN,"RURAL_VICTORIA,MELB_URBAN",WYNDHAM,METROPOLITAN NORTH WEST REGION,,,Local Road,Local Road,Undivided,Undiv,Metro,2019,1,11,0
3476070,T20190001555,ABS to receive accident,Finished,26/1/2019,13.33.00,No,Struck Pedestrian,Friday,PED ON FOOTHPATH STRUCK BY VEHENTERING/LEAVING DRIVEWAY.,No,Day,Yes,Not at intersection,Other injury accident,Not known,No,342531,145.18636,-38.09852,Non-Intersection,FRANKSTON,METROPOLITAN SOUTH EAST REGION,2516346.864,2378072.035,2,1,0,0,1,1,0,2,0,0,1,1,0,0,0,0,0,1,0,0,No,0,1,0,1,0,0,MELB_URBAN,MELB_URBAN,FRANKSTON,METROPOLITAN SOUTH EAST REGION,,,Local Road,Local Road,Undivided,Undiv,Metro,2019,1,13,0
3476071,T20190001561,ABS to receive accident,Finished,26/1/2019,14.05.00,Yes,Collision with vehicle,Saturday,CROSS TRAFFIC(INTERSECTIONS ONLY),No,Day,Yes,Cross intersection,Serious injury accident,80 km/hr,No,787,145.13936,-37.94585,Intersection,DANDENONG,METROPOLITAN SOUTH EAST REGION,2512248.919,2395025.797,3,3,0,3,0,0,2,1,0,1,2,0,0,0,0,0,0,0,0,0,No,0,2,0,2,0,0,MELB_URBAN,MELB_URBAN,"KINGSTON,DANDENONG",METROPOLITAN SOUTH EAST REGION,,,Arterial Other,"Arterial Other,Local Road",Divided,"Div,Undiv",Metro,2019,1,14,0
3476072,T20190001563,ABS to receive accident,Finished,26/1/2019,15.15.00,Yes,Collision with vehicle,Saturday,RIGHT NEAR (INTERSECTIONS ONLY),No,Day,Yes,T intersection,Other injury accident,60 km/hr,No,56614,145.07394,-37.81195,Intersection,BOROONDARA,METROPOLITAN SOUTH EAST REGION,2506510.112,2409893.254,2,1,0,0,1,1,1,1,0,0,2,0,0,0,0,0,0,0,0,0,No,0,2,0,1,0,0,MELB_URBAN,MELB_URBAN,BOROONDARA,METROPOLITAN SOUTH EAST REGION,,,Arterial Other,"Arterial Other,Local Road",Undivided,Undiv,Metro,2019,1,15,0
3476073,T20190001564,ABS to receive accident,Finished,26/1/2019,13.40.00,No,Collision with vehicle,Friday,RIGHT FAR (INTERSECTIONS ONLY),No,Day,Yes,Cross intersection,Other injury accident,60 km/hr,No,29521,144.88347,-37.81282,Intersection,MARIBYRNONG,METROPOLITAN NORTH WEST REGION,2489739.069,2409792.849,4,1,0,0,1,3,0,2,0,2,2,0,0,0,0,0,0,0,0,0,No,0,2,0,2,0,0,MELB_URBAN,MELB_URBAN,MARIBYRNONG,METROPOLITAN NORTH WEST REGION,,,Arterial Other,"Arterial Other,Local Road",Undivided,Undiv,Metro,2019,1,13,0
3476074,T20190001565,ABS to receive accident,Finished,24/1/2019,14.15.00,No,Collision with vehicle,Wednesday,REAR END(VEHICLES IN SAME LANE),No,Unk.,No,Cross intersection,Other injury accident,80 km/hr,No,43996,145.15127,-38.23531,Intersection,MORNINGTON PENINSULA,METROPOLITAN SOUTH EAST REGION,2513245.071,2362893.194,2,1,0,0,1,1,1,1,0,0,2,0,0,0,0,0,0,0,0,1,No,0,2,0,2,0,0,MELB_URBAN,"RURAL_VICTORIA,MELB_URBAN",MORNINGTON PENINSULA,METROPOLITAN SOUTH EAST REGION,C,C,Arterial Other,"Arterial Other,Local Road",Undivided,Undiv,Metro,2019,1,14,0
3476075,T20190001566,ABS to receive accident,Finished,26/1/2019,15.15.00,Yes,Collision with vehicle,Saturday,CROSS TRAFFIC(INTERSECTIONS ONLY),No,Day,Yes,Cross intersection,Other injury accident,60 km/hr,No,44662,145.71551,-38.09892,Intersection,CARDINIA,METROPOLITAN SOUTH EAST REGION,2562762.269,2377807.868,2,1,0,0,1,1,2,0,0,0,1,0,0,1,0,0,0,0,0,0,No,0,2,0,1,1,0,TOWNS,TOWNS,CARDINIA,METROPOLITAN SOUTH EAST REGION,C,C,Arterial Other,"Arterial Other,Local Road",Undivided,Undiv,Metro,2019,1,15,0
3476076,T20190001568,ABS to receive accident,Finished,24/1/2019,07.20.00,No,Collision with vehicle,Wednesday,RIGHT THROUGH,No,Day,No,T intersection,Other injury accident,60 km/hr,No,40457,145.06447,-37.84688,Intersection,BOROONDARA,METROPOLITAN SOUTH EAST REGION,2505673.847,2406017.569,2,1,0,0,1,1,2,0,1,0,1,0,0,0,0,0,0,0,0,1,No,0,2,0,1,0,0,MELB_URBAN,MELB_URBAN,BOROONDARA,METROPOLITAN SOUTH EAST REGION,,,Arterial Highway,"Arterial Highway,Local Road",Undivided,Undiv,Metro,2019,1,07,0
3476077,T20190001569,ABS to receive accident,Finished,25/1/2019,15.55.00,No,Collision with vehicle,Friday,REAR END(VEHICLES IN SAME LANE),No,Day,Yes,T intersection,Other injury accident,100 km/hr,No,55409,145.91373,-38.21558,Intersection,BAW BAW,EASTERN REGION,2580024.36,2364710.225,2,2,0,0,2,0,0,2,0,0,2,0,0,0,0,0,0,0,0,1,No,0,2,0,2,0,0,RURAL_VICTORIA,RURAL_VICTORIA,BAW BAW,"EASTERN REGION,EASTERN REGION",C,C,Arterial Other,"Arterial Other,Local Road",Undivided,Undiv,Country,2019,1,15,0
3476078,T20190001570,ABS to receive accident,Finished,26/1/2019,15.25.00,Yes,Struck Pedestrian,Saturday,FAR SIDE. PED HIT BY VEHICLE FROM THE LEFT,No,Day,Yes,Not at intersection,Other injury accident,60 km/hr,No,341593,145.14915,-37.83197,Non-Intersection,WHITEHORSE,METROPOLITAN SOUTH EAST REGION,2513128.994,2407663.39,2,1,0,0,1,1,1,1,0,0,1,1,0,0,0,0,0,0,0,0,No,0,1,0,1,0,0,MELB_URBAN,MELB_URBAN,WHITEHORSE,METROPOLITAN SOUTH EAST REGION,,,Arterial Other,Arterial Other,Divided,Div,Metro,2019,1,15,0
3476079,T20190001571,ABS to receive accident,Finished,26/1/2019,16.30.00,Yes,Collision with vehicle,Saturday,CROSS TRAFFIC(INTERSECTIONS ONLY),No,Day,Yes,Cross intersection,Other injury accident,50 km/hr,No,59141,145.36129,-36.39006,Intersection,SHEPPARTON,NORTH EASTERN REGION,2532411.287,2567615.492,3,1,0,0,1,2,2,1,0,1,2,0,0,0,0,0,0,0,0,0,No,0,2,0,2,0,0,SMALL_CITIES,SMALL_CITIES,SHEPPARTON,NORTH EASTERN REGION,,,Local Road,Local Road,Undivided,Undiv,Country,2019,1,16,0
3476080,T20190002174,ABS to receive accident,Finished,4/2/2019,17.50.00,Yes,Collision with vehicle,Sunday,OTHER ADJACENT (INTERSECTIONS ONLY),No,Day,No,T intersection,Other injury accident,40 km/hr,No,29862,144.96989,-37.80106,Intersection,MELBOURNE,METROPOLITAN NORTH WEST REGION,2497348.594,2411104.31,2,1,0,0,1,1,1,1,1,0,1,0,0,0,0,0,0,0,0,0,No,0,2,0,1,0,0,MELB_URBAN,MELB_URBAN,MELBOURNE,METROPOLITAN NORTH WEST REGION,,,Local Road,Local Road,Divided,"Div,Undiv",Metro,2019,2,17,0
3476081,T20190002180,ABS to receive accident,Finished,4/2/2019,17.25.00,No,Collision with vehicle,Monday,REAR END(VEHICLES IN SAME LANE),No,Day,Yes,Not at intersection,Serious injury accident,100 km/hr,No,341999,144.77704,-37.86264,Non-Intersection,HOBSONS BAY,METROPOLITAN NORTH WEST REGION,2480380.882,2404246.68,7,3,0,1,2,4,4,3,0,3,4,0,0,0,0,0,0,0,0,0,No,0,4,0,4,0,0,MELB_URBAN,MELB_URBAN,HOBSONS BAY,METROPOLITAN NORTH WEST REGION,M,M,Freeway,Freeway,Divided,Div,Metro,2019,2,17,0
3476082,T20190002181,ABS to receive accident,Finished,27/1/2019,15.55.00,No,Struck Pedestrian,,PED EMERGES FROM IN FRONT OF PARKED OR STATIONARY VEHICLE,No,Day,Yes,Not at intersection,Other injury accident,60 km/hr,No,341968,145.00953,-37.95248,Non-Intersection,BAYSIDE,METROPOLITAN SOUTH EAST REGION,2500837.56,2394299.133,2,2,0,0,2,0,2,0,0,0,0,1,0,1,0,0,0,1,0,0,No,0,1,0,0,1,0,MELB_URBAN,MELB_URBAN,BAYSIDE,METROPOLITAN SOUTH EAST REGION,,,Arterial Other,Arterial Other,Undivided,Undiv,Metro,2019,1,15,0
3476083,T20190002186,ABS to receive accident,Finished,4/2/2019,12.03.00,No,Collision with vehicle,Monday,RIGHT THROUGH,No,Day,Yes,Cross intersection,Serious injury accident,60 km/hr,No,38668,144.88213,-37.82027,Intersection,MARIBYRNONG,METROPOLITAN NORTH WEST REGION,2489622.651,2408966.873,3,2,0,2,0,1,0,3,0,1,2,0,0,0,0,0,0,0,1,0,No,0,2,0,2,0,0,MELB_URBAN,MELB_URBAN,MARIBYRNONG,METROPOLITAN NORTH WEST REGION,,,Arterial Highway,"Arterial Highway,Arterial Other",Divided,Div,Metro,2019,2,12,0
3476084,T20190002187,ABS to receive accident,Finished,5/2/2019,05.36.00,Yes,Collision with vehicle,Monday,RIGHT THROUGH,No,Dark Street lights on,Yes,T intersection,Other injury accident,60 km/hr,No,44976,144.80909,-37.75639,Intersection,BRIMBANK,METROPOLITAN NORTH WEST REGION,2483177.384,2416045.408,2,1,0,0,1,1,2,0,0,0,2,0,0,0,0,0,0,0,0,0,No,0,2,0,2,0,0,MELB_URBAN,MELB_URBAN,BRIMBANK,METROPOLITAN NORTH WEST REGION,,,Arterial Other,"Arterial Other,Local Road",Undivided,Undiv,Metro,2019,2,05,0