OBJECTID,ACCIDENT_NO,ABS_CODE,ACCIDENT_STATUS,ACCIDENT_DATE,ACCIDENT_TIME,ALCOHOLTIME,ACCIDENT_TYPE,DAY_OF_WEEK,DCA_CODE,HIT_RUN_FLAG,LIGHT_CONDITION,POLICE_ATTEND,ROAD_GEOMETRY,SEVERITY,SPEED_ZONE,RUN_OFFROAD,NODE_ID,LONGITUDE,LATITUDE,NODE_TYPE,LGA_NAME,REGION_NAME,VICGRID_X,VICGRID_Y,TOTAL_PERSONS,INJ_OR_FATAL,FATALITY,SERIOUSINJURY,OTHERINJURY,NONINJURED,MALES,FEMALES,BICYCLIST,PASSENGER,DRIVER,PEDESTRIAN,PILLION,MOTORIST,UNKNOWN,PED_CYCLIST_5_12,PED_CYCLIST_13_18,OLD_PEDESTRIAN,OLD_DRIVER,YOUNG_DRIVER,ALCOHOL_RELATED,UNLICENCSED,NO_OF_VEHICLES,HEAVYVEHICLE,PASSENGERVEHICLE,MOTORCYCLE,PUBLICVEHICLE,DEG_URBAN_NAME,DEG_URBAN_ALL,LGA_NAME_ALL,REGION_NAME_ALL,SRNS,SRNS_ALL,RMA,RMA_ALL,DIVIDED,DIVIDED_ALL,STAT_DIV_NAME,Year,Month,Hour,ALCOHOL_RELATED
3476085,T20190002189,ABS to receive accident,Finished,4/2/2019,21.23.00,Yes,Collision with a fixed object,Monday,LEFT OFF CARRIAGEWAY INTO OBJECT/PARKED VEHICLE,No,Dark No street lights,Yes,Not at intersection,Fatal accident,80 km/hr,Yes,341800,144.5369,-37.68633,Non-Intersection,MELTON,METROPOLITAN NORTH WEST REGION,2459155.851,2423739.117,4,4,1,3,0,0,2,2,0,3,1,0,0,0,0,0,0,0,0,0,No,0,1,0,1,0,0,SMALL_CITIES,SMALL_CITIES,MELTON,METROPOLITAN NORTH WEST REGION,,,Local Road,Local Road,Undivided,Undiv,Metro,2019,2,21,0
3476087,T20190002193,ABS to receive accident,Finished,5/2/2019,09.00.00,No,Collision with vehicle,Tuesday,CROSS TRAFFIC(INTERSECTIONS ONLY),No,Day,Yes,Cross intersection,Serious injury accident,50 km/hr,No,37131,145.27905,-38.08258,Intersection,CASEY,METROPOLITAN SOUTH EAST REGION,2524482.38,2379822.204,2,1,0,1,0,1,1,1,1,0,1,0,0,0,0,0,0,0,0,0,No,0,2,0,1,0,0,MELB_URBAN,MELB_URBAN,CASEY,METROPOLITAN SOUTH EAST REGION,,,Arterial Other,"Arterial Other,Local Road",Divided,"Div,Undiv",Metro,2019,2,09,0
3476088,T20190002203,ABS to receive accident,Finished,1/2/2019,20.12.00,Yes,Collision with vehicle,Friday,REAR END(VEHICLES IN SAME LANE),No,Dusk/Dawn,Yes,Not at intersection,Other injury accident,60 km/hr,No,341993,144.6644,-37.87588,Non-Intersection,WYNDHAM,METROPOLITAN NORTH WEST REGION,2470475.324,2402748.248,3,1,0,0,1,2,3,0,0,0,3,0,0,0,0,0,0,0,0,1,No,0,3,0,3,0,0,MELB_URBAN,MELB_URBAN,WYNDHAM,METROPOLITAN NORTH WEST REGION,,,Local Road,Local Road,Undivided,Undiv,Metro,2019,2,20,0
3476089,T20190002207,ABS to receive accident,Finished,5/2/2019,09.50.00,No,Collision with vehicle,Monday,U TURN,No,Day,Yes,Not at intersection,Other injury accident,60 km/hr,No,342646,143.56062,-35.33746,Non-Intersection,SWAN HILL,NORTHERN REGION,2369113.156,2683487.235,2,1,0,0,1,1,0,2,0,0,2,0,0,0,0,0,0,0,0,0,No,0,2,0,2,0,0,TOWNS,TOWNS,SWAN HILL,NORTHERN REGION,B,B,Arterial Highway,Arterial Highway,Undivided,Undiv,Country,2019,2,09,0
3476090,T20190002211,ABS to receive accident,Finished,1/2/2019,20.00.00,Yes,Fall from or in moving vehicle,Friday,OTHER ACCIDENTS-OFF STRAIGHT NOT INCLUDED IN DCAs 170-175,No,Day,No,Not at intersection,Other injury accident,60 km/hr,No,341994,144.98298,-37.78431,Non-Intersection,YARRA,METROPOLITAN NORTH WEST REGION,2498500.713,2412963.302,2,1,0,0,1,1,0,1,1,0,0,0,0,0,1,0,0,0,0,0,No,0,2,0,0,0,0,MELB_URBAN,MELB_URBAN,YARRA,METROPOLITAN NORTH WEST REGION,,,Arterial Other,Arterial Other,Undivided,Undiv,Metro,2019,2,20,0
3476091,T20190002214,ABS to receive accident,Finished,1/2/2019,17.15.00,No,Collision with vehicle,Thursday,REAR END(VEHICLES IN SAME LANE),No,Day,Yes,Not at intersection,Other injury accident,60 km/hr,No,343310,144.91801,-37.78402,Non-Intersection,MELBOURNE,METROPOLITAN NORTH WEST REGION,2492777.736,2412992.499,6,2,0,0,2,4,4,2,0,1,5,0,0,0,0,0,0,0,0,0,No,0,5,0,5,0,0,MELB_URBAN,MELB_URBAN,"MOONEE VALLEY,MELBOURNE",METROPOLITAN NORTH WEST REGION,,,Arterial Other,Arterial Other,Undivided,Undiv,Metro,2019,2,17,0
3476092,T20190002215,ABS to receive accident,Finished,5/2/2019,15.35.00,No,Collision with vehicle,Monday,LANE SIDE SWIPE (VEHICLES IN PARALLEL LANES),No,Day,Yes,Cross intersection,Other injury accident,80 km/hr,No,35546,145.05807,-37.88389,Intersection,STONNINGTON,METROPOLITAN SOUTH EAST REGION,2505108.527,2401910.348,3,3,0,0,3,0,2,1,0,0,3,0,0,0,0,0,0,0,0,1,No,0,3,0,3,0,0,MELB_URBAN,MELB_URBAN,STONNINGTON,METROPOLITAN SOUTH EAST REGION,,,Arterial Highway,"Arterial Highway,Local Road",Divided,"Div,Undiv",Metro,2019,2,15,0
3476093,T20190002744,ABS to receive accident,Finished,13/2/2019,08.15.00,No,Collision with vehicle,Wednesday,REAR END(VEHICLES IN SAME LANE),No,Day,Yes,Not at intersection,Serious injury accident,100 km/hr,No,342251,145.13865,-38.03609,Non-Intersection,KINGSTON,METROPOLITAN SOUTH EAST REGION,2512172.012,2385009.402,4,1,0,1,0,3,3,1,0,1,3,0,0,0,0,0,0,0,0,1,Yes,0,3,0,3,0,0,MELB_URBAN,MELB_URBAN,KINGSTON,METROPOLITAN SOUTH EAST REGION,M,M,Freeway,Freeway,Divided,Div,Metro,2019,2,08,1
3476094,T20190002746,ABS to receive accident,Finished,13/2/2019,09.25.00,No,Collision with vehicle,Wednesday,RIGHT REAR.,No,Day,Yes,T intersection,Other injury accident,100 km/hr,No,342203,144.44635,-37.28627,Intersection,MACEDON RANGES,NORTHERN REGION,2450911.584,2468091.609,2,1,0,0,1,1,1,1,0,0,2,0,0,0,0,0,0,0,1,0,No,0,2,0,2,0,0,RURAL_VICTORIA,RURAL_VICTORIA,MACEDON RANGES,NORTHERN REGION,C,C,Arterial Other,"Arterial Other,Local Road",Undivided,Undiv,Country,2019,2,09,0
3476095,T20190002752,ABS to receive accident,Finished,13/2/2019,08.55.00,No,Collision with vehicle,Tuesday,RIGHT NEAR (INTERSECTIONS ONLY),No,Day,Yes,Cross intersection,Other injury accident,60 km/hr,No,38653,144.87928,-37.78705,Intersection,MARIBYRNONG,METROPOLITAN NORTH WEST REGION,2489367.185,2412652.683,3,1,0,0,1,2,2,1,0,1,2,0,0,0,0,0,0,0,0,0,No,0,2,0,2,0,0,MELB_URBAN,MELB_URBAN,MARIBYRNONG,METROPOLITAN NORTH WEST REGION,,,Arterial Other,"Arterial Other,Local Road",Undivided,Undiv,Metro,2019,2,08,0
3476096,T20190002756,ABS to receive accident,Finished,4/2/2019,18.00.00,Yes,Struck Pedestrian,Monday,FAR SIDE. PED HIT BY VEHICLE FROM THE LEFT,No,Day,No,Not at intersection,Other injury accident,50 km/hr,No,128127,145.04166,-37.94872,Non-Intersection,BAYSIDE,METROPOLITAN SOUTH EAST REGION,2503661.666,2394715.736,2,1,0,0,1,1,1,1,0,0,1,1,0,0,0,0,0,0,0,0,No,0,1,0,1,0,0,MELB_URBAN,MELB_URBAN,BAYSIDE,METROPOLITAN SOUTH EAST REGION,,,Local Road,Local Road,Undivided,Undiv,Metro,2019,2,18,0
3476097,T20190002758,ABS to receive accident,Finished,1/2/2019,10.00.00,No,No collision and no object struck,Thursday,OUT OF CONTROL ON CARRIAGEWAY (ON BEND),No,Day,No,Not at intersection,Other injury accident,80 km/hr,No,342582,144.24067,-37.52399,Non-Intersection,MOORABOOL,WESTERN REGION,2432885.425,2441586.129,1,1,0,0,1,0,1,0,0,0,0,0,0,1,0,0,0,0,0,0,No,0,1,0,0,1,0,RURAL_VICTORIA,RURAL_VICTORIA,MOORABOOL,WESTERN REGION,,,Local Road,Local Road,Undivided,Undiv,Country,2019,2,10,0
3476098,T20190002760,ABS to receive accident,Finished,8/1/2019,02.20.00,Yes,Collision with vehicle,Monday,RIGHT THROUGH,No,Dark Street lights on,Yes,Multiple intersection,Serious injury accident,80 km/hr,No,12900,145.34147,-38.044,Intersection,CASEY,METROPOLITAN SOUTH EAST REGION,2529974.239,2384086.873,3,1,0,1,0,2,1,2,0,1,2,0,0,0,0,0,0,0,0,2,No,0,2,0,2,0,0,MELB_URBAN,MELB_URBAN,CASEY,METROPOLITAN SOUTH EAST REGION,M,"M,C",Freeway,"Freeway,Arterial Other",Divided,"Div,Undiv",Metro,2019,1,02,0
3476099,T20190002762,ABS to receive accident,Finished,13/2/2019,12.43.00,No,Collision with vehicle,Wednesday,RIGHT OFF CARRIAGEWAY INTO OBJECT/PARKED VEHICLE,No,Day,Yes,Not at intersection,Serious injury accident,60 km/hr,Yes,342360,145.05061,-37.86516,Non-Intersection,STONNINGTON,METROPOLITAN SOUTH EAST REGION,2504452.765,2403989.5,1,1,0,1,0,0,0,1,0,0,1,0,0,0,0,0,0,0,0,0,No,0,2,0,2,0,0,MELB_URBAN,MELB_URBAN,STONNINGTON,METROPOLITAN SOUTH EAST REGION,,,Arterial Other,Arterial Other,Undivided,Undiv,Metro,2019,2,12,0
3476100,T20190002764,ABS to receive accident,Finished,13/2/2019,11.00.00,No,Collision with vehicle,Wednesday,CROSS TRAFFIC(INTERSECTIONS ONLY),No,Day,Yes,Cross intersection,Other injury accident,50 km/hr,No,69599,145.08312,-37.9266,Intersection,KINGSTON,METROPOLITAN SOUTH EAST REGION,2507307.819,2397167.89,2,1,0,0,1,1,2,0,0,0,2,0,0,0,0,0,0,0,1,0,No,0,2,0,2,0,0,MELB_URBAN,MELB_URBAN,KINGSTON,METROPOLITAN SOUTH EAST REGION,,,Local Road,Local Road,Undivided,Undiv,Metro,2019,2,11,0
3476101,T20190002767,ABS to receive accident,Finished,3/2/2019,16.00.00,Yes,Collision with vehicle,Sunday,REAR END(VEHICLES IN SAME LANE),No,Day,Yes,Not at intersection,Other injury accident,100 km/hr,No,235989,144.7783,-37.85747,Non-Intersection,HOBSONS BAY,METROPOLITAN NORTH WEST REGION,2480490.443,2404821.34,2,1,0,0,1,1,1,1,0,0,2,0,0,0,0,0,0,0,0,1,No,0,2,0,2,0,0,MELB_URBAN,MELB_URBAN,HOBSONS BAY,METROPOLITAN NORTH WEST REGION,M,M,Freeway,Freeway,Divided,Div,Metro,2019,2,16,0
3476102,T20190002768,ABS to receive accident,Finished,12/2/2019,16.45.00,No,Collision with vehicle,Monday,LEFT FAR (INTERSECTIONS ONLY),No,Day,Yes,T intersection,Other injury accident,100 km/hr,No,342795,146.20621,-38.19481,Intersection,BAW BAW,EASTERN REGION,2605667.762,2366730.596,2,2,0,0,2,0,2,0,0,0,2,0,0,0,0,0,0,0,0,0,No,0,2,0,1,0,0,RURAL_VICTORIA,RURAL_VICTORIA,BAW BAW,"EASTERN REGION,EASTERN REGION",,,Local Road,Local Road,Undivided,Undiv,Country,2019,2,16,0
3476103,T20190002771,ABS to receive accident,Finished,13/2/2019,15.00.00,No,Collision with vehicle,Tuesday,U TURN,No,Day,Yes,Not at intersection,Other injury accident,40 km/hr,No,342498,144.96709,-37.81533,Non-Intersection,MELBOURNE,METROPOLITAN NORTH WEST REGION,2497102.45,2409520.441,2,1,0,0,1,1,2,0,1,0,1,0,0,0,0,0,0,0,0,1,No,0,2,0,1,0,0,MELBOURNE_CBD,MELBOURNE_CBD,MELBOURNE,METROPOLITAN NORTH WEST REGION,,,Local Road,Local Road,Undivided,Undiv,Metro,2019,2,15,0
3476104,T20190002778,ABS to receive accident,Finished,13/2/2019,16.40.00,No,Collision with vehicle,Wednesday,CROSS TRAFFIC(INTERSECTIONS ONLY),No,Day,Yes,Cross intersection,Other injury accident,60 km/hr,No,72883,145.17645,-38.22131,Intersection,MORNINGTON PENINSULA,METROPOLITAN SOUTH EAST REGION,2515452.384,2364444.253,4,1,0,0,1,3,2,2,0,1,3,0,0,0,0,0,0,0,0,0,No,0,3,0,2,0,0,MELB_URBAN,MELB_URBAN,MORNINGTON PENINSULA,METROPOLITAN SOUTH EAST REGION,,,Local Road,Local Road,Undivided,Undiv,Metro,2019,2,16,0
3476105,T20190002779,ABS to receive accident,Finished,13/2/2019,16.27.00,No,Collision with vehicle,Tuesday,VEHICLE STRIKES DOOR OF PARKED/STATIONARY VEHICLE,No,Day,Yes,Not at intersection,Serious injury accident,60 km/hr,No,342245,145.00343,-37.93253,Non-Intersection,BAYSIDE,METROPOLITAN SOUTH EAST REGION,2500301.387,2396512.73,2,1,0,1,0,1,1,1,1,0,1,0,0,0,0,0,0,0,0,0,No,0,2,0,1,0,0,MELB_URBAN,MELB_URBAN,BAYSIDE,METROPOLITAN SOUTH EAST REGION,,,Arterial Other,Arterial Other,Undivided,Undiv,Metro,2019,2,16,0
3476106,T20190001023,ABS to receive accident,Finished,17/1/2019,11.30.00,No,Collision with vehicle,Thursday,HEAD ON (NOT OVERTAKING),No,Day,Yes,Not at intersection,Serious injury accident,80 km/hr,No,341544,145.63316,-37.60239,Non-Intersection,YARRA RANGES,METROPOLITAN SOUTH EAST REGION,2555904.868,2432967.988,6,4,0,4,0,2,2,4,0,3,3,0,0,0,0,0,0,0,1,1,No,0,3,0,1,0,0,RURAL_VICTORIA,RURAL_VICTORIA,YARRA RANGES,METROPOLITAN SOUTH EAST REGION,B,B,Arterial Highway,Arterial Highway,Undivided,Undiv,Metro,2019,1,11,0
3476107,T20190001025,ABS to receive accident,Finished,18/1/2019,09.00.00,No,Collision with vehicle,Thursday,CROSS TRAFFIC(INTERSECTIONS ONLY),No,Day,Yes,Cross intersection,Other injury accident,60 km/hr,No,52677,142.77733,-37.06085,Intersection,NORTHERN GRAMPIANS,WESTERN REGION,2302361.674,2490941.175,2,1,0,0,1,1,1,1,0,0,2,0,0,0,0,0,0,0,1,0,No,0,2,0,2,0,0,TOWNS,TOWNS,NORTHERN GRAMPIANS,WESTERN REGION,,,Local Road,Local Road,Undivided,Undiv,Country,2019,1,09,0
3476108,T20190001033,ABS to receive accident,Finished,17/1/2019,15.30.00,No,No collision and no object struck,Thursday,OUT OF CONTROL ON CARRIAGEWAY (ON STRAIGHT),No,Day,No,T intersection,Other injury accident,80 km/hr,No,331419,145.31751,-37.89188,Intersection,YARRA RANGES,METROPOLITAN SOUTH EAST REGION,2527927.478,2400978.244,1,1,0,0,1,0,1,0,0,0,0,0,0,1,0,0,0,0,0,0,No,0,1,0,0,1,0,MELB_URBAN,MELB_URBAN,YARRA RANGES,METROPOLITAN SOUTH EAST REGION,C,C,Arterial Other,"Arterial Other,Local Road",Divided,"Div,Undiv",Metro,2019,1,15,0
3476109,T20190001034,ABS to receive accident,Finished,17/1/2019,12.40.00,No,Collision with vehicle,Thursday,ACCIDENT OR BROKEN DOWN,No,Day,Yes,Not at intersection,Serious injury accident,100 km/hr,No,343351,144.58023,-37.95589,Non-Intersection,WYNDHAM,METROPOLITAN NORTH WEST REGION,2463109.195,2393838.844,1,1,0,1,0,0,1,0,0,0,1,0,0,0,0,0,0,0,0,0,No,0,2,0,2,0,0,RURAL_VICTORIA,RURAL_VICTORIA,WYNDHAM,METROPOLITAN NORTH WEST REGION,M,M,Freeway,Freeway,Divided,Div,Metro,2019,1,12,0
3476110,T20190001036,ABS to receive accident,Finished,17/1/2019,17.30.00,No,Collision with vehicle,Wednesday,REVERSING IN STREAM OF TRAFFIC,No,Day,No,Not at intersection,Other injury accident,Not known,No,341780,145.04119,-37.80305,Non-Intersection,BOROONDARA,METROPOLITAN SOUTH EAST REGION,2503627.261,2410883.632,4,3,0,0,3,1,2,1,0,2,2,0,0,0,0,0,0,0,0,0,No,0,2,0,1,0,0,MELB_URBAN,MELB_URBAN,BOROONDARA,METROPOLITAN SOUTH EAST REGION,,,Arterial Other,Arterial Other,Undivided,Undiv,Metro,2019,1,17,0
3476111,T20190001037,ABS to receive accident,Finished,17/1/2019,15.00.00,No,Collision with vehicle,Thursday,CROSS TRAFFIC(INTERSECTIONS ONLY),No,Day,Yes,Cross intersection,Serious injury accident,100 km/hr,No,50843,145.45047,-36.06911,Intersection,MOIRA,NORTH EASTERN REGION,2540580.032,2603193.187,2,2,0,2,0,0,1,1,0,0,2,0,0,0,0,0,0,0,0,0,No,0,2,0,2,0,0,RURAL_VICTORIA,RURAL_VICTORIA,MOIRA,NORTH EASTERN REGION,,,Local Road,Local Road,Undivided,Undiv,Country,2019,1,15,0
3476112,T20190001039,ABS to receive accident,Finished,18/1/2019,11.26.00,No,Vehicle overturned (no collision),Thursday,OUT OF CONTROL (OVERTAKING),No,Day,Yes,Not at intersection,Other injury accident,60 km/hr,Yes,341455,145.47568,-37.93664,Non-Intersection,CARDINIA,METROPOLITAN SOUTH EAST REGION,2541815.099,2395952.295,1,1,0,0,1,0,1,0,0,0,0,0,0,1,0,0,0,0,0,0,No,1,1,0,0,1,0,MELB_URBAN,"RURAL_VICTORIA,MELB_URBAN",CARDINIA,METROPOLITAN SOUTH EAST REGION,,,Local Road,Local Road,Undivided,Undiv,Metro,2019,1,11,0
3476113,T20190001041,ABS to receive accident,Finished,18/1/2019,10.00.00,No,Collision with vehicle,Friday,RIGHT THROUGH,No,Day,Yes,T intersection,Serious injury accident,60 km/hr,No,46621,144.95219,-37.82185,Intersection,MELBOURNE,METROPOLITAN NORTH WEST REGION,2495790.778,2408796.685,2,1,0,1,0,1,1,0,0,0,1,0,0,1,0,0,0,0,0,0,No,0,2,0,1,1,0,MELB_URBAN,MELB_URBAN,MELBOURNE,METROPOLITAN NORTH WEST REGION,,,Arterial Highway,"Arterial Highway,Local Road,Non Arterial",Divided,"Div,Undiv",Metro,2019,1,10,0
3476114,T20190001043,ABS to receive accident,Finished,18/1/2019,11.50.00,No,Collision with vehicle,Thursday,REAR END(VEHICLES IN SAME LANE),No,Day,Yes,Not at intersection,Other injury accident,50 km/hr,No,341421,144.76355,-37.7255,Non-Intersection,MELTON,METROPOLITAN NORTH WEST REGION,2479155.968,2419464.757,2,1,0,0,1,1,0,2,0,0,2,0,0,0,0,0,0,0,0,0,No,0,2,0,2,0,0,MELB_URBAN,MELB_URBAN,MELTON,METROPOLITAN NORTH WEST REGION,,,Local Road,Local Road,Undivided,Undiv,Metro,2019,1,11,0
3476115,T20190001046,ABS to receive accident,Finished,18/1/2019,12.05.00,No,Vehicle overturned (no collision),Friday,OUT OF CONTROL ON CARRIAGEWAY (ON STRAIGHT),No,Day,Yes,Not at intersection,Serious injury accident,60 km/hr,No,341452,145.0211,-37.88679,Non-Intersection,GLEN EIRA,METROPOLITAN SOUTH EAST REGION,2501856.045,2401589.299,1,1,0,1,0,0,1,0,0,0,0,0,0,1,0,0,0,0,0,0,No,0,1,0,0,1,0,MELB_URBAN,MELB_URBAN,GLEN EIRA,METROPOLITAN SOUTH EAST REGION,,,Local Road,Local Road,Undivided,Undiv,Metro,2019,1,12,0
3476116,T20190001051,ABS to receive accident,Finished,18/1/2019,13.55.00,No,Collision with vehicle,Thursday,REAR END(VEHICLES IN SAME LANE),No,Day,No,T intersection,Other injury accident,40 km/hr,No,44753,145.10531,-37.70489,Intersection,BANYULE,METROPOLITAN NORTH WEST REGION,2509285.466,2421773.23,2,1,0,0,1,1,0,2,0,0,2,0,0,0,0,0,0,0,0,2,No,0,2,0,2,0,0,MELB_URBAN,MELB_URBAN,BANYULE,METROPOLITAN NORTH WEST REGION,,,Arterial Other,"Arterial Other,Local Road",Undivided,Undiv,Metro,2019,1,13,0
3476117,T20190001053,ABS to receive accident,Finished,18/1/2019,11.41.00,No,Collision with a fixed object,Thursday,RIGHT OFF CARRIAGEWAY INTO OBJECT/PARKED VEHICLE,No,Day,Yes,T intersection,Other injury accident,70 km/hr,Yes,38388,145.18225,-37.76533,Intersection,MANNINGHAM,METROPOLITAN SOUTH EAST REGION,2516057.759,2415055.143,2,1,0,0,1,1,2,0,0,1,1,0,0,0,0,0,0,0,0,0,No,0,1,0,1,0,0,MELB_URBAN,MELB_URBAN,MANNINGHAM,METROPOLITAN SOUTH EAST REGION,,,Arterial Other,"Arterial Other,Local Road",Divided,"Div,Undiv",Metro,2019,1,11,0
3476118,T20190001054,ABS to receive accident,Finished,18/1/2019,13.15.00,No,Collision with vehicle,Friday,RIGHT FAR (INTERSECTIONS ONLY),No,Day,No,T intersection,Other injury accident,40 km/hr,No,52608,142.19568,-36.71175,Intersection,HORSHAM,WESTERN REGION,2249514.669,2528294.287,2,2,0,0,2,0,2,0,1,0,1,0,0,0,0,0,0,0,0,0,No,0,2,0,1,0,0,SMALL_CITIES,SMALL_CITIES,HORSHAM,WESTERN REGION,,,Local Road,Local Road,Undivided,Undiv,Country,2019,1,13,0
3476119,T20190001572,ABS to receive accident,Finished,26/1/2019,16.29.00,Yes,Collision with vehicle,Saturday,REAR END(VEHICLES IN SAME LANE),No,Day,Yes,Not at intersection,Other injury accident,60 km/hr,No,341758,145.11072,-37.83991,Non-Intersection,WHITEHORSE,METROPOLITAN SOUTH EAST REGION,2509745.57,2406787.058,1,1,0,0,1,0,0,1,0,0,1,0,0,0,0,0,0,0,0,1,No,0,2,0,2,0,0,MELB_URBAN,MELB_URBAN,WHITEHORSE,METROPOLITAN SOUTH EAST REGION,,,Arterial Other,Arterial Other,Undivided,Undiv,Metro,2019,1,16,0
3476120,T20190001575,ABS to receive accident,Finished,26/1/2019,11.35.00,No,Collision with vehicle,Saturday,U TURN,No,Day,Yes,T intersection,Other injury accident,60 km/hr,No,341956,146.06191,-38.20494,Intersection,BAW BAW,EASTERN REGION,2593014.42,2365756.344,2,1,0,0,1,1,2,0,0,0,1,0,0,1,0,0,0,0,0,0,No,0,2,0,1,1,0,TOWNS,TOWNS,BAW BAW,"EASTERN REGION,EASTERN REGION",,,Local Road,Local Road,Undivided,Undiv,Country,2019,1,11,0
3476121,T20190001578,ABS to receive accident,Finished,26/1/2019,14.30.00,Yes,Collision with a fixed object,Saturday,OFF LEFT BEND INTO OBJECT/PARKED VEHICLE,No,Day,Yes,Not at intersection,Fatal accident,100 km/hr,Yes,341591,147.1893,-37.61533,Non-Intersection,EAST GIPPSLAND,EASTERN REGION,2693256.421,2429495.504,1,1,1,0,0,0,1,0,0,0,0,0,0,1,0,0,0,0,0,0,No,0,1,0,0,1,0,RURAL_VICTORIA,RURAL_VICTORIA,"WELLINGTON,EAST GIPPSLAND","EASTERN REGION,EASTERN REGION",C,C,Arterial Other,Arterial Other,Undivided,Undiv,Country,2019,1,14,0
3476122,T20190001579,ABS to receive accident,Finished,26/1/2019,18.30.00,Yes,Collision with vehicle,Saturday,OTHER OPPOSING MANOEUVRES NOT INCLUDED IN DCAs 120-125.,No,Day,Yes,T intersection,Other injury accident,70 km/hr,No,39718,145.26345,-37.80056,Intersection,MAROONDAH,METROPOLITAN SOUTH EAST REGION,2523201.122,2411128.507,3,1,0,0,1,2,2,1,0,1,2,0,0,0,0,0,0,0,0,0,No,0,2,0,2,0,0,MELB_URBAN,MELB_URBAN,MAROONDAH,METROPOLITAN SOUTH EAST REGION,,,Arterial Other,"Arterial Other,Local Road",Divided,"Div,Undiv",Metro,2019,1,18,0
3476123,T20190001580,ABS to receive accident,Finished,19/1/2019,13.00.00,No,Vehicle overturned (no collision),Saturday,OFF CARRIAGEWAY ON RIGHT BEND,No,Day,No,Not at intersection,Serious injury accident,100 km/hr,Yes,341612,148.2696,-37.00916,Non-Intersection,EAST GIPPSLAND,EASTERN REGION,2790896.54,2493987.711,1,1,0,1,0,0,1,0,0,0,0,0,0,1,0,0,0,0,0,0,No,0,1,0,0,1,0,RURAL_VICTORIA,RURAL_VICTORIA,EAST GIPPSLAND,"EASTERN REGION,EASTERN REGION",,,Local Road,Local Road,Undivided,Undiv,Country,2019,1,13,0
3476124,T20190001584,ABS to receive accident,Finished,26/1/2019,17.45.00,Yes,Vehicle overturned (no collision),Saturday,OFF CARRIAGEWAY TO RIGHT,No,Day,Yes,Not at intersection,Serious injury accident,100 km/hr,Yes,341582,144.94327,-38.34629,Non-Intersection,MORNINGTON PENINSULA,METROPOLITAN SOUTH EAST REGION,2495040.094,2350582.393,3,1,0,1,0,2,1,2,0,0,3,0,0,0,0,0,0,0,0,2,No,0,3,0,3,0,0,MELB_URBAN,MELB_URBAN,MORNINGTON PENINSULA,METROPOLITAN SOUTH EAST REGION,M,M,Freeway,Freeway,Divided,Div,Metro,2019,1,17,0
3476125,T20190001589,ABS to receive accident,Finished,26/1/2019,22.30.00,Yes,collision with some other object,Saturday,STRUCK OBJECT ON CARRIAGEWAY,No,Dark No street lights,Yes,Not at intersection,Serious injury accident,80 km/hr,No,341583,145.15262,-38.22977,Non-Intersection,MORNINGTON PENINSULA,METROPOLITAN SOUTH EAST REGION,2513363.852,2363508.629,1,1,0,1,0,0,1,0,0,0,0,0,0,1,0,0,0,0,0,0,No,0,1,0,0,1,0,MELB_URBAN,"RURAL_VICTORIA,MELB_URBAN",MORNINGTON PENINSULA,METROPOLITAN SOUTH EAST REGION,C,C,Arterial Other,Arterial Other,Undivided,Undiv,Metro,2019,1,22,0
3476126,T20190001591,ABS to receive accident,Finished,26/1/2019,23.23.00,Yes,Collision with vehicle,Saturday,RIGHT OFF CARRIAGEWAY INTO OBJECT/PARKED VEHICLE,No,Dark Street lights on,Yes,Not at intersection,Serious injury accident,60 km/hr,Yes,341934,145.0176,-37.6884,Non-Intersection,WHITTLESEA,METROPOLITAN NORTH WEST REGION,2501552.13,2423608.638,2,2,0,2,0,0,2,0,0,1,1,0,0,0,0,0,0,0,0,0,No,0,3,0,3,0,0,MELB_URBAN,MELB_URBAN,WHITTLESEA,METROPOLITAN NORTH WEST REGION,,,Arterial Other,Arterial Other,Undivided,Undiv,Metro,2019,1,23,0
3476127,T20190001599,ABS to receive accident,Finished,26/1/2019,22.24.00,Yes,Collision with vehicle,Saturday,RIGHT REAR.,No,Dark Street lights on,Yes,T intersection,Other injury accident,60 km/hr,No,63058,144.95758,-37.74043,Intersection,MORELAND,METROPOLITAN NORTH WEST REGION,2496260.901,2417832.834,3,1,0,0,1,2,3,0,0,1,2,0,0,0,0,0,0,0,0,0,No,0,2,0,2,0,0,MELB_URBAN,MELB_URBAN,MORELAND,METROPOLITAN NORTH WEST REGION,,,Arterial Highway,"Arterial Highway,Local Road",Undivided,Undiv,Metro,2019,1,22,0