OBJECTID,ACCIDENT_NO,ABS_CODE,ACCIDENT_STATUS,ACCIDENT_DATE,ACCIDENT_TIME,ALCOHOLTIME,ACCIDENT_TYPE,DAY_OF_WEEK,DCA_CODE,HIT_RUN_FLAG,LIGHT_CONDITION,POLICE_ATTEND,ROAD_GEOMETRY,SEVERITY,SPEED_ZONE,RUN_OFFROAD,NODE_ID,LONGITUDE,LATITUDE,NODE_TYPE,LGA_NAME,REGION_NAME,VICGRID_X,VICGRID_Y,TOTAL_PERSONS,INJ_OR_FATAL,FATALITY,SERIOUSINJURY,OTHERINJURY,NONINJURED,MALES,FEMALES,BICYCLIST,PASSENGER,DRIVER,PEDESTRIAN,PILLION,MOTORIST,UNKNOWN,PED_CYCLIST_5_12,PED_CYCLIST_13_18,OLD_PEDESTRIAN,OLD_DRIVER,YOUNG_DRIVER,ALCOHOL_RELATED,UNLICENCSED,NO_OF_VEHICLES,HEAVYVEHICLE,PASSENGERVEHICLE,MOTORCYCLE,PUBLICVEHICLE,DEG_URBAN_NAME,DEG_URBAN_ALL,LGA_NAME_ALL,REGION_NAME_ALL,SRNS,SRNS_ALL,RMA,RMA_ALL,DIVIDED,DIVIDED_ALL,STAT_DIV_NAME,Year,Month,Hour,ALCOHOL_RELATED
3476128,T20190001600,ABS to receive accident,Finished,23/1/2019,22.49.00,Yes,Struck Pedestrian,Tuesday,PED NEAR SIDE. PED HIT BY VEHICLE FROM THE RIGHT.,Yes,Dark Street lights on,Yes,Not at intersection,Other injury accident,60 km/hr,No,342036,144.94598,-37.73113,Non-Intersection,MORELAND,METROPOLITAN NORTH WEST REGION,2495238.663,2418865.135,2,1,0,0,1,1,0,1,0,0,0,1,0,0,1,0,1,0,0,0,No,0,1,0,0,0,0,MELB_URBAN,MELB_URBAN,MORELAND,METROPOLITAN NORTH WEST REGION,,,Local Road,Local Road,Undivided,Undiv,Metro,2019,1,22,0
3476129,T20190001603,ABS to receive accident,Finished,14/1/2019,10.25.00,No,Collision with vehicle,Monday,HEAD ON (NOT OVERTAKING),No,Day,Yes,Not at intersection,Other injury accident,50 km/hr,No,341710,145.02403,-37.65245,Off Road,WHITTLESEA,METROPOLITAN NORTH WEST REGION,2502120.118,2427597.613,3,1,0,0,1,2,3,0,0,1,2,0,0,0,0,0,0,0,0,0,No,0,2,1,1,0,0,MELB_URBAN,MELB_URBAN,WHITTLESEA,METROPOLITAN NORTH WEST REGION,,,,,,,Metro,2019,1,10,0
3476130,T20190001611,ABS to receive accident,Finished,27/1/2019,07.50.00,No,Collision with a fixed object,,LEFT OFF CARRIAGEWAY INTO OBJECT/PARKED VEHICLE,No,Day,Yes,Not at intersection,Other injury accident,60 km/hr,Yes,342931,145.26341,-38.05413,Non-Intersection,CASEY,METROPOLITAN SOUTH EAST REGION,2523119.492,2382983.924,1,1,0,0,1,0,1,0,0,0,1,0,0,0,0,0,0,0,0,0,No,1,1,0,1,0,0,MELB_URBAN,MELB_URBAN,CASEY,METROPOLITAN SOUTH EAST REGION,,,Arterial Other,Arterial Other,Undivided,Undiv,Metro,2019,1,07,0
3476131,T20190001613,ABS to receive accident,Finished,27/1/2019,11.50.00,No,Collision with vehicle,Sunday,CROSS TRAFFIC(INTERSECTIONS ONLY),No,Day,Yes,Cross intersection,Other injury accident,50 km/hr,No,35977,144.96988,-37.75927,Intersection,MORELAND,METROPOLITAN NORTH WEST REGION,2497345.658,2415742.847,3,2,0,0,2,1,1,1,1,0,1,1,0,0,0,0,0,0,0,0,No,0,2,0,1,0,0,MELB_URBAN,MELB_URBAN,MORELAND,METROPOLITAN NORTH WEST REGION,,,Local Road,Local Road,Undivided,Undiv,Metro,2019,1,11,0
3476132,T20190002216,ABS to receive accident,Finished,5/2/2019,16.00.00,No,Collision with vehicle,Tuesday,REAR END(VEHICLES IN SAME LANE),No,Day,Yes,Not at intersection,Other injury accident,60 km/hr,No,342019,144.90329,-37.59277,Non-Intersection,HUME,METROPOLITAN NORTH WEST REGION,2491460.236,2434217.178,6,3,0,0,3,3,2,4,0,4,2,0,0,0,0,0,0,0,0,0,No,0,2,0,2,0,0,MELB_URBAN,MELB_URBAN,HUME,METROPOLITAN NORTH WEST REGION,C,C,Arterial Other,Arterial Other,Divided,Div,Metro,2019,2,16,0
3476133,T20190002217,ABS to receive accident,Finished,5/2/2019,15.58.00,No,Collision with vehicle,Tuesday,REAR END(VEHICLES IN SAME LANE),No,Day,Yes,Not at intersection,Other injury accident,80 km/hr,No,342025,145.16624,-37.87749,Non-Intersection,MONASH,METROPOLITAN SOUTH EAST REGION,2514624.855,2402608.882,4,2,0,0,2,2,1,3,0,2,2,0,0,0,0,0,0,0,0,1,No,0,2,0,2,0,0,MELB_URBAN,MELB_URBAN,MONASH,METROPOLITAN SOUTH EAST REGION,,,Arterial Highway,Arterial Highway,Divided,Div,Metro,2019,2,15,0
3476134,T20190002219,ABS to receive accident,Finished,5/2/2019,18.10.00,Yes,Collision with vehicle,Monday,CROSS TRAFFIC(INTERSECTIONS ONLY),No,Day,Yes,Cross intersection,Other injury accident,60 km/hr,No,36221,144.95845,-37.79255,Intersection,MELBOURNE,METROPOLITAN NORTH WEST REGION,2496340.939,2412048.313,2,1,0,0,1,1,0,2,0,0,2,0,0,0,0,0,0,0,0,0,No,0,2,0,2,0,0,MELB_URBAN,MELB_URBAN,MELBOURNE,METROPOLITAN NORTH WEST REGION,,,Arterial Other,"Local Road,Arterial Other",Divided,"Div,Undiv",Metro,2019,2,18,0
3476135,T20190002223,ABS to receive accident,Finished,5/2/2019,17.08.00,No,Collision with vehicle,Tuesday,RIGHT THROUGH,No,Day,Yes,Not at intersection,Other injury accident,60 km/hr,No,342054,144.86523,-37.78239,Non-Intersection,MARIBYRNONG,METROPOLITAN NORTH WEST REGION,2488128.558,2413168.569,3,1,0,0,1,2,1,2,0,1,2,0,0,0,0,0,0,0,0,0,No,0,2,0,2,0,0,MELB_URBAN,MELB_URBAN,MARIBYRNONG,METROPOLITAN NORTH WEST REGION,,,Arterial Other,Arterial Other,Divided,Div,Metro,2019,2,17,0
3476136,T20190002224,ABS to receive accident,Finished,5/2/2019,17.45.00,No,Collision with a fixed object,Tuesday,LEFT OFF CARRIAGEWAY INTO OBJECT/PARKED VEHICLE,No,Day,Yes,Not at intersection,Serious injury accident,100 km/hr,Yes,342913,142.25687,-38.27928,Non-Intersection,MOYNE,SOUTH WESTERN REGION,2259990.438,2354564.617,1,1,0,1,0,0,1,0,0,0,1,0,0,0,0,0,0,0,0,1,No,0,1,0,0,0,0,RURAL_VICTORIA,RURAL_VICTORIA,MOYNE,SOUTH WESTERN REGION,C,C,Arterial Other,Arterial Other,Undivided,Undiv,Country,2019,2,17,0
3476137,T20190002226,ABS to receive accident,Finished,5/2/2019,19.19.00,Yes,Collision with a fixed object,Tuesday,OTHER ACCIDENTS-OFF STRAIGHT NOT INCLUDED IN DCAs 170-175,No,Dusk/Dawn,Yes,Not at intersection,Other injury accident,Not known,No,341987,145.15151,-37.94906,Non-Intersection,DANDENONG,METROPOLITAN SOUTH EAST REGION,2513316.633,2394668.089,1,1,0,0,1,0,0,1,0,0,1,0,0,0,0,0,0,0,0,0,No,0,1,0,1,0,0,MELB_URBAN,MELB_URBAN,DANDENONG,METROPOLITAN SOUTH EAST REGION,,,Local Road,Local Road,Undivided,Undiv,Metro,2019,2,19,0
3476138,T20190002231,ABS to receive accident,Finished,5/2/2019,14.41.00,No,Collision with vehicle,Monday,RIGHT NEAR (INTERSECTIONS ONLY),No,Day,Yes,T intersection,Serious injury accident,60 km/hr,No,55705,145.01215,-37.87866,Intersection,GLEN EIRA,METROPOLITAN SOUTH EAST REGION,2501069.185,2402492.401,2,1,0,1,0,1,0,2,0,0,2,0,0,0,0,0,0,0,1,0,No,0,2,0,2,0,0,MELB_URBAN,MELB_URBAN,GLEN EIRA,METROPOLITAN SOUTH EAST REGION,,,Arterial Other,"Arterial Other,Local Road",Undivided,Undiv,Metro,2019,2,14,0
3476139,T20190002234,ABS to receive accident,Finished,5/2/2019,22.25.00,Yes,Collision with vehicle,Tuesday,CROSS TRAFFIC(INTERSECTIONS ONLY),No,Dark No street lights,Yes,Cross intersection,Fatal accident,100 km/hr,No,264154,144.64088,-38.19633,Intersection,GEELONG,SOUTH WESTERN REGION,2468540.106,2367171.794,2,2,2,0,0,0,1,1,0,0,2,0,0,0,0,0,0,0,0,0,No,0,2,0,2,0,0,RURAL_VICTORIA,RURAL_VICTORIA,GEELONG,SOUTH WESTERN REGION,C,C,Arterial Other,"Arterial Other,Local Road",Undivided,Undiv,Country,2019,2,22,0
3476140,T20190002237,ABS to receive accident,Finished,5/2/2019,23.50.00,Yes,Collision with a fixed object,Tuesday,OFF RIGHT BEND INTO OBJECT/PARKED VEHICLE,No,Dark No street lights,Yes,Not at intersection,Fatal accident,Not known,Yes,342086,145.39243,-37.53722,Non-Intersection,MURRINDINDI,NORTH EASTERN REGION,2534679.642,2440314.736,1,1,1,0,0,0,1,0,0,0,1,0,0,0,0,0,0,0,0,0,No,0,1,0,1,0,0,RURAL_VICTORIA,RURAL_VICTORIA,"MURRINDINDI,MURRINDINDI",NORTH EASTERN REGION,,,Local Road,Local Road,Undivided,Undiv,Country,2019,2,23,0
3476141,T20190002242,ABS to receive accident,Finished,6/2/2019,08.55.00,No,Collision with vehicle,Wednesday,LEFT THROUGH,No,Day,Yes,Not at intersection,Other injury accident,60 km/hr,No,342141,145.00433,-37.86699,Non-Intersection,GLEN EIRA,METROPOLITAN NORTH WEST REGION,2500381.105,2403787.836,2,1,0,0,1,1,2,0,1,0,1,0,0,0,0,0,0,0,0,0,No,0,2,0,1,0,0,MELB_URBAN,MELB_URBAN,"PORT PHILLIP,GLEN EIRA","METROPOLITAN NORTH WEST REGION,METROPOLITAN SOUTH EAST REGION",,,Local Road,Local Road,Undivided,Undiv,Metro,2019,2,08,0
3476142,T20190002243,ABS to receive accident,Finished,6/2/2019,07.50.00,No,Collision with vehicle,Tuesday,REAR END(VEHICLES IN SAME LANE),No,Day,Yes,T intersection,Other injury accident,60 km/hr,No,11590,144.96942,-37.8364,Intersection,PORT PHILLIP,METROPOLITAN NORTH WEST REGION,2497308.413,2407181.992,3,1,0,0,1,2,2,1,0,1,2,0,0,0,0,0,0,0,1,0,No,0,2,0,2,0,0,MELB_URBAN,MELB_URBAN,PORT PHILLIP,METROPOLITAN NORTH WEST REGION,,,Arterial Other,"Arterial Other,Local Road",Undivided,Undiv,Metro,2019,2,07,0
3476143,T20190002247,ABS to receive accident,Finished,6/2/2019,07.50.00,No,Struck Pedestrian,Tuesday,PED PLAYING/LYING/WORKING/STANDING ON CARRIAGEWAY.,Yes,Day,Yes,T intersection,Other injury accident,40 km/hr,No,59509,144.31064,-36.72402,Intersection,BENDIGO,NORTHERN REGION,2438427.094,2530399.571,2,1,0,0,1,1,2,0,0,0,1,1,0,0,0,0,0,0,0,0,No,0,1,0,1,0,0,LARGE_PROVINCIAL_CITIES,LARGE_PROVINCIAL_CITIES,BENDIGO,NORTHERN REGION,A,A,Arterial Highway,"Arterial Highway,Local Road",Undivided,Undiv,Country,2019,2,07,0
3476144,T20190002249,ABS to receive accident,Finished,6/2/2019,09.06.00,No,Collision with a fixed object,Wednesday,RIGHT OFF CARRIAGEWAY INTO OBJECT/PARKED VEHICLE,No,Day,Yes,Not at intersection,Other injury accident,80 km/hr,Yes,342006,146.346,-38.17311,Non-Intersection,LATROBE,EASTERN REGION,2617946.55,2368974.423,1,1,0,0,1,0,1,0,0,0,1,0,0,0,0,0,0,0,0,1,No,0,1,0,1,0,0,RURAL_VICTORIA,RURAL_VICTORIA,LATROBE,"EASTERN REGION,EASTERN REGION",C,C,Arterial Other,Arterial Other,Undivided,Undiv,Country,2019,2,09,0
3476145,T20190002780,ABS to receive accident,Finished,13/2/2019,16.00.00,No,Struck Pedestrian,Tuesday,FAR SIDE. PED HIT BY VEHICLE FROM THE LEFT,No,Day,Yes,T intersection,Other injury accident,50 km/hr,No,57735,145.25576,-38.03823,Intersection,CASEY,METROPOLITAN SOUTH EAST REGION,2522452.518,2384750.358,2,1,0,0,1,1,2,0,0,0,1,1,0,0,0,1,0,0,0,0,No,0,1,0,1,0,0,MELB_URBAN,MELB_URBAN,CASEY,METROPOLITAN SOUTH EAST REGION,,,Local Road,Local Road,Undivided,Undiv,Metro,2019,2,16,0
3476146,T20190002784,ABS to receive accident,Finished,12/2/2019,18.15.00,Yes,Collision with vehicle,Monday,REAR END(VEHICLES IN SAME LANE),No,Unk.,No,Cross intersection,Other injury accident,Not known,No,342242,144.95542,-37.8037,Non-Intersection,MELBOURNE,METROPOLITAN NORTH WEST REGION,2496074.173,2410811.332,2,1,0,0,1,1,0,2,0,0,2,0,0,0,0,0,0,0,0,0,No,0,2,0,2,0,0,MELB_URBAN,MELB_URBAN,MELBOURNE,METROPOLITAN NORTH WEST REGION,,,Local Road,Local Road,Divided,Div,Metro,2019,2,18,0
3476147,T20190002785,ABS to receive accident,Finished,13/2/2019,15.00.00,No,Struck Pedestrian,Tuesday,PED NEAR SIDE. PED HIT BY VEHICLE FROM THE RIGHT.,No,Day,Yes,Cross intersection,Other injury accident,60 km/hr,No,278509,144.32023,-38.30778,Intersection,SURF COAST,SOUTH WESTERN REGION,2440538.602,2354646.371,2,1,0,0,1,1,2,0,0,0,1,1,0,0,0,0,1,0,0,0,No,0,1,0,1,0,0,RURAL_VICTORIA,RURAL_VICTORIA,SURF COAST,SOUTH WESTERN REGION,B,B,Arterial Highway,"Arterial Highway,Local Road",Divided,"Div,Undiv",Country,2019,2,15,0
3476148,T20190002786,ABS to receive accident,Finished,13/2/2019,19.00.00,Yes,Collision with vehicle,Tuesday,REAR END(VEHICLES IN SAME LANE),No,Day,Yes,Not at intersection,Other injury accident,100 km/hr,No,343172,145.16297,-37.91028,Non-Intersection,MONASH,METROPOLITAN SOUTH EAST REGION,2514330.886,2398970.024,2,2,0,0,2,0,1,1,0,0,2,0,0,0,0,0,0,0,0,0,No,0,2,0,2,0,0,MELB_URBAN,MELB_URBAN,MONASH,METROPOLITAN SOUTH EAST REGION,M,M,Freeway,Freeway,Divided,Div,Metro,2019,2,19,0
3476149,T20190002791,ABS to receive accident,Finished,13/2/2019,14.15.00,No,Collision with a fixed object,Wednesday,OFF RIGHT BEND INTO OBJECT/PARKED VEHICLE,No,Day,Yes,Not at intersection,Fatal accident,100 km/hr,Yes,342184,144.67502,-37.25437,Non-Intersection,MACEDON RANGES,NORTHERN REGION,2471173.68,2471725.077,2,2,2,0,0,0,1,1,0,1,1,0,0,0,0,0,0,0,1,0,No,0,1,0,1,0,0,RURAL_VICTORIA,RURAL_VICTORIA,MACEDON RANGES,NORTHERN REGION,,,Local Road,Local Road,Undivided,Undiv,Country,2019,2,14,0
3476150,T20190002794,ABS to receive accident,Finished,13/2/2019,18.10.00,Yes,Collision with vehicle,Wednesday,CROSS TRAFFIC(INTERSECTIONS ONLY),No,Day,Yes,Cross intersection,Serious injury accident,80 km/hr,No,15493,145.23893,-38.4967,Intersection,BASS COAST,EASTERN REGION,2520847.598,2333859.234,3,2,0,1,1,1,2,1,0,1,2,0,0,0,0,0,0,0,0,1,No,0,2,0,2,0,0,RURAL_VICTORIA,RURAL_VICTORIA,BASS COAST,"EASTERN REGION,EASTERN REGION",C,C,Arterial Other,"Arterial Other,Local Road",Undivided,Undiv,Country,2019,2,18,0
3476151,T20190002795,ABS to receive accident,Finished,13/2/2019,19.55.00,Yes,Collision with vehicle,Wednesday,VEHICLE COLLIDES WITH VEHICLE PARKED ON LEFT OF ROAD,No,Day,Yes,Not at intersection,Other injury accident,60 km/hr,No,342265,145.14949,-37.86643,Non-Intersection,MONASH,METROPOLITAN SOUTH EAST REGION,2513153.627,2403838.768,1,1,0,0,1,0,0,1,0,0,1,0,0,0,0,0,0,0,0,0,No,0,2,0,2,0,0,MELB_URBAN,MELB_URBAN,MONASH,METROPOLITAN SOUTH EAST REGION,,,Arterial Other,Arterial Other,Undivided,Undiv,Metro,2019,2,19,0
3476152,T20190002796,ABS to receive accident,Finished,13/2/2019,20.15.00,Yes,Collision with a fixed object,Wednesday,LEFT OFF CARRIAGEWAY INTO OBJECT/PARKED VEHICLE,No,Dusk/Dawn,No,Not at intersection,Other injury accident,Not known,Yes,342517,144.05155,-36.8199,Non-Intersection,BENDIGO,NORTHERN REGION,2415392.173,2519561.816,1,1,0,0,1,0,0,1,0,0,1,0,0,0,0,0,0,0,0,1,No,0,1,0,1,0,0,RURAL_VICTORIA,RURAL_VICTORIA,BENDIGO,NORTHERN REGION,,,Local Road,Local Road,Undivided,Undiv,Country,2019,2,20,0
3476153,T20190002799,ABS to receive accident,Finished,13/2/2019,06.30.00,No,Collision with vehicle,Tuesday,REAR END(VEHICLES IN SAME LANE),No,Dusk/Dawn,Yes,Not at intersection,Serious injury accident,100 km/hr,No,342236,145.07362,-37.45676,Non-Intersection,WHITTLESEA,METROPOLITAN NORTH WEST REGION,2506513.255,2449312.911,4,1,0,1,0,3,3,1,0,2,2,0,0,0,0,0,0,0,0,1,No,0,2,0,2,0,0,RURAL_VICTORIA,RURAL_VICTORIA,WHITTLESEA,METROPOLITAN NORTH WEST REGION,C,C,Arterial Other,Arterial Other,Undivided,Undiv,Metro,2019,2,06,0
3476154,T20190002804,ABS to receive accident,Reopened,13/2/2019,23.14.00,Yes,Vehicle overturned (no collision),Tuesday,OUT OF CONTROL ON CARRIAGEWAY (ON BEND),No,Dark Street lights on,Yes,Not at intersection,Serious injury accident,80 km/hr,No,342765,145.07804,-38.25447,Non-Intersection,MORNINGTON PENINSULA,METROPOLITAN SOUTH EAST REGION,2506831.545,2360774.577,2,2,0,2,0,0,1,1,0,1,1,0,0,0,0,0,0,0,0,1,No,0,1,0,1,0,0,MELB_URBAN,MELB_URBAN,MORNINGTON PENINSULA,METROPOLITAN SOUTH EAST REGION,,,Local Road,Local Road,Undivided,Undiv,Metro,2019,2,23,0
3476155,T20190002807,ABS to receive accident,Finished,14/2/2019,05.10.00,Yes,Collision with vehicle,Thursday,REAR END(VEHICLES IN SAME LANE),No,Dark Street lights on,Yes,Cross intersection,Other injury accident,80 km/hr,No,439,145.33431,-37.76114,Intersection,YARRA RANGES,METROPOLITAN SOUTH EAST REGION,2529456.3,2415483.903,3,3,0,0,3,0,3,0,0,1,2,0,0,0,0,0,0,0,0,0,No,0,2,0,1,0,0,MELB_URBAN,MELB_URBAN,YARRA RANGES,METROPOLITAN SOUTH EAST REGION,,,Arterial Highway,"Arterial Highway,Local Road,Arterial Other",Divided,"Div,Undiv",Metro,2019,2,05,0
3476156,T20190002809,ABS to receive accident,Finished,13/2/2019,21.25.00,Yes,Struck Pedestrian,Tuesday,FAR SIDE. PED HIT BY VEHICLE FROM THE LEFT,No,Dark Street lights on,Yes,T intersection,Serious injury accident,40 km/hr,No,48756,144.97681,-37.84944,Intersection,PORT PHILLIP,METROPOLITAN NORTH WEST REGION,2497959.337,2405735.238,2,1,0,1,0,1,1,1,0,0,1,1,0,0,0,0,0,0,0,0,No,0,1,0,1,0,0,MELB_URBAN,MELB_URBAN,PORT PHILLIP,METROPOLITAN NORTH WEST REGION,,,Local Road,Local Road,Undivided,Undiv,Metro,2019,2,21,0
3476157,T20190002811,ABS to receive accident,Finished,13/2/2019,21.04.00,Yes,Collision with vehicle,Wednesday,REAR END(VEHICLES IN SAME LANE),No,Dark No street lights,Yes,Not at intersection,Serious injury accident,110 km/hr,No,342237,145.21038,-36.69694,Non-Intersection,STRATHBOGIE,NORTH EASTERN REGION,2518797.565,2533606.701,4,1,0,1,0,3,3,1,0,2,2,0,0,0,0,0,0,0,0,0,No,0,2,0,2,0,0,RURAL_VICTORIA,RURAL_VICTORIA,STRATHBOGIE,NORTH EASTERN REGION,M,M,Freeway,Freeway,Divided,Div,Country,2019,2,21,0
3476158,T20190001058,ABS to receive accident,Finished,18/1/2019,10.40.00,No,Collision with vehicle,Friday,RIGHT THROUGH,No,Day,Yes,T intersection,Serious injury accident,50 km/hr,No,341446,145.17312,-37.89933,Intersection,MONASH,METROPOLITAN SOUTH EAST REGION,2515225.598,2400183.757,2,1,0,1,0,1,2,0,1,0,1,0,0,0,0,0,0,0,0,0,No,0,2,0,1,0,0,MELB_URBAN,MELB_URBAN,MONASH,METROPOLITAN SOUTH EAST REGION,,,Local Road,Local Road,Undivided,Undiv,Metro,2019,1,10,0
3476159,T20190001060,ABS to receive accident,Finished,17/1/2019,07.27.00,No,Collision with vehicle,Wednesday,OTHER SAME DIRECTION-MANOUEVRES NOT INCLUDED IN DCAs 130-137,No,Day,Yes,Cross intersection,Other injury accident,80 km/hr,No,340540,144.82873,-37.77697,Intersection,BRIMBANK,METROPOLITAN NORTH WEST REGION,2484912.81,2413765.233,2,1,0,0,1,1,0,2,0,0,1,0,0,1,0,0,0,0,0,0,No,0,2,0,1,1,0,MELB_URBAN,MELB_URBAN,BRIMBANK,METROPOLITAN NORTH WEST REGION,,,Arterial Other,Arterial Other,Divided,"Div,Undiv",Metro,2019,1,07,0
3476160,T20190001061,ABS to receive accident,Finished,17/1/2019,18.40.00,Yes,Collision with vehicle,Thursday,REAR END(VEHICLES IN SAME LANE),Yes,Day,Yes,Not at intersection,Other injury accident,70 km/hr,No,341437,145.17379,-37.6694,Non-Intersection,NILLUMBIK,METROPOLITAN NORTH WEST REGION,2515331.634,2425702.682,6,1,0,0,1,5,3,1,0,3,3,0,0,0,0,0,0,0,0,0,No,0,3,0,3,0,0,MELB_URBAN,MELB_URBAN,NILLUMBIK,METROPOLITAN NORTH WEST REGION,,,Arterial Other,Arterial Other,Undivided,Undiv,Metro,2019,1,18,0
3476161,T20190001065,ABS to receive accident,Finished,18/1/2019,13.40.00,No,Collision with vehicle,Friday,RIGHT TURN SIDESWIPE,No,Day,Yes,Cross intersection,Other injury accident,100 km/hr,No,341549,142.23014,-37.66478,Intersection,SOUTHERN GRAMPIANS,SOUTH WESTERN REGION,2255667.941,2422674.626,5,2,0,0,2,3,3,2,0,3,2,0,0,0,0,0,0,0,0,0,No,0,2,1,1,0,0,RURAL_VICTORIA,RURAL_VICTORIA,SOUTHERN GRAMPIANS,SOUTH WESTERN REGION,,,Local Road,Local Road,Undivided,Undiv,Country,2019,1,13,0
3476162,T20190001066,ABS to receive accident,Finished,18/1/2019,16.05.00,Yes,Collision with vehicle,Friday,CROSS TRAFFIC(INTERSECTIONS ONLY),No,Day,Yes,Cross intersection,Other injury accident,100 km/hr,No,19412,144.68274,-36.72051,Intersection,CAMPASPE,NORTHERN REGION,2471660.763,2530964.333,5,4,0,0,4,1,4,1,0,3,2,0,0,0,0,0,0,0,0,0,No,0,2,0,2,0,0,RURAL_VICTORIA,RURAL_VICTORIA,CAMPASPE,NORTHERN REGION,B,B,Arterial Highway,"Arterial Highway,Local Road",Undivided,Undiv,Country,2019,1,16,0
3476163,T20190001071,ABS to receive accident,Finished,18/1/2019,18.00.00,Yes,Vehicle overturned (no collision),Friday,OFF CARRIAGEWAY ON LEFT BEND,No,Day,Yes,Not at intersection,Other injury accident,80 km/hr,Yes,341444,147.99368,-37.86104,Non-Intersection,EAST GIPPSLAND,EASTERN REGION,2763383.889,2400305.802,1,1,0,0,1,0,0,1,0,0,1,0,0,0,0,0,0,0,0,1,No,0,1,0,1,0,0,TOWNS,TOWNS,EAST GIPPSLAND,"EASTERN REGION,EASTERN REGION",,,Local Road,Local Road,Undivided,Undiv,Country,2019,1,18,0
3476164,T20190001074,ABS to receive accident,Finished,18/1/2019,18.23.00,Yes,Collision with vehicle,Thursday,CROSS TRAFFIC(INTERSECTIONS ONLY),No,Day,Yes,Cross intersection,Serious injury accident,50 km/hr,No,53078,143.81687,-37.55886,Intersection,BALLARAT,WESTERN REGION,2395477.208,2437335.061,2,1,0,1,0,1,1,1,0,0,2,0,0,0,0,0,0,0,1,0,No,0,2,0,2,0,0,LARGE_PROVINCIAL_CITIES,LARGE_PROVINCIAL_CITIES,BALLARAT,WESTERN REGION,,,Local Road,Local Road,Undivided,Undiv,Country,2019,1,18,0
3476165,T20190001077,ABS to receive accident,Finished,18/1/2019,18.30.00,Yes,Collision with vehicle,Thursday,OTHER MANOEUVRING NOT INCLUDED IN DCAs 140-148,No,Unk.,No,Not at intersection,Other injury accident,Not known,No,342526,145.21192,-37.87655,Non-Intersection,KNOX,METROPOLITAN SOUTH EAST REGION,2518643.649,2402705.057,2,1,0,0,1,1,2,0,1,0,1,0,0,0,0,0,0,0,0,0,No,0,2,0,1,0,0,MELB_URBAN,MELB_URBAN,KNOX,METROPOLITAN SOUTH EAST REGION,M,M,Freeway,Freeway,Undivided,Undiv,Metro,2019,1,18,0
3476166,T20190001079,ABS to receive accident,Finished,16/1/2019,17.00.00,No,Collision with vehicle,Tuesday,REAR END(VEHICLES IN SAME LANE),No,Day,No,Not at intersection,Other injury accident,60 km/hr,No,342661,145.06114,-37.86993,Non-Intersection,STONNINGTON,METROPOLITAN SOUTH EAST REGION,2505379.379,2403459.497,3,1,0,0,1,2,1,1,0,0,3,0,0,0,0,0,0,0,0,0,No,0,3,0,3,0,0,MELB_URBAN,MELB_URBAN,STONNINGTON,METROPOLITAN SOUTH EAST REGION,,,Arterial Other,Arterial Other,Undivided,Undiv,Metro,2019,1,17,0
3476167,T20190001082,ABS to receive accident,Finished,18/1/2019,17.50.00,Yes,Collision with a fixed object,Friday,OFF RIGHT BEND INTO OBJECT/PARKED VEHICLE,No,Day,Yes,Not at intersection,Serious injury accident,100 km/hr,Yes,341872,143.58929,-36.60849,Non-Intersection,LODDON,NORTHERN REGION,2373810.426,2542506.353,1,1,0,1,0,0,1,0,0,0,0,0,0,1,0,0,0,0,0,0,No,0,1,0,0,1,0,RURAL_VICTORIA,RURAL_VICTORIA,LODDON,NORTHERN REGION,,,Local Road,Local Road,Undivided,Undiv,Country,2019,1,17,0
3476168,T20190001083,ABS to receive accident,Finished,18/1/2019,05.10.00,Yes,Collision with vehicle,Friday,VEHICLE COLLIDES WITH VEHICLE PARKED ON LEFT OF ROAD,No,Dark Street lights on,Yes,Not at intersection,Serious injury accident,60 km/hr,No,342763,145.01237,-37.82727,Non-Intersection,YARRA,METROPOLITAN NORTH WEST REGION,2501089.161,2408195.657,1,1,0,1,0,0,1,0,0,0,1,0,0,0,0,0,0,0,0,0,Yes,0,2,0,2,0,0,MELB_URBAN,MELB_URBAN,YARRA,METROPOLITAN NORTH WEST REGION,,,Arterial Other,Arterial Other,Undivided,Undiv,Metro,2019,1,05,1
3476169,T20190001089,ABS to receive accident,Finished,19/1/2019,00.57.00,Yes,Collision with a fixed object,Saturday,LEFT OFF CARRIAGEWAY INTO OBJECT/PARKED VEHICLE,No,Dark Street lights on,Yes,Not at intersection,Other injury accident,40 km/hr,Yes,341481,144.96378,-37.75739,Non-Intersection,MORELAND,METROPOLITAN NORTH WEST REGION,2496808.798,2415950.512,3,1,0,0,1,2,1,1,0,2,1,0,0,0,0,0,0,0,0,1,No,0,1,0,1,0,0,MELB_URBAN,MELB_URBAN,MORELAND,METROPOLITAN NORTH WEST REGION,,,Arterial Other,Arterial Other,Undivided,Undiv,Metro,2019,1,00,0