OBJECTID,ACCIDENT_NO,ABS_CODE,ACCIDENT_STATUS,ACCIDENT_DATE,ACCIDENT_TIME,ALCOHOLTIME,ACCIDENT_TYPE,DAY_OF_WEEK,DCA_CODE,HIT_RUN_FLAG,LIGHT_CONDITION,POLICE_ATTEND,ROAD_GEOMETRY,SEVERITY,SPEED_ZONE,RUN_OFFROAD,NODE_ID,LONGITUDE,LATITUDE,NODE_TYPE,LGA_NAME,REGION_NAME,VICGRID_X,VICGRID_Y,TOTAL_PERSONS,INJ_OR_FATAL,FATALITY,SERIOUSINJURY,OTHERINJURY,NONINJURED,MALES,FEMALES,BICYCLIST,PASSENGER,DRIVER,PEDESTRIAN,PILLION,MOTORIST,UNKNOWN,PED_CYCLIST_5_12,PED_CYCLIST_13_18,OLD_PEDESTRIAN,OLD_DRIVER,YOUNG_DRIVER,ALCOHOL_RELATED,UNLICENCSED,NO_OF_VEHICLES,HEAVYVEHICLE,PASSENGERVEHICLE,MOTORCYCLE,PUBLICVEHICLE,DEG_URBAN_NAME,DEG_URBAN_ALL,LGA_NAME_ALL,REGION_NAME_ALL,SRNS,SRNS_ALL,RMA,RMA_ALL,DIVIDED,DIVIDED_ALL,STAT_DIV_NAME,Year,Month,Hour,ALCOHOL_RELATED
3476170,T20190001091,ABS to receive accident,Finished,19/1/2019,00.25.00,Yes,Collision with a fixed object,Friday,LEFT OFF CARRIAGEWAY INTO OBJECT/PARKED VEHICLE,No,Dark No street lights,Yes,Not at intersection,Serious injury accident,70 km/hr,Yes,342106,145.32437,-37.9657,Non-Intersection,YARRA RANGES,METROPOLITAN SOUTH EAST REGION,2528503.234,2392783.333,1,1,0,1,0,0,1,0,0,0,1,0,0,0,0,0,0,0,0,0,No,0,1,0,1,0,0,RURAL_VICTORIA,RURAL_VICTORIA,YARRA RANGES,METROPOLITAN SOUTH EAST REGION,C,C,Arterial Other,Arterial Other,Undivided,Undiv,Metro,2019,1,00,0
3476172,T20190001618,ABS to receive accident,Finished,27/1/2019,14.30.00,No,Collision with a fixed object,Sunday,LEFT OFF CARRIAGEWAY INTO OBJECT/PARKED VEHICLE,No,Day,Yes,Not at intersection,Other injury accident,50 km/hr,Yes,341941,146.42421,-38.32191,Non-Intersection,LATROBE,EASTERN REGION,2624552.555,2352358.813,1,1,0,0,1,0,1,0,0,0,1,0,0,0,0,0,0,0,0,1,No,0,1,0,1,0,0,TOWNS,TOWNS,LATROBE,"EASTERN REGION,EASTERN REGION",,,Local Road,Local Road,Undivided,Undiv,Country,2019,1,14,0
3476173,T20190001620,ABS to receive accident,Finished,27/1/2019,13.45.00,No,Collision with vehicle,Sunday,RIGHT REAR.,No,Day,Yes,T intersection,Other injury accident,60 km/hr,No,341716,145.2902,-38.11151,Intersection,CASEY,METROPOLITAN SOUTH EAST REGION,2525451.026,2376608.312,6,2,0,0,2,4,2,4,0,3,3,0,0,0,0,0,0,0,0,0,No,0,3,0,3,0,0,MELB_URBAN,MELB_URBAN,CASEY,METROPOLITAN SOUTH EAST REGION,C,C,Arterial Other,"Arterial Other,Local Road",Undivided,Undiv,Metro,2019,1,13,0
3476174,T20190001621,ABS to receive accident,Finished,24/1/2019,20.15.00,Yes,Collision with vehicle,Wednesday,REAR END(VEHICLES IN SAME LANE),Yes,Day,No,Not at intersection,Other injury accident,40 km/hr,No,341858,144.72533,-37.58036,Non-Intersection,HUME,METROPOLITAN NORTH WEST REGION,2475740.286,2435563.192,2,1,0,0,1,1,0,1,0,0,2,0,0,0,0,0,0,0,0,1,No,0,2,0,2,0,0,SMALL_CITIES,SMALL_CITIES,HUME,METROPOLITAN NORTH WEST REGION,C,C,Arterial Other,Arterial Other,Divided,Div,Metro,2019,1,20,0
3476175,T20190001626,ABS to receive accident,Finished,27/1/2019,16.34.00,No,Collision with vehicle,,REAR END(VEHICLES IN SAME LANE),No,Day,Yes,Cross intersection,Other injury accident,60 km/hr,No,45763,145.00756,-37.71671,Intersection,DAREBIN,METROPOLITAN NORTH WEST REGION,2500666.386,2420466.203,5,1,0,0,1,4,3,2,0,1,4,0,0,0,0,0,0,0,0,0,No,0,4,0,4,0,0,MELB_URBAN,MELB_URBAN,DAREBIN,METROPOLITAN NORTH WEST REGION,,,Arterial Other,"Arterial Other,Local Road",Divided,"Div,Undiv",Metro,2019,1,16,0
3476176,T20190001627,ABS to receive accident,Finished,27/1/2019,16.45.00,Yes,Collision with vehicle,Sunday,RIGHT THROUGH,No,Day,Yes,T intersection,Other injury accident,60 km/hr,No,341762,144.33417,-38.09708,Non-Intersection,GEELONG,SOUTH WESTERN REGION,2441594.156,2378044.228,3,1,0,0,1,2,2,1,0,1,2,0,0,0,0,0,0,0,1,0,No,0,2,0,2,0,0,LARGE_PROVINCIAL_CITIES,LARGE_PROVINCIAL_CITIES,GEELONG,SOUTH WESTERN REGION,C,C,Arterial Other,Arterial Other,Undivided,Undiv,Country,2019,1,16,0
3476177,T20190001629,ABS to receive accident,Finished,27/1/2019,13.00.00,No,Collision with a fixed object,Sunday,OFF RIGHT BEND INTO OBJECT/PARKED VEHICLE,No,Day,Yes,Not at intersection,Fatal accident,80 km/hr,Yes,341590,145.14486,-37.66024,Non-Intersection,NILLUMBIK,METROPOLITAN NORTH WEST REGION,2512780.604,2426723.672,1,1,1,0,0,0,1,0,0,0,0,0,0,1,0,0,0,0,0,0,No,0,1,0,0,1,0,RURAL_VICTORIA,RURAL_VICTORIA,NILLUMBIK,METROPOLITAN NORTH WEST REGION,,,Local Road,Local Road,Undivided,Undiv,Metro,2019,1,13,0
3476178,T20190001636,ABS to receive accident,Finished,27/1/2019,18.45.00,Yes,Collision with vehicle,Sunday,REAR END(VEHICLES IN SAME LANE),No,Day,Yes,T intersection,Other injury accident,80 km/hr,No,37520,145.2679,-37.92588,Intersection,KNOX,METROPOLITAN SOUTH EAST REGION,2523553.348,2397218.345,2,2,0,0,2,0,1,1,0,0,2,0,0,0,0,0,0,0,0,1,No,0,2,0,2,0,0,MELB_URBAN,MELB_URBAN,KNOX,METROPOLITAN SOUTH EAST REGION,,,Local Road,Local Road,Divided,"Div,Undiv",Metro,2019,1,18,0
3476179,T20190001637,ABS to receive accident,Finished,26/1/2019,11.52.00,No,Collision with a fixed object,Saturday,PARKED CAR RUN AWAY,No,Day,Yes,Not at intersection,Other injury accident,60 km/hr,No,342011,146.1555,-38.22016,Non-Intersection,BAW BAW,EASTERN REGION,2601191.115,2363971.913,1,1,0,0,1,0,1,0,0,0,1,0,0,0,0,0,0,0,0,0,No,0,2,0,0,0,0,RURAL_VICTORIA,RURAL_VICTORIA,BAW BAW,"EASTERN REGION,EASTERN REGION",,,Local Road,Local Road,Undivided,Undiv,Country,2019,1,11,0
3476180,T20190001640,ABS to receive accident,Finished,27/1/2019,17.50.00,No,Collision with vehicle,,REAR END(VEHICLES IN SAME LANE),No,Day,Yes,Not at intersection,Serious injury accident,80 km/hr,No,341620,144.27913,-38.08927,Non-Intersection,GEELONG,SOUTH WESTERN REGION,2436760.159,2378875.767,6,1,0,1,0,5,4,2,0,4,2,0,0,0,0,0,0,0,0,0,No,0,2,0,2,0,0,SMALL_TOWNS,SMALL_TOWNS,GEELONG,SOUTH WESTERN REGION,A,A,Arterial Highway,Arterial Highway,Undivided,Undiv,Country,2019,1,17,0
3476181,T20190001641,ABS to receive accident,Finished,27/1/2019,19.50.00,Yes,Vehicle overturned (no collision),Sunday,OFF CARRIAGEWAY ON RIGHT BEND,No,Day,Yes,Not at intersection,Serious injury accident,100 km/hr,Yes,342506,142.08428,-38.32839,Non-Intersection,MOYNE,SOUTH WESTERN REGION,2245061.163,2348666.273,1,1,0,1,0,0,1,0,0,0,1,0,0,0,0,0,0,0,0,0,Yes,1,1,0,1,0,0,RURAL_VICTORIA,RURAL_VICTORIA,MOYNE,SOUTH WESTERN REGION,A,A,Arterial Highway,Arterial Highway,Undivided,Undiv,Country,2019,1,19,1
3476182,T20190001642,ABS to receive accident,Finished,27/1/2019,17.20.00,Yes,Collision with vehicle,Sunday,RIGHT THROUGH,No,Day,Yes,T intersection,Serious injury accident,50 km/hr,No,66802,144.93881,-37.83861,Intersection,PORT PHILLIP,METROPOLITAN NORTH WEST REGION,2494614.063,2406935.043,2,1,0,1,0,1,1,1,0,0,2,0,0,0,0,0,0,0,1,1,No,0,2,0,2,0,0,MELB_URBAN,MELB_URBAN,PORT PHILLIP,METROPOLITAN NORTH WEST REGION,,,Local Road,Local Road,Undivided,Undiv,Metro,2019,1,17,0
3476183,T20190001649,ABS to receive accident,Finished,28/1/2019,00.15.00,Yes,Collision with vehicle,Sunday,VEHICLE COLLIDES WITH VEHICLE PARKED ON LEFT OF ROAD,No,Dark Street lights on,Yes,Not at intersection,Other injury accident,60 km/hr,No,343225,144.33346,-38.17431,Non-Intersection,GEELONG,SOUTH WESTERN REGION,2441591.759,2369470.687,2,2,0,0,2,0,0,2,0,1,1,0,0,0,0,0,0,0,0,1,No,0,2,0,2,0,0,LARGE_PROVINCIAL_CITIES,LARGE_PROVINCIAL_CITIES,GEELONG,SOUTH WESTERN REGION,,,Local Road,Local Road,Undivided,Undiv,Country,2019,1,00,0
3476184,T20190002250,ABS to receive accident,Finished,6/2/2019,08.00.00,No,Collision with vehicle,Wednesday,REAR END(VEHICLES IN SAME LANE),No,Day,Yes,Not at intersection,Other injury accident,70 km/hr,No,342031,144.76932,-37.69494,Non-Intersection,BRIMBANK,METROPOLITAN NORTH WEST REGION,2479656.67,2422858.244,6,2,0,0,2,4,3,3,0,2,4,0,0,0,0,0,0,0,0,2,No,0,4,0,4,0,0,MELB_URBAN,MELB_URBAN,BRIMBANK,METROPOLITAN NORTH WEST REGION,C,C,Arterial Other,Arterial Other,Divided,Div,Metro,2019,2,08,0
3476185,T20190002252,ABS to receive accident,Finished,5/2/2019,11.00.00,No,Collision with a fixed object,Tuesday,OFF RIGHT BEND INTO OBJECT/PARKED VEHICLE,No,Day,Yes,Not at intersection,Other injury accident,100 km/hr,Yes,342018,142.99924,-34.71911,Non-Intersection,SWAN HILL,NORTHERN REGION,2316630.098,2751180.473,1,1,0,0,1,0,0,1,0,0,1,0,0,0,0,0,0,0,0,0,No,0,1,0,1,0,0,RURAL_VICTORIA,RURAL_VICTORIA,SWAN HILL,NORTHERN REGION,B,B,Arterial Highway,Arterial Highway,Undivided,Undiv,Country,2019,2,11,0
3476186,T20190002254,ABS to receive accident,Finished,6/2/2019,10.05.00,No,Collision with vehicle,Wednesday,RIGHT FAR (INTERSECTIONS ONLY),No,Day,Yes,T intersection,Other injury accident,80 km/hr,No,342478,145.8295,-38.0902,Intersection,BAW BAW,EASTERN REGION,2572768.524,2378695.339,2,1,0,0,1,1,1,1,0,0,2,0,0,0,0,0,0,0,0,0,No,0,2,0,2,0,0,RURAL_VICTORIA,RURAL_VICTORIA,BAW BAW,"EASTERN REGION,EASTERN REGION",C,C,Arterial Other,"Arterial Other,Local Road",Divided,"Div,Undiv",Country,2019,2,10,0
3476187,T20190002261,ABS to receive accident,Finished,6/2/2019,12.30.00,No,Collision with vehicle,Wednesday,VEHICLE STRIKES ANOTHER VEH WHILE EMERGING FROM DRIVEWAY,No,Day,No,Not at intersection,Other injury accident,50 km/hr,No,342262,144.86212,-37.71386,Non-Intersection,BRIMBANK,METROPOLITAN NORTH WEST REGION,2487843.352,2420773.976,3,1,0,0,1,2,2,1,0,1,2,0,0,0,0,0,0,0,1,0,No,0,2,1,1,0,0,MELB_URBAN,MELB_URBAN,BRIMBANK,METROPOLITAN NORTH WEST REGION,,,Local Road,Local Road,Divided,Div,Metro,2019,2,12,0
3476188,T20190002262,ABS to receive accident,Finished,6/2/2019,11.55.00,No,Collision with vehicle,Wednesday,REAR END(VEHICLES IN SAME LANE),No,Day,Yes,Not at intersection,Other injury accident,60 km/hr,No,342084,145.04441,-37.82584,Non-Intersection,BOROONDARA,METROPOLITAN SOUTH EAST REGION,2503909.346,2408353.857,4,1,0,0,1,3,2,2,0,0,4,0,0,0,0,0,0,0,0,2,No,0,4,0,4,0,0,MELB_URBAN,MELB_URBAN,BOROONDARA,METROPOLITAN SOUTH EAST REGION,,,Arterial Other,Arterial Other,Undivided,Undiv,Metro,2019,2,11,0
3476189,T20190002266,ABS to receive accident,Finished,26/1/2019,11.00.00,No,Collision with vehicle,Friday,REAR END(VEHICLES IN SAME LANE),No,Day,Yes,Not at intersection,Serious injury accident,80 km/hr,No,342246,145.13677,-38.02191,Non-Intersection,DANDENONG,METROPOLITAN SOUTH EAST REGION,2512008.984,2386583.753,5,1,0,1,0,4,2,3,0,3,2,0,0,0,0,0,0,0,1,0,No,0,2,0,2,0,0,MELB_URBAN,MELB_URBAN,"KINGSTON,DANDENONG",METROPOLITAN SOUTH EAST REGION,,,Arterial Highway,Arterial Highway,Divided,Div,Metro,2019,1,11,0
3476190,T20190002269,ABS to receive accident,Finished,28/1/2019,06.30.00,No,Struck animal,Monday,STRUCK ANIMAL,No,Dusk/Dawn,No,Not at intersection,Serious injury accident,100 km/hr,No,342090,145.01523,-37.22717,Non-Intersection,MITCHELL,NORTHERN REGION,2501351.746,2474792.425,1,1,0,1,0,0,0,1,0,0,1,0,0,0,0,0,0,0,0,0,No,0,1,0,1,0,0,RURAL_VICTORIA,RURAL_VICTORIA,MITCHELL,NORTHERN REGION,C,C,Arterial Other,Arterial Other,Undivided,Undiv,Country,2019,1,06,0
3476191,T20190002270,ABS to receive accident,Finished,6/2/2019,12.50.00,No,Collision with vehicle,Wednesday,REAR END(VEHICLES IN SAME LANE),No,Day,Yes,Not at intersection,Other injury accident,60 km/hr,No,342068,145.12205,-37.91275,Non-Intersection,MONASH,METROPOLITAN SOUTH EAST REGION,2510732.384,2398701.487,4,1,0,0,1,3,1,3,0,2,2,0,0,0,0,0,0,0,0,0,No,0,2,0,1,0,0,MELB_URBAN,MELB_URBAN,MONASH,METROPOLITAN SOUTH EAST REGION,,,Arterial Other,Arterial Other,Undivided,Undiv,Metro,2019,2,12,0
3476192,T20190002275,ABS to receive accident,Finished,28/1/2019,16.04.00,Yes,Collision with vehicle,Sunday,RIGHT NEAR (INTERSECTIONS ONLY),No,Day,No,T intersection,Other injury accident,50 km/hr,No,35534,145.29161,-37.86288,Intersection,KNOX,METROPOLITAN SOUTH EAST REGION,2525659.08,2404204.364,2,1,0,0,1,1,2,0,0,0,1,0,0,1,0,0,0,0,0,1,No,0,2,0,1,1,0,MELB_URBAN,MELB_URBAN,KNOX,METROPOLITAN SOUTH EAST REGION,,,Arterial Other,"Arterial Other,Local Road",Divided,"Div,Undiv",Metro,2019,1,16,0
3476193,T20190002280,ABS to receive accident,Finished,6/2/2019,12.40.00,No,Fall from or in moving vehicle,Tuesday,OTHER ACCIDENTS-OFF STRAIGHT NOT INCLUDED IN DCAs 170-175,Yes,Day,No,Cross intersection,Other injury accident,60 km/hr,No,45990,144.96245,-37.80661,Intersection,MELBOURNE,METROPOLITAN NORTH WEST REGION,2496693.775,2410488.27,1,1,0,0,1,0,1,0,1,0,0,0,0,0,0,0,0,0,0,0,No,0,1,0,0,0,0,MELB_URBAN,MELB_URBAN,MELBOURNE,METROPOLITAN NORTH WEST REGION,,,Arterial Other,"Arterial Other,Local Road",Undivided,Undiv,Metro,2019,2,12,0
3476194,T20190002281,ABS to receive accident,Finished,6/2/2019,14.30.00,No,Collision with vehicle,Wednesday,LEFT OFF CARRIAGEWAY INTO OBJECT/PARKED VEHICLE,No,Day,Yes,Not at intersection,Serious injury accident,70 km/hr,Yes,342935,144.99072,-37.81333,Non-Intersection,MELBOURNE,METROPOLITAN NORTH WEST REGION,2499182.872,2409743.466,2,1,0,1,0,1,1,1,0,0,2,0,0,0,0,0,0,0,0,1,No,0,2,0,2,0,0,MELB_URBAN,MELB_URBAN,"YARRA,MELBOURNE",METROPOLITAN NORTH WEST REGION,,,Arterial Highway,Arterial Highway,Divided,Div,Metro,2019,2,14,0
3476195,T20190002283,ABS to receive accident,Finished,6/2/2019,15.18.00,No,Collision with vehicle,Wednesday,OUT OF CONTROL (OVERTAKING),No,Day,Yes,Not at intersection,Serious injury accident,100 km/hr,Yes,342710,144.90007,-37.69649,Non-Intersection,MORELAND,METROPOLITAN NORTH WEST REGION,2491187.353,2422705.645,3,1,0,1,0,2,1,2,0,0,3,0,0,0,0,0,0,0,0,1,No,0,3,1,2,0,0,MELB_URBAN,MELB_URBAN,MORELAND,METROPOLITAN NORTH WEST REGION,M,M,Freeway,Freeway,Divided,Div,Metro,2019,2,15,0
3476196,T20190002285,ABS to receive accident,Finished,6/2/2019,12.32.00,No,Collision with vehicle,Wednesday,REAR END(VEHICLES IN SAME LANE),No,Day,Yes,Cross intersection,Other injury accident,60 km/hr,No,223491,144.75538,-37.77699,Intersection,MELTON,METROPOLITAN NORTH WEST REGION,2478451.233,2413748.346,2,1,0,0,1,1,2,0,0,0,2,0,0,0,0,0,0,0,0,0,No,0,2,1,1,0,0,MELB_URBAN,"RURAL_VICTORIA,MELB_URBAN","MELTON,BRIMBANK",METROPOLITAN NORTH WEST REGION,,,Local Road,Local Road,Undivided,Undiv,Metro,2019,2,12,0
3476197,T20190002813,ABS to receive accident,Finished,14/2/2019,08.28.00,No,Collision with vehicle,Wednesday,LEFT REAR,No,Day,Yes,Not at intersection,Other injury accident,50 km/hr,No,342240,145.00935,-37.78688,Non-Intersection,YARRA,METROPOLITAN NORTH WEST REGION,2500823.392,2412678.83,2,1,0,0,1,1,1,1,1,0,1,0,0,0,0,0,0,0,0,0,No,0,2,0,1,0,0,MELB_URBAN,MELB_URBAN,YARRA,METROPOLITAN NORTH WEST REGION,,,Local Road,Local Road,Undivided,Undiv,Metro,2019,2,08,0
3476198,T20190002818,ABS to receive accident,Finished,14/2/2019,09.12.00,No,Collision with vehicle,Wednesday,REAR END(VEHICLES IN SAME LANE),No,Day,Yes,Not at intersection,Other injury accident,100 km/hr,No,342249,144.94006,-37.69302,Non-Intersection,MORELAND,METROPOLITAN NORTH WEST REGION,2494714.012,2423094.319,4,2,0,0,2,2,2,2,0,0,4,0,0,0,0,0,0,0,0,0,No,0,4,1,3,0,0,MELB_URBAN,MELB_URBAN,MORELAND,METROPOLITAN NORTH WEST REGION,M,M,Freeway,Freeway,Divided,Div,Metro,2019,2,09,0
3476199,T20190002821,ABS to receive accident,Finished,14/2/2019,10.30.00,No,Collision with a fixed object,Thursday,LEFT OFF CARRIAGEWAY INTO OBJECT/PARKED VEHICLE,No,Day,Yes,Cross intersection,Serious injury accident,50 km/hr,Yes,54118,147.63201,-37.82603,Intersection,EAST GIPPSLAND,EASTERN REGION,2731680.29,2405130.445,1,1,0,1,0,0,1,0,0,0,1,0,0,0,0,0,0,0,0,0,No,0,1,0,1,0,0,SMALL_CITIES,SMALL_CITIES,EAST GIPPSLAND,"EASTERN REGION,EASTERN REGION",A,A,Arterial Highway,"Arterial Highway,Local Road",Divided,Div,Country,2019,2,10,0
3476200,T20190002822,ABS to receive accident,Finished,14/2/2019,08.38.00,No,Collision with vehicle,Wednesday,CROSS TRAFFIC(INTERSECTIONS ONLY),No,Day,Yes,Cross intersection,Other injury accident,50 km/hr,No,54410,145.86275,-38.13639,Intersection,BAW BAW,EASTERN REGION,2575638.862,2373541.933,7,1,0,0,1,6,4,3,0,4,3,0,0,0,0,0,0,0,0,0,No,0,3,0,3,0,0,TOWNS,TOWNS,BAW BAW,"EASTERN REGION,EASTERN REGION",,,Local Road,Local Road,Divided,"Div,Undiv",Country,2019,2,08,0
3476201,T20190002823,ABS to receive accident,Finished,14/2/2019,07.47.00,No,Collision with vehicle,Wednesday,REAR END(VEHICLES IN SAME LANE),No,Day,Yes,Not at intersection,Other injury accident,100 km/hr,No,342378,145.1651,-37.80257,Non-Intersection,WHITEHORSE,METROPOLITAN SOUTH EAST REGION,2514538.869,2410924.12,5,3,0,0,3,2,3,2,0,0,5,0,0,0,0,0,0,0,0,1,No,0,5,0,5,0,0,MELB_URBAN,MELB_URBAN,WHITEHORSE,METROPOLITAN SOUTH EAST REGION,M,M,Freeway,Freeway,Divided,Div,Metro,2019,2,07,0
3476202,T20190002824,ABS to receive accident,Finished,14/2/2019,10.55.00,No,Collision with vehicle,Thursday,RIGHT THROUGH,No,Day,Yes,T intersection,Other injury accident,100 km/hr,No,57255,142.34615,-36.5021,Intersection,HORSHAM,WESTERN REGION,2262302.951,2551932.291,3,2,0,0,2,1,1,1,0,1,2,0,0,0,0,0,0,0,0,0,No,0,2,0,2,0,0,RURAL_VICTORIA,RURAL_VICTORIA,HORSHAM,WESTERN REGION,B,B,Arterial Highway,"Arterial Highway,Local Road",Undivided,Undiv,Country,2019,2,10,0
3476203,T20190002828,ABS to receive accident,Finished,14/2/2019,07.51.00,No,Collision with vehicle,Wednesday,REAR END(VEHICLES IN SAME LANE),No,Day,Yes,T intersection,Other injury accident,60 km/hr,No,67650,145.26994,-37.86081,Intersection,KNOX,METROPOLITAN SOUTH EAST REGION,2523753.434,2404439.202,7,2,0,0,2,5,4,3,0,2,5,0,0,0,0,0,0,0,0,0,No,0,5,0,5,0,0,MELB_URBAN,MELB_URBAN,KNOX,METROPOLITAN SOUTH EAST REGION,,,Arterial Other,"Arterial Other,Local Road",Divided,"Div,Undiv",Metro,2019,2,07,0
3476204,T20190002829,ABS to receive accident,Finished,14/2/2019,13.00.00,No,Collision with vehicle,Wednesday,LEFT TURN SIDESWIPE,No,Day,Yes,T intersection,Other injury accident,60 km/hr,No,55242,144.95846,-37.80615,Intersection,MELBOURNE,METROPOLITAN NORTH WEST REGION,2496341.854,2410539.15,2,1,0,0,1,1,0,1,1,0,1,0,0,0,0,0,0,0,0,0,No,0,2,0,1,0,0,MELB_URBAN,MELB_URBAN,MELBOURNE,METROPOLITAN NORTH WEST REGION,,,Arterial Other,"Arterial Other,Local Road",Undivided,Undiv,Metro,2019,2,13,0
3476205,T20190002830,ABS to receive accident,Finished,14/2/2019,10.30.00,No,Collision with vehicle,Wednesday,REAR END(VEHICLES IN SAME LANE),No,Day,Yes,Not at intersection,Other injury accident,70 km/hr,No,55869,144.35479,-38.11424,Intersection,GEELONG,SOUTH WESTERN REGION,2443415.993,2376151.858,4,1,0,0,1,3,2,2,0,1,3,0,0,0,0,0,0,0,0,0,No,1,3,0,3,0,0,LARGE_PROVINCIAL_CITIES,LARGE_PROVINCIAL_CITIES,GEELONG,SOUTH WESTERN REGION,,,,,,,Country,2019,2,10,0
3476206,T20190002833,ABS to receive accident,Finished,9/2/2019,16.40.00,Yes,Collision with a fixed object,Saturday,LEFT OFF CARRIAGEWAY INTO OBJECT/PARKED VEHICLE,No,Day,Yes,Not at intersection,Other injury accident,80 km/hr,Yes,342530,145.08116,-38.35287,Non-Intersection,MORNINGTON PENINSULA,METROPOLITAN SOUTH EAST REGION,2507094.887,2349850.251,1,1,0,0,1,0,0,1,0,0,1,0,0,0,0,0,0,0,0,1,No,0,1,0,1,0,0,RURAL_VICTORIA,RURAL_VICTORIA,MORNINGTON PENINSULA,METROPOLITAN SOUTH EAST REGION,,,Local Road,Local Road,Undivided,Undiv,Metro,2019,2,16,0
3476207,T20190002835,ABS to receive accident,Finished,14/2/2019,09.44.00,No,Collision with vehicle,Wednesday,RIGHT NEAR (INTERSECTIONS ONLY),No,Day,Yes,T intersection,Other injury accident,60 km/hr,No,278133,145.31476,-38.10169,Intersection,CASEY,METROPOLITAN SOUTH EAST REGION,2527609.056,2377691.468,3,1,0,0,1,2,1,2,0,1,2,0,0,0,0,0,0,0,1,1,No,0,2,0,2,0,0,MELB_URBAN,MELB_URBAN,CASEY,METROPOLITAN SOUTH EAST REGION,,,Local Road,Local Road,Divided,"Div,Undiv",Metro,2019,2,09,0
3476208,T20190002840,ABS to receive accident,Finished,14/2/2019,08.23.00,No,Collision with vehicle,Wednesday,VEHICLE COLLIDES WITH VEHICLE PARKED ON LEFT OF ROAD,No,Day,No,Not at intersection,Other injury accident,60 km/hr,No,342250,144.92104,-37.7602,Non-Intersection,MOONEE VALLEY,METROPOLITAN NORTH WEST REGION,2493043.106,2415637.379,2,1,0,0,1,1,1,0,1,0,0,0,0,0,1,0,1,0,0,0,No,0,2,0,0,0,0,MELB_URBAN,MELB_URBAN,MOONEE VALLEY,METROPOLITAN NORTH WEST REGION,,,Arterial Other,Arterial Other,Divided,Div,Metro,2019,2,08,0
3476209,T20190002842,ABS to receive accident,Finished,14/2/2019,13.54.00,No,Collision with vehicle,Thursday,RIGHT THROUGH,No,Day,Yes,T intersection,Other injury accident,60 km/hr,No,43876,145.2524,-38.10937,Intersection,CASEY,METROPOLITAN SOUTH EAST REGION,2522136.635,2376854.614,2,1,0,0,1,1,1,1,0,0,2,0,0,0,0,0,0,0,0,0,No,0,2,1,1,0,0,MELB_URBAN,MELB_URBAN,CASEY,METROPOLITAN SOUTH EAST REGION,,,Arterial Other,"Arterial Other,Local Road",Undivided,Undiv,Metro,2019,2,13,0
3476210,T20190001095,ABS to receive accident,Finished,19/1/2019,00.39.00,Yes,Collision with a fixed object,Friday,OUT OF CONTROL (OVERTAKING),No,Dark Street lights on,Yes,Cross intersection,Serious injury accident,40 km/hr,Yes,35431,145.2951,-37.77086,Intersection,MAROONDAH,METROPOLITAN SOUTH EAST REGION,2525998.474,2414416.746,3,1,0,1,0,2,1,0,0,1,1,0,0,1,0,0,0,0,0,0,No,0,2,0,1,1,0,MELB_URBAN,MELB_URBAN,MAROONDAH,METROPOLITAN SOUTH EAST REGION,,,Arterial Highway,"Arterial Highway,Local Road,Arterial Other",Divided,"Div,Undiv",Metro,2019,1,00,0
3476211,T20190001096,ABS to receive accident,Finished,18/1/2019,11.35.00,No,Collision with vehicle,Thursday,RIGHT NEAR (INTERSECTIONS ONLY),No,Day,No,T intersection,Other injury accident,Not known,No,341574,144.99259,-37.75152,Intersection,DAREBIN,METROPOLITAN NORTH WEST REGION,2499347.159,2416603.461,2,1,0,0,1,1,1,1,0,0,2,0,0,0,0,0,0,0,0,0,No,0,2,0,2,0,0,MELB_URBAN,MELB_URBAN,DAREBIN,METROPOLITAN NORTH WEST REGION,,,Local Road,Local Road,Undivided,Undiv,Metro,2019,1,11,0
3476212,T20190001097,ABS to receive accident,Finished,19/1/2019,04.50.00,Yes,Collision with a fixed object,Saturday,LEFT OFF CARRIAGEWAY INTO OBJECT/PARKED VEHICLE,No,Dark Street lights on,Yes,Not at intersection,Other injury accident,70 km/hr,Yes,341561,145.315,-37.99699,Non-Intersection,CASEY,METROPOLITAN SOUTH EAST REGION,2527667.857,2389312.576,2,2,0,0,2,0,2,0,0,1,1,0,0,0,0,0,0,0,0,1,No,0,1,0,1,0,0,MELB_URBAN,MELB_URBAN,CASEY,METROPOLITAN SOUTH EAST REGION,,,Local Road,Local Road,Divided,Div,Metro,2019,1,04,0
3476213,T20190001098,ABS to receive accident,Finished,19/1/2019,07.40.00,No,Collision with a fixed object,Friday,LEFT OFF CARRIAGEWAY INTO OBJECT/PARKED VEHICLE,No,Day,Yes,Not at intersection,Other injury accident,60 km/hr,Yes,341512,144.91668,-37.68695,Non-Intersection,HUME,METROPOLITAN NORTH WEST REGION,2492650.975,2423765.888,2,1,0,0,1,1,1,1,0,1,1,0,0,0,0,0,0,0,0,0,No,0,1,0,1,0,0,MELB_URBAN,MELB_URBAN,HUME,METROPOLITAN NORTH WEST REGION,,,Arterial Other,Arterial Other,Divided,Div,Metro,2019,1,07,0