OBJECTID,ACCIDENT_NO,ABS_CODE,ACCIDENT_STATUS,ACCIDENT_DATE,ACCIDENT_TIME,ALCOHOLTIME,ACCIDENT_TYPE,DAY_OF_WEEK,DCA_CODE,HIT_RUN_FLAG,LIGHT_CONDITION,POLICE_ATTEND,ROAD_GEOMETRY,SEVERITY,SPEED_ZONE,RUN_OFFROAD,NODE_ID,LONGITUDE,LATITUDE,NODE_TYPE,LGA_NAME,REGION_NAME,VICGRID_X,VICGRID_Y,TOTAL_PERSONS,INJ_OR_FATAL,FATALITY,SERIOUSINJURY,OTHERINJURY,NONINJURED,MALES,FEMALES,BICYCLIST,PASSENGER,DRIVER,PEDESTRIAN,PILLION,MOTORIST,UNKNOWN,PED_CYCLIST_5_12,PED_CYCLIST_13_18,OLD_PEDESTRIAN,OLD_DRIVER,YOUNG_DRIVER,ALCOHOL_RELATED,UNLICENCSED,NO_OF_VEHICLES,HEAVYVEHICLE,PASSENGERVEHICLE,MOTORCYCLE,PUBLICVEHICLE,DEG_URBAN_NAME,DEG_URBAN_ALL,LGA_NAME_ALL,REGION_NAME_ALL,SRNS,SRNS_ALL,RMA,RMA_ALL,DIVIDED,DIVIDED_ALL,STAT_DIV_NAME,Year,Month,Hour,ALCOHOL_RELATED
3476214,T20190001104,ABS to receive accident,Finished,18/1/2019,18.00.00,Yes,Collision with vehicle,Thursday,TWO RIGHT TURNING (INTERSECTIONS ONLY),No,Day,No,T intersection,Other injury accident,Not known,No,36695,144.99495,-37.80004,Intersection,YARRA,METROPOLITAN NORTH WEST REGION,2499555.117,2411218.42,2,1,0,0,1,1,1,1,1,0,1,0,0,0,0,0,0,0,0,0,No,0,2,0,1,0,0,MELB_URBAN,MELB_URBAN,YARRA,METROPOLITAN NORTH WEST REGION,,,Arterial Other,"Arterial Other,Local Road",Undivided,Undiv,Metro,2019,1,18,0
3476215,T20190001105,ABS to receive accident,Finished,19/1/2019,09.55.00,No,Collision with a fixed object,Friday,LEFT OFF CARRIAGEWAY INTO OBJECT/PARKED VEHICLE,No,Day,Yes,Not at intersection,Serious injury accident,100 km/hr,Yes,342583,144.45949,-37.5876,Non-Intersection,MOORABOOL,WESTERN REGION,2452265.841,2434659.882,1,1,0,1,0,0,0,1,0,0,1,0,0,0,0,0,0,0,0,1,No,0,1,0,1,0,0,RURAL_VICTORIA,RURAL_VICTORIA,MOORABOOL,WESTERN REGION,C,C,Arterial Other,Arterial Other,Undivided,Undiv,Country,2019,1,09,0
3476216,T20190001106,ABS to receive accident,Finished,18/1/2019,16.45.00,No,Collision with vehicle,Thursday,REAR END(VEHICLES IN SAME LANE),No,Day,No,Not at intersection,Other injury accident,40 km/hr,No,341530,144.81764,-37.8283,Non-Intersection,HOBSONS BAY,METROPOLITAN NORTH WEST REGION,2483946.511,2408065.861,3,2,0,0,2,1,1,2,0,1,2,0,0,0,0,0,0,0,0,1,No,0,2,0,2,0,0,MELB_URBAN,MELB_URBAN,HOBSONS BAY,METROPOLITAN NORTH WEST REGION,M,M,Freeway,Freeway,Divided,Div,Metro,2019,1,16,0
3476217,T20190001109,ABS to receive accident,Finished,19/1/2019,09.55.00,No,Collision with vehicle,Saturday,REAR END(VEHICLES IN SAME LANE),No,Day,Yes,Not at intersection,Other injury accident,60 km/hr,No,341527,144.95906,-37.78749,Non-Intersection,MELBOURNE,METROPOLITAN NORTH WEST REGION,2496394.283,2412610.561,3,1,0,0,1,2,2,1,0,0,3,0,0,0,0,0,0,0,0,0,No,0,3,0,2,0,0,MELB_URBAN,MELB_URBAN,MELBOURNE,METROPOLITAN NORTH WEST REGION,,,Arterial Other,Arterial Other,Divided,Div,Metro,2019,1,09,0
3476219,T20190001116,ABS to receive accident,Finished,19/1/2019,11.40.00,No,Collision with vehicle,Saturday,RIGHT FAR (INTERSECTIONS ONLY),No,Day,Yes,T intersection,Other injury accident,60 km/hr,No,342196,145.09304,-37.88067,Non-Intersection,MONASH,METROPOLITAN SOUTH EAST REGION,2508184.506,2402265.047,4,1,0,0,1,3,2,2,0,2,2,0,0,0,0,0,0,0,0,1,No,0,2,0,2,0,0,MELB_URBAN,MELB_URBAN,MONASH,METROPOLITAN SOUTH EAST REGION,,,Arterial Other,Arterial Other,Undivided,Undiv,Metro,2019,1,11,0
3476220,T20190001118,ABS to receive accident,Finished,19/1/2019,12.07.00,No,Collision with vehicle,Saturday,HEAD ON (NOT OVERTAKING),No,Day,Yes,Not at intersection,Serious injury accident,80 km/hr,No,342435,145.34101,-37.95187,Non-Intersection,YARRA RANGES,METROPOLITAN SOUTH EAST REGION,2529970.683,2394312.203,2,2,0,1,1,0,2,0,0,0,2,0,0,0,0,0,0,0,0,0,No,0,2,0,2,0,0,RURAL_VICTORIA,RURAL_VICTORIA,YARRA RANGES,METROPOLITAN SOUTH EAST REGION,C,C,Arterial Other,Arterial Other,Undivided,Undiv,Metro,2019,1,12,0
3476221,T20190001120,ABS to receive accident,Finished,19/1/2019,13.04.00,No,Collision with vehicle,Saturday,RIGHT THROUGH,No,Day,Yes,T intersection,Other injury accident,80 km/hr,No,1147,145.00509,-38.36937,Intersection,MORNINGTON PENINSULA,METROPOLITAN SOUTH EAST REGION,2500444.511,2348021.473,6,1,0,0,1,5,0,6,0,4,2,0,0,0,0,0,0,0,0,2,No,0,2,0,2,0,0,RURAL_VICTORIA,RURAL_VICTORIA,MORNINGTON PENINSULA,METROPOLITAN SOUTH EAST REGION,C,C,Arterial Other,"Arterial Other,Local Road",Undivided,Undiv,Metro,2019,1,13,0
3476222,T20190001123,ABS to receive accident,Finished,19/1/2019,15.10.00,No,Collision with vehicle,Friday,VEHICLE COLLIDES WITH VEHICLE PARKED ON LEFT OF ROAD,No,Day,Yes,Not at intersection,Other injury accident,60 km/hr,No,90723,144.88948,-37.73347,Non-Intersection,MOONEE VALLEY,METROPOLITAN NORTH WEST REGION,2490258.279,2418600.685,1,1,0,0,1,0,0,1,0,0,1,0,0,0,0,0,0,0,0,0,No,0,2,0,2,0,0,MELB_URBAN,MELB_URBAN,MOONEE VALLEY,METROPOLITAN NORTH WEST REGION,,,Local Road,Local Road,Undivided,Undiv,Metro,2019,1,15,0
3476223,T20190001656,ABS to receive accident,Finished,28/1/2019,08.15.00,Yes,Collision with vehicle,Sunday,RIGHT NEAR (INTERSECTIONS ONLY),No,Day,Yes,T intersection,Other injury accident,60 km/hr,No,42700,145.02769,-37.98807,Intersection,BAYSIDE,METROPOLITAN SOUTH EAST REGION,2502432.725,2390347.894,4,2,0,0,2,2,3,1,3,0,1,0,0,0,0,0,1,0,0,1,No,0,4,0,1,0,0,MELB_URBAN,MELB_URBAN,BAYSIDE,METROPOLITAN SOUTH EAST REGION,,,Arterial Other,"Arterial Other,Local Road",Undivided,Undiv,Metro,2019,1,08,0
3476224,T20190001658,ABS to receive accident,Finished,28/1/2019,06.40.00,No,Collision with vehicle,Monday,CROSS TRAFFIC(INTERSECTIONS ONLY),No,Day,Yes,Cross intersection,Serious injury accident,100 km/hr,No,52029,147.0738,-38.06802,Intersection,WELLINGTON,EASTERN REGION,2681968.235,2379491.698,2,2,0,2,0,0,1,1,0,0,2,0,0,0,0,0,0,0,1,0,No,0,2,0,2,0,0,RURAL_VICTORIA,RURAL_VICTORIA,WELLINGTON,"EASTERN REGION,EASTERN REGION",A,"A,C",Arterial Highway,"Arterial Highway,Local Road,Arterial Other",Undivided,Undiv,Country,2019,1,06,0
3476225,T20190001660,ABS to receive accident,Finished,28/1/2019,09.48.00,No,Collision with vehicle,Monday,LEFT THROUGH,No,Day,Yes,Cross intersection,Other injury accident,40 km/hr,No,36902,144.96126,-37.8284,Intersection,PORT PHILLIP,METROPOLITAN NORTH WEST REGION,2496589.23,2408069.808,3,1,0,0,1,2,1,0,1,1,1,0,0,0,0,0,0,0,0,0,No,0,2,0,1,0,0,MELB_URBAN,MELB_URBAN,PORT PHILLIP,METROPOLITAN NORTH WEST REGION,,,Local Road,Local Road,Undivided,Undiv,Metro,2019,1,09,0
3476226,T20190001662,ABS to receive accident,Finished,28/1/2019,10.00.00,Yes,Collision with vehicle,Sunday,OTHER ACCIDENTS-OFF STRAIGHT NOT INCLUDED IN DCAs 170-175,No,Day,Yes,Not at intersection,Other injury accident,80 km/hr,No,342147,144.92782,-38.47335,Non-Intersection,MORNINGTON PENINSULA,METROPOLITAN SOUTH EAST REGION,2493699.739,2336474.567,2,1,0,0,1,1,1,1,1,0,1,0,0,0,0,0,0,0,0,0,No,0,2,0,1,0,0,RURAL_VICTORIA,RURAL_VICTORIA,MORNINGTON PENINSULA,METROPOLITAN SOUTH EAST REGION,C,C,Arterial Other,Arterial Other,Undivided,Undiv,Metro,2019,1,10,0
3476228,T20190001665,ABS to receive accident,Finished,28/1/2019,10.58.00,No,Collision with vehicle,Monday,CROSS TRAFFIC(INTERSECTIONS ONLY),No,Day,Yes,Cross intersection,Serious injury accident,60 km/hr,No,73114,143.13497,-38.23903,Intersection,CORANGAMITE,SOUTH WESTERN REGION,2336720.116,2360891.197,2,1,0,1,0,1,1,1,0,0,2,0,0,0,0,0,0,0,0,2,No,0,2,0,2,0,0,TOWNS,TOWNS,CORANGAMITE,SOUTH WESTERN REGION,,,Local Road,Local Road,Undivided,Undiv,Country,2019,1,10,0
3476230,T20190001667,ABS to receive accident,Finished,28/1/2019,10.45.00,No,Collision with vehicle,Monday,LEFT TURN SIDESWIPE,No,Day,Yes,T intersection,Other injury accident,60 km/hr,No,244068,144.95918,-37.78471,Intersection,MELBOURNE,METROPOLITAN NORTH WEST REGION,2496404.178,2412919.158,2,1,0,0,1,1,0,1,0,0,2,0,0,0,0,0,0,0,0,0,No,0,2,0,2,0,0,MELB_URBAN,MELB_URBAN,MELBOURNE,METROPOLITAN NORTH WEST REGION,,,Arterial Other,"Arterial Other,Local Road",Undivided,Undiv,Metro,2019,1,10,0
3476231,T20190001671,ABS to receive accident,Finished,28/1/2019,10.37.00,No,Struck Pedestrian,Sunday,PED NEAR SIDE. PED HIT BY VEHICLE FROM THE RIGHT.,No,Day,Yes,T intersection,Other injury accident,Not known,No,39409,145.15165,-37.81035,Intersection,WHITEHORSE,METROPOLITAN SOUTH EAST REGION,2513353.291,2410062.843,2,1,0,0,1,1,1,1,0,0,1,1,0,0,0,0,0,0,0,0,No,0,1,0,1,0,0,MELB_URBAN,MELB_URBAN,WHITEHORSE,METROPOLITAN SOUTH EAST REGION,,,Local Road,Local Road,Undivided,Undiv,Metro,2019,1,10,0
3476232,T20190001672,ABS to receive accident,Finished,28/1/2019,10.30.00,No,Fall from or in moving vehicle,Monday,OUT OF CONTROL ON CARRIAGEWAY (ON BEND),No,Day,Yes,Not at intersection,Other injury accident,100 km/hr,No,342108,145.87318,-37.55904,Non-Intersection,YARRA RANGES,METROPOLITAN SOUTH EAST REGION,2577141.404,2437610.288,1,1,0,0,1,0,1,0,0,0,0,0,0,1,0,0,0,0,0,0,No,0,1,0,0,1,0,RURAL_VICTORIA,RURAL_VICTORIA,YARRA RANGES,METROPOLITAN SOUTH EAST REGION,C,C,Arterial Other,Arterial Other,Undivided,Undiv,Metro,2019,1,10,0
3476233,T20190001674,ABS to receive accident,Finished,28/1/2019,11.40.00,No,No collision and no object struck,Monday,OFF CARRIAGEWAY ON LEFT BEND,No,Day,Yes,Not at intersection,Other injury accident,60 km/hr,Yes,341617,145.31584,-37.56171,Non-Intersection,NILLUMBIK,METROPOLITAN NORTH WEST REGION,2527902.253,2437621.9,2,2,0,0,2,0,1,1,0,0,0,0,1,1,0,0,0,0,0,0,No,0,1,0,0,1,0,RURAL_VICTORIA,RURAL_VICTORIA,NILLUMBIK,METROPOLITAN NORTH WEST REGION,C,C,Arterial Other,Arterial Other,Undivided,Undiv,Metro,2019,1,11,0
3476234,T20190001676,ABS to receive accident,Finished,28/1/2019,09.56.00,No,Collision with vehicle,Monday,OTHER ADJACENT (INTERSECTIONS ONLY),No,Day,Yes,T intersection,Other injury accident,80 km/hr,No,341785,146.5146,-38.20434,Intersection,LATROBE,EASTERN REGION,2632664.517,2365286.522,5,4,0,0,4,1,1,4,0,3,2,0,0,0,0,0,0,0,0,0,No,0,2,0,2,0,0,SMALL_CITIES,SMALL_CITIES,LATROBE,"EASTERN REGION,EASTERN REGION",M,M,Arterial Highway,"Arterial Highway,Local Road",Divided,"Div,Undiv",Country,2019,1,09,0
3476236,T20190002287,ABS to receive accident,Finished,6/2/2019,17.45.00,No,Collision with vehicle,Wednesday,RIGHT THROUGH,No,Day,Yes,T intersection,Serious injury accident,60 km/hr,No,49643,144.34983,-38.06553,Intersection,GEELONG,SOUTH WESTERN REGION,2442943.963,2381555.373,2,1,0,1,0,1,1,1,0,0,1,0,0,1,0,0,0,0,0,0,No,0,2,0,1,1,0,LARGE_PROVINCIAL_CITIES,"RURAL_VICTORIA,LARGE_PROVINCIAL_CITIES",GEELONG,SOUTH WESTERN REGION,,,Local Road,Local Road,Undivided,Undiv,Country,2019,2,17,0
3476237,T20190002291,ABS to receive accident,Finished,6/2/2019,16.10.00,No,Vehicle overturned (no collision),Tuesday,OFF CARRIAGEWAY TO LEFT,No,Day,Yes,T intersection,Serious injury accident,80 km/hr,Yes,342004,144.42254,-38.00437,Intersection,GEELONG,SOUTH WESTERN REGION,2449283.438,2388385.37,4,4,0,1,3,0,1,3,0,3,1,0,0,0,0,0,0,0,0,1,No,1,1,0,1,0,0,RURAL_VICTORIA,RURAL_VICTORIA,GEELONG,SOUTH WESTERN REGION,,,Local Road,Local Road,Undivided,Undiv,Country,2019,2,16,0
3476238,T20190002292,ABS to receive accident,Finished,6/2/2019,17.51.00,No,Collision with vehicle,Wednesday,RIGHT FAR (INTERSECTIONS ONLY),No,Day,Yes,Cross intersection,Other injury accident,40 km/hr,No,49916,144.35586,-38.1455,Intersection,GEELONG,SOUTH WESTERN REGION,2443533.069,2372682.286,2,2,0,0,2,0,0,2,0,0,2,0,0,0,0,0,0,0,0,0,No,0,2,0,2,0,0,LARGE_PROVINCIAL_CITIES,LARGE_PROVINCIAL_CITIES,GEELONG,SOUTH WESTERN REGION,,,Local Road,Local Road,Undivided,Undiv,Country,2019,2,17,0
3476239,T20190002295,ABS to receive accident,Finished,6/2/2019,18.15.00,Yes,Collision with vehicle,Wednesday,VEHICLE COLLIDES WITH VEHICLE PARKED ON LEFT OF ROAD,No,Day,Yes,Not at intersection,Other injury accident,50 km/hr,No,342233,145.3159,-38.02507,Non-Intersection,CASEY,METROPOLITAN SOUTH EAST REGION,2527737.068,2386195.989,2,2,0,0,2,0,0,2,0,0,2,0,0,0,0,0,0,0,0,1,No,0,2,0,2,0,0,MELB_URBAN,MELB_URBAN,CASEY,METROPOLITAN SOUTH EAST REGION,,,Local Road,Local Road,Undivided,Undiv,Metro,2019,2,18,0
3476240,T20190002300,ABS to receive accident,Finished,6/2/2019,13.24.00,No,Collision with vehicle,Tuesday,RIGHT NEAR (INTERSECTIONS ONLY),No,Day,Yes,T intersection,Other injury accident,60 km/hr,No,47391,144.94686,-37.73578,Intersection,MORELAND,METROPOLITAN NORTH WEST REGION,2495315.864,2418348.198,2,1,0,0,1,1,0,2,0,0,2,0,0,0,0,0,0,0,0,0,No,0,3,0,3,0,0,MELB_URBAN,MELB_URBAN,MORELAND,METROPOLITAN NORTH WEST REGION,,,Local Road,Local Road,Undivided,Undiv,Metro,2019,2,13,0
3476241,T20190002301,ABS to receive accident,Finished,6/2/2019,20.00.00,Yes,Collision with vehicle,Wednesday,LEFT OFF CARRIAGEWAY INTO OBJECT/PARKED VEHICLE,No,Dark Street lights on,Yes,Not at intersection,Other injury accident,60 km/hr,Yes,342400,144.95673,-37.83685,Non-Intersection,PORT PHILLIP,METROPOLITAN NORTH WEST REGION,2496191.116,2407131.938,1,1,0,0,1,0,1,0,0,0,1,0,0,0,0,0,0,0,0,0,Yes,0,2,0,2,0,0,MELB_URBAN,MELB_URBAN,PORT PHILLIP,METROPOLITAN NORTH WEST REGION,,,Arterial Other,Arterial Other,Divided,Div,Metro,2019,2,20,1
3476242,T20190002305,ABS to receive accident,Finished,6/2/2019,15.52.00,No,Vehicle overturned (no collision),Wednesday,OUT OF CONTROL ON CARRIAGEWAY (ON STRAIGHT),No,Day,Yes,Not at intersection,Other injury accident,100 km/hr,No,342003,146.53284,-38.24945,Non-Intersection,LATROBE,EASTERN REGION,2634181.498,2360254.116,1,1,0,0,1,0,0,1,0,0,1,0,0,0,0,0,0,0,0,0,No,0,1,0,1,0,0,RURAL_VICTORIA,RURAL_VICTORIA,LATROBE,"EASTERN REGION,EASTERN REGION",C,C,Arterial Other,Arterial Other,Undivided,Undiv,Country,2019,2,15,0
3476243,T20190002310,ABS to receive accident,Finished,6/2/2019,21.45.00,Yes,Collision with vehicle,Tuesday,LEFT TURN SIDESWIPE,No,Dark Street lights on,Yes,Cross intersection,Other injury accident,40 km/hr,No,37150,144.99604,-37.81009,Intersection,YARRA,METROPOLITAN NORTH WEST REGION,2499651.314,2410102.299,2,1,0,0,1,1,2,0,1,0,1,0,0,0,0,0,0,0,0,0,No,0,2,0,1,0,0,MELB_URBAN,MELB_URBAN,YARRA,METROPOLITAN NORTH WEST REGION,,,Arterial Other,"Arterial Other,Local Road",Undivided,Undiv,Metro,2019,2,21,0
3476244,T20190002312,ABS to receive accident,Finished,6/2/2019,22.40.00,Yes,Fall from or in moving vehicle,Tuesday,OTHER ACCIDENTS-OFF STRAIGHT NOT INCLUDED IN DCAs 170-175,No,Dark Street lights on,Yes,Cross intersection,Other injury accident,60 km/hr,No,36430,144.97488,-37.79795,Intersection,MELBOURNE,METROPOLITAN NORTH WEST REGION,2497787.479,2411449.48,1,1,0,0,1,0,1,0,0,0,0,0,0,1,0,0,0,0,0,0,No,0,1,0,0,1,0,MELB_URBAN,MELB_URBAN,"YARRA,MELBOURNE",METROPOLITAN NORTH WEST REGION,,,Arterial Other,"Arterial Other,Local Road",Divided,"Div,Undiv",Metro,2019,2,22,0
3476245,T20190002317,ABS to receive accident,Finished,1/2/2019,07.23.00,No,Collision with vehicle,Thursday,RIGHT THROUGH,No,Day,Yes,Not at intersection,Other injury accident,60 km/hr,No,342226,145.04141,-37.81524,Non-Intersection,BOROONDARA,METROPOLITAN SOUTH EAST REGION,2503645.676,2409530.73,2,1,0,0,1,1,2,0,1,0,1,0,0,0,0,0,0,0,0,0,No,0,2,0,1,0,0,MELB_URBAN,MELB_URBAN,BOROONDARA,METROPOLITAN SOUTH EAST REGION,,,Arterial Other,Arterial Other,Undivided,Undiv,Metro,2019,2,07,0
3476246,T20190002323,ABS to receive accident,Finished,6/2/2019,06.00.00,Yes,Collision with vehicle,Wednesday,RIGHT THROUGH,Yes,Dark Street lights on,No,T intersection,Other injury accident,50 km/hr,No,342046,144.75547,-36.14232,Intersection,CAMPASPE,NORTHERN REGION,2477993.19,2595137.066,3,1,0,0,1,2,1,0,1,0,0,0,0,0,2,0,0,0,0,0,No,0,2,0,0,0,0,SMALL_CITIES,SMALL_CITIES,CAMPASPE,NORTHERN REGION,,,Local Road,Local Road,Undivided,Undiv,Country,2019,2,06,0
3476247,T20190002326,ABS to receive accident,Finished,23/1/2019,17.20.00,No,Collision with vehicle,Tuesday,REAR END(VEHICLES IN SAME LANE),No,Day,Yes,Not at intersection,Other injury accident,70 km/hr,No,342083,144.73233,-37.8236,Non-Intersection,WYNDHAM,METROPOLITAN NORTH WEST REGION,2476435.297,2408569.55,2,1,0,0,1,1,0,2,0,0,2,0,0,0,0,0,0,0,0,0,No,0,2,0,2,0,0,RURAL_VICTORIA,RURAL_VICTORIA,WYNDHAM,METROPOLITAN NORTH WEST REGION,,,Local Road,Local Road,Undivided,Undiv,Metro,2019,1,17,0
3476248,T20190002331,ABS to receive accident,Finished,5/2/2019,15.50.00,No,Collision with vehicle,Tuesday,RIGHT THROUGH,No,Day,Yes,T intersection,Other injury accident,60 km/hr,No,12288,144.7892,-37.79897,Intersection,BRIMBANK,METROPOLITAN NORTH WEST REGION,2481435.526,2411316.245,3,1,0,0,1,2,2,1,0,1,2,0,0,0,0,0,0,0,0,2,No,0,2,0,2,0,0,MELB_URBAN,MELB_URBAN,BRIMBANK,METROPOLITAN NORTH WEST REGION,,,,,,,Metro,2019,2,15,0
3476249,T20190002843,ABS to receive accident,Finished,14/2/2019,15.00.00,No,Collision with vehicle,Wednesday,REAR END(VEHICLES IN SAME LANE),No,Day,Yes,T intersection,Other injury accident,50 km/hr,No,63208,144.77002,-37.74593,Intersection,BRIMBANK,METROPOLITAN NORTH WEST REGION,2479731.868,2417198.912,4,1,0,0,1,3,0,4,0,2,2,0,0,0,0,0,0,0,0,0,No,0,2,0,2,0,0,MELB_URBAN,MELB_URBAN,BRIMBANK,METROPOLITAN NORTH WEST REGION,,,Local Road,Local Road,Undivided,Undiv,Metro,2019,2,15,0
3476250,T20190002844,ABS to receive accident,Finished,14/2/2019,13.09.00,No,Collision with a fixed object,Wednesday,LEFT OFF CARRIAGEWAY INTO OBJECT/PARKED VEHICLE,Yes,Day,Yes,Not at intersection,Other injury accident,50 km/hr,Yes,342512,144.94866,-37.65573,Off Road,HUME,METROPOLITAN NORTH WEST REGION,2495469.883,2427232.574,1,1,0,0,1,0,1,0,0,0,1,0,0,0,0,0,0,0,0,0,No,0,1,0,1,0,0,MELB_URBAN,MELB_URBAN,HUME,METROPOLITAN NORTH WEST REGION,,,,,,,Metro,2019,2,13,0
3476251,T20190002845,ABS to receive accident,Finished,14/2/2019,11.45.00,No,Struck Pedestrian,Wednesday,ANY MANOEUVRE INVOLVING PED NOT INCLUDED IN DCAs 100-108.,No,Day,Yes,Not at intersection,Other injury accident,50 km/hr,No,343066,146.00458,-36.0134,Non-Intersection,MOIRA,NORTH EASTERN REGION,2590559.159,2608991.993,2,1,0,0,1,1,0,1,0,0,1,1,0,0,0,0,0,1,0,0,No,0,1,0,1,0,0,TOWNS,TOWNS,MOIRA,NORTH EASTERN REGION,C,C,Arterial Other,Arterial Other,Divided,Div,Country,2019,2,11,0
3476252,T20190002849,ABS to receive accident,Finished,14/2/2019,16.18.00,No,Collision with vehicle,Wednesday,REAR END(VEHICLES IN SAME LANE),No,Day,Yes,Not at intersection,Other injury accident,100 km/hr,No,342441,144.87887,-37.713,Non-Intersection,BRIMBANK,METROPOLITAN NORTH WEST REGION,2489320.694,2420871.797,3,1,0,0,1,2,3,0,0,0,3,0,0,0,0,0,0,0,0,0,No,0,3,0,2,0,0,MELB_URBAN,MELB_URBAN,BRIMBANK,METROPOLITAN NORTH WEST REGION,M,M,Freeway,Freeway,Divided,Div,Metro,2019,2,16,0
3476253,T20190002856,ABS to receive accident,Finished,14/2/2019,17.04.00,No,Collision with vehicle,Thursday,RIGHT THROUGH,No,Day,Yes,T intersection,Other injury accident,60 km/hr,No,282647,145.18679,-38.03499,Intersection,DANDENONG,METROPOLITAN SOUTH EAST REGION,2516398.293,2385124.155,3,2,0,0,2,1,1,2,0,1,2,0,0,0,0,0,0,0,0,1,No,0,2,0,2,0,0,MELB_URBAN,MELB_URBAN,DANDENONG,METROPOLITAN SOUTH EAST REGION,,,Local Road,Local Road,Divided,"Div,Undiv",Metro,2019,2,17,0
3476254,T20190002857,ABS to receive accident,Finished,14/2/2019,16.40.00,No,Collision with vehicle,Thursday,LANE SIDE SWIPE (VEHICLES IN PARALLEL LANES),No,Day,Yes,Not at intersection,Other injury accident,100 km/hr,No,342276,145.27182,-37.99712,Non-Intersection,CASEY,METROPOLITAN SOUTH EAST REGION,2523875.929,2389309.697,5,2,0,0,2,3,2,3,0,1,4,0,0,0,0,0,0,0,0,1,No,0,4,0,4,0,0,MELB_URBAN,MELB_URBAN,CASEY,METROPOLITAN SOUTH EAST REGION,M,M,Freeway,Freeway,Divided,Div,Metro,2019,2,16,0
3476255,T20190002868,ABS to receive accident,Finished,14/2/2019,18.44.00,Yes,Collision with vehicle,Wednesday,RIGHT NEAR (INTERSECTIONS ONLY),No,Day,Yes,Cross intersection,Other injury accident,60 km/hr,No,1335,144.9261,-37.75594,Intersection,MOONEE VALLEY,METROPOLITAN NORTH WEST REGION,2493487.995,2416109.978,2,1,0,0,1,1,1,1,0,0,2,0,0,0,0,0,0,0,0,1,No,0,2,0,2,0,0,MELB_URBAN,MELB_URBAN,MOONEE VALLEY,METROPOLITAN NORTH WEST REGION,,,Arterial Other,"Arterial Other,Local Road",Undivided,Undiv,Metro,2019,2,18,0
3476256,T20190002871,ABS to receive accident,Finished,14/2/2019,20.57.00,Yes,Struck Pedestrian,Wednesday,FAR SIDE. PED HIT BY VEHICLE FROM THE LEFT,No,Dark Street lights on,Yes,T intersection,Serious injury accident,60 km/hr,No,42463,145.13778,-37.96064,Intersection,DANDENONG,METROPOLITAN SOUTH EAST REGION,2512108.254,2393384.044,2,1,0,1,0,1,2,0,0,0,1,1,0,0,0,0,0,1,0,0,No,0,1,0,1,0,0,MELB_URBAN,MELB_URBAN,DANDENONG,METROPOLITAN SOUTH EAST REGION,,,Arterial Other,"Arterial Other,Local Road",Undivided,Undiv,Metro,2019,2,20,0
3476257,T20190002872,ABS to receive accident,Finished,14/2/2019,17.31.00,No,Collision with vehicle,Wednesday,CROSS TRAFFIC(INTERSECTIONS ONLY),No,Day,Yes,Cross intersection,Other injury accident,40 km/hr,No,62088,144.91172,-37.70414,Intersection,MORELAND,METROPOLITAN NORTH WEST REGION,2492216.134,2421857.744,2,1,0,0,1,1,1,1,0,0,1,0,0,1,0,0,0,0,0,0,No,0,2,0,1,1,0,MELB_URBAN,MELB_URBAN,MORELAND,METROPOLITAN NORTH WEST REGION,,,Local Road,Local Road,Undivided,Undiv,Metro,2019,2,17,0
3476258,T20190002873,ABS to receive accident,Finished,14/2/2019,18.00.00,Yes,Collision with vehicle,Thursday,HEAD ON (NOT OVERTAKING),No,Day,Yes,T intersection,Fatal accident,70 km/hr,No,41076,145.33893,-37.86066,Intersection,YARRA RANGES,METROPOLITAN SOUTH EAST REGION,2529823.877,2404436.484,2,1,1,0,0,1,1,1,0,0,1,0,0,1,0,0,0,0,0,0,No,0,2,0,1,1,0,MELB_URBAN,MELB_URBAN,YARRA RANGES,METROPOLITAN SOUTH EAST REGION,,,Arterial Other,"Arterial Other,Local Road",Undivided,Undiv,Metro,2019,2,18,0
3476259,T20190002874,ABS to receive accident,Finished,14/2/2019,19.55.00,Yes,Collision with vehicle,Wednesday,CROSS TRAFFIC(INTERSECTIONS ONLY),No,Dusk/Dawn,Yes,Cross intersection,Other injury accident,100 km/hr,No,59295,144.38042,-36.48718,Intersection,BENDIGO,NORTHERN REGION,2444488.818,2556720.543,5,2,0,0,2,3,0,2,0,3,2,0,0,0,0,0,0,0,0,2,No,0,2,0,2,0,0,RURAL_VICTORIA,RURAL_VICTORIA,BENDIGO,NORTHERN REGION,C,C,Arterial Other,Arterial Other,Undivided,Undiv,Country,2019,2,19,0
3476260,T20190002877,ABS to receive accident,Finished,14/2/2019,21.31.00,Yes,Collision with vehicle,Thursday,REAR END(VEHICLES IN SAME LANE),Yes,Dark Street lights on,Yes,T intersection,Other injury accident,60 km/hr,No,36149,145.01529,-37.6726,Intersection,WHITTLESEA,METROPOLITAN NORTH WEST REGION,2501348.866,2425361.765,4,1,0,0,1,3,1,2,0,1,2,0,0,0,1,0,0,0,0,0,No,0,3,0,2,0,0,MELB_URBAN,MELB_URBAN,WHITTLESEA,METROPOLITAN NORTH WEST REGION,,,Arterial Other,"Arterial Other,Local Road",Undivided,Undiv,Metro,2019,2,21,0