OBJECTID,ACCIDENT_NO,ABS_CODE,ACCIDENT_STATUS,ACCIDENT_DATE,ACCIDENT_TIME,ALCOHOLTIME,ACCIDENT_TYPE,DAY_OF_WEEK,DCA_CODE,HIT_RUN_FLAG,LIGHT_CONDITION,POLICE_ATTEND,ROAD_GEOMETRY,SEVERITY,SPEED_ZONE,RUN_OFFROAD,NODE_ID,LONGITUDE,LATITUDE,NODE_TYPE,LGA_NAME,REGION_NAME,VICGRID_X,VICGRID_Y,TOTAL_PERSONS,INJ_OR_FATAL,FATALITY,SERIOUSINJURY,OTHERINJURY,NONINJURED,MALES,FEMALES,BICYCLIST,PASSENGER,DRIVER,PEDESTRIAN,PILLION,MOTORIST,UNKNOWN,PED_CYCLIST_5_12,PED_CYCLIST_13_18,OLD_PEDESTRIAN,OLD_DRIVER,YOUNG_DRIVER,ALCOHOL_RELATED,UNLICENCSED,NO_OF_VEHICLES,HEAVYVEHICLE,PASSENGERVEHICLE,MOTORCYCLE,PUBLICVEHICLE,DEG_URBAN_NAME,DEG_URBAN_ALL,LGA_NAME_ALL,REGION_NAME_ALL,SRNS,SRNS_ALL,RMA,RMA_ALL,DIVIDED,DIVIDED_ALL,STAT_DIV_NAME,Year,Month,Hour,ALCOHOL_RELATED
3476261,T20190002879,ABS to receive accident,Finished,14/2/2019,21.39.00,Yes,Collision with vehicle,Thursday,RIGHT NEAR (INTERSECTIONS ONLY),No,Dark Street lights on,Yes,Cross intersection,Serious injury accident,60 km/hr,No,51741,144.35054,-36.80548,Intersection,BENDIGO,NORTHERN REGION,2442052.444,2521386.608,2,1,0,1,0,1,2,0,0,0,1,0,0,1,0,0,0,0,0,0,No,0,2,0,1,1,0,LARGE_PROVINCIAL_CITIES,LARGE_PROVINCIAL_CITIES,BENDIGO,NORTHERN REGION,C,C,Arterial Other,"Arterial Other,Local Road",Undivided,Undiv,Country,2019,2,21,0
3476262,T20190001127,ABS to receive accident,Finished,19/1/2019,16.50.00,Yes,Collision with a fixed object,Saturday,OUT OF CONTROL (OVERTAKING),No,Day,Yes,Not at intersection,Other injury accident,100 km/hr,Yes,341957,144.90159,-38.45765,Non-Intersection,MORNINGTON PENINSULA,METROPOLITAN SOUTH EAST REGION,2491409.084,2338216.298,1,1,0,0,1,0,1,0,0,0,0,0,0,1,0,0,0,0,0,0,No,0,1,0,0,1,0,SMALL_TOWNS,"SMALL_TOWNS,RURAL_VICTORIA",MORNINGTON PENINSULA,METROPOLITAN SOUTH EAST REGION,C,C,Arterial Other,Arterial Other,Undivided,Undiv,Metro,2019,1,16,0
3476263,T20190001132,ABS to receive accident,Finished,19/1/2019,16.25.00,Yes,Collision with vehicle,Friday,RIGHT TURN SIDESWIPE,No,Day,Yes,Not at intersection,Other injury accident,80 km/hr,No,341445,145.42415,-38.17599,Non-Intersection,CARDINIA,METROPOLITAN SOUTH EAST REGION,2537166.836,2369406.105,2,1,0,0,1,1,2,0,0,0,1,0,0,1,0,0,0,0,0,0,No,0,2,0,1,1,0,RURAL_VICTORIA,RURAL_VICTORIA,CARDINIA,METROPOLITAN SOUTH EAST REGION,,,Local Road,Local Road,Undivided,Undiv,Metro,2019,1,16,0
3476264,T20190001134,ABS to receive accident,Finished,19/1/2019,11.30.00,No,Collision with vehicle,Saturday,REAR END(VEHICLES IN SAME LANE),No,Day,No,Not at intersection,Other injury accident,50 km/hr,No,341517,144.99084,-37.86572,Non-Intersection,PORT PHILLIP,METROPOLITAN NORTH WEST REGION,2499193.885,2403928.667,2,1,0,0,1,1,1,1,1,0,1,0,0,0,0,0,0,0,0,0,No,0,2,0,1,0,0,MELB_URBAN,MELB_URBAN,PORT PHILLIP,METROPOLITAN NORTH WEST REGION,,,Local Road,Local Road,Undivided,Undiv,Metro,2019,1,11,0
3476265,T20190001135,ABS to receive accident,Finished,18/1/2019,12.56.00,No,Collision with vehicle,Friday,HEAD ON (NOT OVERTAKING),No,Day,Yes,Not at intersection,Serious injury accident,80 km/hr,No,342039,144.11563,-37.35026,Non-Intersection,HEPBURN,WESTERN REGION,2421654.525,2460769.463,3,2,0,1,1,1,2,1,0,1,2,0,0,0,0,0,0,0,0,0,No,0,2,0,2,0,0,RURAL_VICTORIA,RURAL_VICTORIA,HEPBURN,WESTERN REGION,A,A,Arterial Highway,Arterial Highway,Undivided,Undiv,Country,2019,1,12,0
3476266,T20190001136,ABS to receive accident,Finished,19/1/2019,15.30.00,Yes,Collision with a fixed object,Saturday,OUT OF CONTROL (OVERTAKING),No,Day,Yes,Not at intersection,Other injury accident,50 km/hr,Yes,341477,145.01982,-37.68,Non-Intersection,WHITTLESEA,METROPOLITAN NORTH WEST REGION,2501747.893,2424540.384,1,1,0,0,1,0,1,0,0,0,1,0,0,0,0,0,0,0,0,0,Yes,1,1,0,1,0,0,MELB_URBAN,MELB_URBAN,WHITTLESEA,METROPOLITAN NORTH WEST REGION,,,Local Road,Local Road,Undivided,Undiv,Metro,2019,1,15,1
3476267,T20190001137,ABS to receive accident,Finished,19/1/2019,18.58.00,Yes,Collision with vehicle,Saturday,RIGHT THROUGH,No,Day,Yes,T intersection,Other injury accident,80 km/hr,No,43641,145.34024,-38.05067,Intersection,CASEY,METROPOLITAN SOUTH EAST REGION,2529863.9,2383346.151,3,1,0,0,1,2,1,2,0,1,2,0,0,0,0,0,0,0,0,1,No,0,2,0,2,0,0,MELB_URBAN,MELB_URBAN,CASEY,METROPOLITAN SOUTH EAST REGION,C,C,Arterial Other,"Arterial Other,Local Road",Divided,"Div,Undiv",Metro,2019,1,18,0
3476268,T20190001145,ABS to receive accident,Finished,19/1/2019,15.10.00,No,Collision with vehicle,Friday,CROSS TRAFFIC(INTERSECTIONS ONLY),No,Day,Yes,Cross intersection,Other injury accident,50 km/hr,No,37972,145.00639,-37.75283,Intersection,DAREBIN,METROPOLITAN NORTH WEST REGION,2500563.16,2416457.391,2,1,0,0,1,1,1,1,1,0,1,0,0,0,0,0,0,0,0,0,No,0,2,0,1,0,0,MELB_URBAN,MELB_URBAN,DAREBIN,METROPOLITAN NORTH WEST REGION,,,Local Road,Local Road,Undivided,Undiv,Metro,2019,1,15,0
3476269,T20190001146,ABS to receive accident,Finished,19/1/2019,22.15.00,Yes,Collision with a fixed object,Saturday,RIGHT OFF CARRIAGEWAY INTO OBJECT/PARKED VEHICLE,No,Dark No street lights,Yes,Not at intersection,Serious injury accident,100 km/hr,Yes,342619,143.66305,-37.70143,Non-Intersection,GOLDEN PLAINS,SOUTH WESTERN REGION,2382111.293,2421334.739,1,1,0,1,0,0,1,0,0,0,0,0,0,1,0,0,0,0,0,0,Yes,0,1,0,0,1,0,RURAL_VICTORIA,RURAL_VICTORIA,GOLDEN PLAINS,SOUTH WESTERN REGION,,,Local Road,Local Road,Undivided,Undiv,Country,2019,1,22,1
3476270,T20190001150,ABS to receive accident,Finished,20/1/2019,02.00.00,Yes,Vehicle overturned (no collision),Sunday,OFF CARRIAGEWAY ON LEFT BEND,No,Dark No street lights,Yes,Not at intersection,Serious injury accident,100 km/hr,Yes,341433,145.56774,-38.48548,Non-Intersection,BASS COAST,EASTERN REGION,2549543.952,2334982.471,2,2,0,2,0,0,2,0,0,1,1,0,0,0,0,0,0,0,0,1,No,0,1,0,1,0,0,RURAL_VICTORIA,RURAL_VICTORIA,BASS COAST,"EASTERN REGION,EASTERN REGION",,,Local Road,Local Road,Undivided,Undiv,Country,2019,1,02,0
3476271,T20190001151,ABS to receive accident,Finished,20/1/2019,03.35.00,Yes,Collision with vehicle,Sunday,REAR END(VEHICLES IN SAME LANE),No,Dark Street lights on,Yes,Cross intersection,Other injury accident,60 km/hr,No,35340,144.99087,-37.78865,Intersection,YARRA,METROPOLITAN NORTH WEST REGION,2499195.797,2412482.208,2,1,0,0,1,1,2,0,0,0,2,0,0,0,0,0,0,0,0,0,No,0,2,0,2,0,0,MELB_URBAN,MELB_URBAN,YARRA,METROPOLITAN NORTH WEST REGION,,,Arterial Other,"Arterial Other,Local Road",Divided,"Div,Undiv",Metro,2019,1,03,0
3476273,T20190001157,ABS to receive accident,Finished,20/1/2019,12.00.00,No,Struck Pedestrian,,PED EMERGES FROM IN FRONT OF PARKED OR STATIONARY VEHICLE,Yes,Day,Yes,Not at intersection,Serious injury accident,50 km/hr,No,342616,144.65558,-38.2686,Non-Intersection,QUEENSCLIFFE,SOUTH WESTERN REGION,2469856.732,2359154.296,2,1,0,1,0,1,1,0,0,0,1,1,0,0,0,0,0,1,0,0,No,0,1,0,1,0,0,TOWNS,TOWNS,QUEENSCLIFFE,SOUTH WESTERN REGION,,,Local Road,Local Road,Undivided,Undiv,Country,2019,1,12,0
3476274,T20190001158,ABS to receive accident,Finished,20/1/2019,11.17.00,No,Collision with a fixed object,Sunday,LEFT OFF CARRIAGEWAY INTO OBJECT/PARKED VEHICLE,No,Day,Yes,Not at intersection,Serious injury accident,100 km/hr,Yes,341461,144.7149,-37.62023,Non-Intersection,HUME,METROPOLITAN NORTH WEST REGION,2474833.181,2431135.977,2,2,0,1,1,0,1,1,0,1,1,0,0,0,0,0,0,0,0,0,No,0,1,0,1,0,0,RURAL_VICTORIA,RURAL_VICTORIA,HUME,METROPOLITAN NORTH WEST REGION,M,M,Freeway,Freeway,Divided,Div,Metro,2019,1,11,0
3476276,T20190001679,ABS to receive accident,Finished,28/1/2019,13.55.00,No,Collision with vehicle,Sunday,REAR END(VEHICLES IN SAME LANE),No,Day,Yes,Cross intersection,Other injury accident,80 km/hr,No,35596,145.23307,-37.92801,Intersection,KNOX,METROPOLITAN SOUTH EAST REGION,2520490.396,2396989.571,4,2,0,0,2,2,2,2,0,2,2,0,0,0,0,0,0,0,1,0,No,0,2,0,2,0,0,MELB_URBAN,MELB_URBAN,KNOX,METROPOLITAN SOUTH EAST REGION,C,C,Arterial Highway,"Arterial Highway,Arterial Other",Divided,Div,Metro,2019,1,13,0
3476277,T20190001684,ABS to receive accident,Finished,28/1/2019,14.05.00,No,Vehicle overturned (no collision),Monday,OUT OF CONTROL ON CARRIAGEWAY (ON BEND),Not known,Day,Yes,Not at intersection,Other injury accident,80 km/hr,No,342940,145.95272,-38.03162,Non-Intersection,BAW BAW,EASTERN REGION,2583643.159,2385095.427,1,1,0,0,1,0,1,0,0,0,1,0,0,0,0,0,0,0,0,0,No,0,1,0,1,0,0,RURAL_VICTORIA,RURAL_VICTORIA,BAW BAW,"EASTERN REGION,EASTERN REGION",C,C,Arterial Other,Arterial Other,Undivided,Undiv,Country,2019,1,14,0
3476278,T20190001687,ABS to receive accident,Finished,28/1/2019,16.00.00,No,Collision with vehicle,Monday,RIGHT FAR (INTERSECTIONS ONLY),No,Day,Yes,T intersection,Other injury accident,60 km/hr,No,341619,145.12083,-37.9847,Intersection,KINGSTON,METROPOLITAN SOUTH EAST REGION,2510614.56,2390716.074,2,1,0,0,1,1,1,1,0,0,2,0,0,0,0,0,0,0,0,1,No,0,2,0,2,0,0,MELB_URBAN,MELB_URBAN,KINGSTON,METROPOLITAN SOUTH EAST REGION,,,Local Road,Local Road,Undivided,Undiv,Metro,2019,1,16,0
3476279,T20190001691,ABS to receive accident,Finished,28/1/2019,12.50.00,No,Collision with vehicle,Sunday,REAR END(VEHICLES IN SAME LANE),No,Day,Yes,Not at intersection,Other injury accident,60 km/hr,No,341657,144.97986,-38.32877,Non-Intersection,MORNINGTON PENINSULA,METROPOLITAN SOUTH EAST REGION,2498239.202,2352528.655,9,1,0,0,1,8,0,9,0,7,2,0,0,0,0,0,0,0,0,0,No,0,2,0,2,0,0,MELB_URBAN,MELB_URBAN,MORNINGTON PENINSULA,METROPOLITAN SOUTH EAST REGION,B,B,Arterial Highway,Arterial Highway,Undivided,Undiv,Metro,2019,1,12,0
3476280,T20190001692,ABS to receive accident,Finished,28/1/2019,12.50.00,No,Collision with vehicle,Monday,HEAD ON (NOT OVERTAKING),No,Day,Yes,Not at intersection,Fatal accident,100 km/hr,No,341608,144.21581,-37.89146,Non-Intersection,GOLDEN PLAINS,SOUTH WESTERN REGION,2431024.125,2400787.007,3,3,1,2,0,0,2,1,0,1,2,0,0,0,0,0,0,0,1,0,No,0,2,0,2,0,0,RURAL_VICTORIA,RURAL_VICTORIA,GOLDEN PLAINS,SOUTH WESTERN REGION,,,Local Road,Local Road,Undivided,Undiv,Country,2019,1,12,0
3476281,T20190001694,ABS to receive accident,Finished,28/1/2019,16.58.00,No,Collision with vehicle,Monday,VEHICLE STRIKES ANOTHER VEH WHILE EMERGING FROM DRIVEWAY,No,Day,Yes,Not at intersection,Serious injury accident,60 km/hr,No,341672,145.05391,-37.84606,Non-Intersection,BOROONDARA,METROPOLITAN SOUTH EAST REGION,2504744.399,2406109.487,2,1,0,1,0,1,1,1,0,0,2,0,0,0,0,0,0,0,1,1,No,0,2,0,2,0,0,MELB_URBAN,MELB_URBAN,BOROONDARA,METROPOLITAN SOUTH EAST REGION,,,Arterial Other,Arterial Other,Undivided,Undiv,Metro,2019,1,16,0
3476282,T20190001697,ABS to receive accident,Finished,28/1/2019,16.15.00,Yes,Collision with vehicle,Sunday,CROSS TRAFFIC(INTERSECTIONS ONLY),No,Day,Yes,Cross intersection,Other injury accident,80 km/hr,No,73791,143.78321,-38.39056,Intersection,COLAC OTWAY,SOUTH WESTERN REGION,2393683.546,2344989.191,3,3,0,0,3,0,2,1,0,1,2,0,0,0,0,0,0,0,0,1,No,0,2,0,2,0,0,RURAL_VICTORIA,RURAL_VICTORIA,COLAC OTWAY,SOUTH WESTERN REGION,C,C,Arterial Other,"Arterial Other,Local Road",Undivided,Undiv,Country,2019,1,16,0
3476283,T20190001702,ABS to receive accident,Finished,28/1/2019,19.14.00,Yes,Collision with vehicle,Monday,CROSS TRAFFIC(INTERSECTIONS ONLY),No,Day,Yes,Cross intersection,Serious injury accident,80 km/hr,No,251795,145.18856,-37.9617,Intersection,DANDENONG,METROPOLITAN SOUTH EAST REGION,2516570.14,2393258.682,5,3,0,2,1,2,1,3,0,2,3,0,0,0,0,0,0,0,0,0,No,0,3,0,3,0,0,MELB_URBAN,MELB_URBAN,DANDENONG,METROPOLITAN SOUTH EAST REGION,,,Arterial Highway,Arterial Highway,Divided,"Div,Undiv",Metro,2019,1,19,0
3476284,T20190001703,ABS to receive accident,Finished,28/1/2019,19.20.00,Yes,No collision and no object struck,Monday,OUT OF CONTROL ON CARRIAGEWAY (ON STRAIGHT),No,Day,Yes,Cross intersection,Other injury accident,60 km/hr,No,29947,144.37235,-38.15294,Intersection,GEELONG,SOUTH WESTERN REGION,2444983.887,2371866.565,1,1,0,0,1,0,1,0,0,0,0,0,0,1,0,0,0,0,0,0,No,0,1,0,0,1,0,LARGE_PROVINCIAL_CITIES,LARGE_PROVINCIAL_CITIES,GEELONG,SOUTH WESTERN REGION,C,C,Arterial Other,"Arterial Other,Local Road",Divided,Div,Country,2019,1,19,0
3476285,T20190001704,ABS to receive accident,Finished,28/1/2019,15.44.00,No,Collision with vehicle,Monday,RIGHT THROUGH,No,Day,Yes,Cross intersection,Serious injury accident,70 km/hr,No,40223,145.01943,-37.86288,Intersection,GLEN EIRA,METROPOLITAN SOUTH EAST REGION,2501709.915,2404243.54,3,2,0,1,1,1,1,2,0,1,2,0,0,0,0,0,0,0,1,0,No,0,2,0,2,0,0,MELB_URBAN,MELB_URBAN,GLEN EIRA,METROPOLITAN SOUTH EAST REGION,,,Arterial Highway,"Arterial Highway,Local Road",Divided,"Div,Undiv",Metro,2019,1,15,0
3476286,T20190001707,ABS to receive accident,Finished,28/1/2019,21.20.00,Yes,Collision with a fixed object,Sunday,LEFT OFF CARRIAGEWAY INTO OBJECT/PARKED VEHICLE,No,Dark No street lights,Yes,Not at intersection,Serious injury accident,100 km/hr,Yes,342206,142.86775,-37.29177,Non-Intersection,ARARAT,WESTERN REGION,2310974.347,2465506.891,2,2,0,2,0,0,1,1,0,1,1,0,0,0,0,0,0,0,0,1,No,0,1,0,1,0,0,RURAL_VICTORIA,RURAL_VICTORIA,ARARAT,WESTERN REGION,,,Local Road,Local Road,Undivided,Undiv,Country,2019,1,21,0
3476287,T20190001709,ABS to receive accident,Finished,28/1/2019,23.00.00,Yes,Collision with vehicle,Sunday,CROSS TRAFFIC(INTERSECTIONS ONLY),No,Dark Street lights on,Yes,Cross intersection,Other injury accident,80 km/hr,No,341668,145.13104,-38.0281,Intersection,KINGSTON,METROPOLITAN SOUTH EAST REGION,2511505.663,2385896.829,5,5,0,0,5,0,3,2,0,3,2,0,0,0,0,0,0,0,0,0,No,0,2,0,2,0,0,MELB_URBAN,MELB_URBAN,KINGSTON,METROPOLITAN SOUTH EAST REGION,,,Arterial Other,Arterial Other,Divided,Div,Metro,2019,1,23,0
3476288,T20190002335,ABS to receive accident,Finished,6/2/2019,17.40.00,No,Collision with vehicle,Wednesday,REAR END(VEHICLES IN SAME LANE),No,Dusk/Dawn,Yes,T intersection,Other injury accident,70 km/hr,No,45906,144.70092,-37.88441,Intersection,WYNDHAM,METROPOLITAN NORTH WEST REGION,2473691.057,2401812.202,3,1,0,0,1,2,2,1,0,0,3,0,0,0,0,0,0,0,0,0,No,0,3,1,2,0,0,MELB_URBAN,MELB_URBAN,WYNDHAM,METROPOLITAN NORTH WEST REGION,C,C,Arterial Other,"Arterial Other,Local Road",Divided,Div,Metro,2019,2,17,0
3476290,T20190002340,ABS to receive accident,Finished,7/2/2019,10.00.00,No,Collision with a fixed object,Thursday,OFF RIGHT BEND INTO OBJECT/PARKED VEHICLE,No,Day,Yes,Not at intersection,Other injury accident,60 km/hr,Yes,342024,145.19087,-37.95997,Non-Intersection,DANDENONG,METROPOLITAN SOUTH EAST REGION,2516773.912,2393450.486,1,1,0,0,1,0,0,1,0,0,1,0,0,0,0,0,0,0,0,0,No,0,1,0,1,0,0,MELB_URBAN,MELB_URBAN,DANDENONG,METROPOLITAN SOUTH EAST REGION,,,Arterial Other,Arterial Other,Undivided,Undiv,Metro,2019,2,10,0
3476291,T20190002342,ABS to receive accident,Finished,7/2/2019,11.14.00,No,Collision with vehicle,Thursday,LEFT THROUGH,No,Day,Yes,Not at intersection,Other injury accident,70 km/hr,No,342030,144.31779,-38.19722,Non-Intersection,GEELONG,SOUTH WESTERN REGION,2440237.631,2366918.452,3,1,0,0,1,2,1,2,0,1,2,0,0,0,0,0,0,0,0,1,No,0,2,0,2,0,0,LARGE_PROVINCIAL_CITIES,LARGE_PROVINCIAL_CITIES,GEELONG,SOUTH WESTERN REGION,A,A,Arterial Highway,Arterial Highway,Divided,Div,Country,2019,2,11,0
3476292,T20190002343,ABS to receive accident,Finished,7/2/2019,07.30.00,No,Collision with vehicle,Wednesday,REAR END(VEHICLES IN SAME LANE),Yes,Day,No,Not at intersection,Other injury accident,60 km/hr,No,343476,144.94752,-37.82797,Non-Intersection,PORT PHILLIP,METROPOLITAN NORTH WEST REGION,2495379.703,2408116.766,2,1,0,0,1,1,2,0,1,0,1,0,0,0,0,0,0,0,0,0,No,0,2,0,1,0,0,MELB_URBAN,MELB_URBAN,PORT PHILLIP,METROPOLITAN NORTH WEST REGION,,,Arterial Other,Arterial Other,Undivided,Undiv,Metro,2019,2,07,0
3476293,T20190002345,ABS to receive accident,Finished,5/2/2019,07.00.00,No,Collision with vehicle,Tuesday,REAR END(VEHICLES IN SAME LANE),No,Day,No,Cross intersection,Other injury accident,80 km/hr,No,57561,145.00646,-37.89984,Intersection,GLEN EIRA,METROPOLITAN SOUTH EAST REGION,2500568.042,2400141.666,2,1,0,0,1,1,2,0,1,0,0,0,0,1,0,0,0,0,0,0,No,0,2,0,0,1,0,MELB_URBAN,MELB_URBAN,"GLEN EIRA,BAYSIDE",METROPOLITAN SOUTH EAST REGION,,,Arterial Highway,Arterial Highway,Divided,Div,Metro,2019,2,07,0
3476294,T20190002349,ABS to receive accident,Finished,7/2/2019,08.15.00,No,Collision with vehicle,Thursday,RIGHT THROUGH,No,Day,Yes,Cross intersection,Serious injury accident,80 km/hr,No,32015,145.15201,-37.85252,Intersection,WHITEHORSE,METROPOLITAN SOUTH EAST REGION,2513377.746,2405383.113,2,1,0,1,0,1,2,0,0,0,2,0,0,0,0,0,0,0,0,0,No,0,2,0,2,0,0,MELB_URBAN,MELB_URBAN,WHITEHORSE,METROPOLITAN SOUTH EAST REGION,,,Arterial Highway,"Arterial Highway,Arterial Other",Divided,Div,Metro,2019,2,08,0
3476295,T20190002351,ABS to receive accident,Finished,7/2/2019,10.18.00,No,Collision with vehicle,Thursday,RIGHT THROUGH,No,Day,Yes,Not at intersection,Other injury accident,70 km/hr,No,342388,145.04653,-37.7248,Intersection,DAREBIN,METROPOLITAN NORTH WEST REGION,2504101.498,2419568.096,2,2,0,0,2,0,0,2,0,0,2,0,0,0,0,0,0,0,0,0,No,0,2,0,2,0,0,MELB_URBAN,MELB_URBAN,DAREBIN,METROPOLITAN NORTH WEST REGION,,,Arterial Other,"Arterial Other,Local Road",Undivided,Undiv,Metro,2019,2,10,0
3476296,T20190002352,ABS to receive accident,Finished,4/2/2019,14.00.00,No,Fall from or in moving vehicle,Monday,OUT OF CONTROL ON CARRIAGEWAY (ON BEND),No,Day,No,Not at intersection,Other injury accident,Not known,No,342317,146.47809,-36.74293,Non-Intersection,WANGARATTA,NORTH EASTERN REGION,2631985.142,2527499.09,1,1,0,0,1,0,1,0,0,0,0,0,0,1,0,0,0,0,0,0,No,0,1,0,0,1,0,RURAL_VICTORIA,RURAL_VICTORIA,WANGARATTA,NORTH EASTERN REGION,,,Local Road,Local Road,Undivided,Undiv,Country,2019,2,14,0
3476297,T20190002357,ABS to receive accident,Finished,7/2/2019,09.18.00,No,Collision with vehicle,Wednesday,REAR END(VEHICLES IN SAME LANE),No,Day,Yes,Not at intersection,Other injury accident,80 km/hr,No,342266,144.82142,-37.82508,Non-Intersection,WYNDHAM,METROPOLITAN NORTH WEST REGION,2484278.242,2408424.221,2,2,0,0,2,0,1,1,0,0,2,0,0,0,0,0,0,0,0,0,No,0,2,0,2,0,0,MELB_URBAN,MELB_URBAN,WYNDHAM,METROPOLITAN NORTH WEST REGION,M,M,Freeway,Freeway,Divided,Div,Metro,2019,2,09,0
3476298,T20190002360,ABS to receive accident,Finished,7/2/2019,10.00.00,No,Collision with vehicle,Thursday,REAR END(VEHICLES IN SAME LANE),No,Day,Yes,Cross intersection,Other injury accident,50 km/hr,No,65743,144.96136,-37.81032,Intersection,MELBOURNE,METROPOLITAN NORTH WEST REGION,2496597.504,2410076.771,2,1,0,0,1,1,1,1,0,0,1,0,0,1,0,0,0,0,0,0,No,0,2,0,1,1,0,MELBOURNE_CBD,"MELBOURNE_CBD,MELB_URBAN",MELBOURNE,METROPOLITAN NORTH WEST REGION,,,Local Road,Local Road,Undivided,Undiv,Metro,2019,2,10,0
3476299,T20190002364,ABS to receive accident,Finished,6/2/2019,21.15.00,Yes,collision with some other object,Wednesday,STRUCK OBJECT ON CARRIAGEWAY,No,Dark No street lights,No,Not at intersection,Other injury accident,100 km/hr,No,342137,145.99523,-36.88755,Non-Intersection,MANSFIELD,NORTH EASTERN REGION,2588702.362,2512013.649,1,1,0,0,1,0,1,0,0,0,0,0,0,1,0,0,0,0,0,0,No,0,1,0,0,1,0,RURAL_VICTORIA,RURAL_VICTORIA,MANSFIELD,NORTH EASTERN REGION,B,B,Arterial Highway,Arterial Highway,Undivided,Undiv,Country,2019,2,21,0
3476300,T20190002365,ABS to receive accident,Finished,7/2/2019,15.25.00,No,Collision with vehicle,Thursday,VEHICLE STRIKES ANOTHER VEH WHILE EMERGING FROM DRIVEWAY,No,Day,No,Not at intersection,Other injury accident,60 km/hr,No,342093,145.53593,-37.94159,Non-Intersection,CARDINIA,METROPOLITAN SOUTH EAST REGION,2547107.895,2395375.3,2,1,0,0,1,1,1,1,0,0,2,0,0,0,0,0,0,0,0,1,No,0,2,0,2,0,0,RURAL_VICTORIA,RURAL_VICTORIA,CARDINIA,METROPOLITAN SOUTH EAST REGION,,,Local Road,Local Road,Undivided,Undiv,Metro,2019,2,15,0
3476301,T20190002889,ABS to receive accident,Finished,14/2/2019,08.13.00,No,Struck Pedestrian,Thursday,PED NEAR SIDE. PED HIT BY VEHICLE FROM THE RIGHT.,No,Day,Yes,Cross intersection,Other injury accident,50 km/hr,No,995,144.72768,-37.58202,Intersection,HUME,METROPOLITAN NORTH WEST REGION,2475948.592,2435380.449,2,1,0,0,1,1,0,2,0,0,1,1,0,0,0,0,1,0,0,0,No,0,1,0,1,0,0,SMALL_CITIES,SMALL_CITIES,HUME,METROPOLITAN NORTH WEST REGION,,,Local Road,Local Road,Divided,"Div,Undiv",Metro,2019,2,08,0
3476302,T20190002893,ABS to receive accident,Finished,15/1/2019,11.15.00,No,Collision with vehicle,Monday,REAR END(VEHICLES IN SAME LANE),No,Day,No,Not at intersection,Other injury accident,50 km/hr,No,343103,145.1905,-38.30855,Non-Intersection,MORNINGTON PENINSULA,METROPOLITAN SOUTH EAST REGION,2516663.199,2354756.457,2,1,0,0,1,1,0,2,0,0,2,0,0,0,0,0,0,0,0,0,No,0,2,0,2,0,0,MELB_URBAN,MELB_URBAN,MORNINGTON PENINSULA,METROPOLITAN SOUTH EAST REGION,,,Local Road,Local Road,Undivided,Undiv,Metro,2019,1,11,0
3476303,T20190002896,ABS to receive accident,Finished,15/2/2019,08.15.00,No,Collision with vehicle,Thursday,VEHICLE STRIKES ANOTHER VEH WHILE EMERGING FROM DRIVEWAY,No,Day,Yes,Not at intersection,Other injury accident,Not known,No,343274,146.8908,-36.12825,Non-Intersection,WODONGA,NORTH EASTERN REGION,2670187.981,2595036.583,2,1,0,0,1,1,1,1,1,0,1,0,0,0,0,0,1,0,0,0,No,0,2,0,1,0,0,SMALL_CITIES,SMALL_CITIES,WODONGA,NORTH EASTERN REGION,,,Local Road,Local Road,Undivided,Undiv,Country,2019,2,08,0
3476304,T20190002904,ABS to receive accident,Finished,12/2/2019,11.55.00,No,Collision with vehicle,Tuesday,RIGHT THROUGH,No,Day,Yes,Not at intersection,Serious injury accident,60 km/hr,No,342501,144.50281,-36.78733,Non-Intersection,BENDIGO,NORTHERN REGION,2455628.173,2523482.07,3,2,0,1,1,1,1,2,0,1,2,0,0,0,0,0,0,0,0,1,No,0,2,0,2,0,0,SMALL_TOWNS,SMALL_TOWNS,BENDIGO,NORTHERN REGION,B,B,Arterial Highway,Arterial Highway,Undivided,Undiv,Country,2019,2,11,0
3476305,T20190002907,ABS to receive accident,Finished,15/2/2019,04.00.00,Yes,Collision with a fixed object,Friday,RIGHT OFF CARRIAGEWAY INTO OBJECT/PARKED VEHICLE,No,Dark No street lights,No,Not at intersection,Other injury accident,100 km/hr,Yes,342794,146.38456,-37.9562,Non-Intersection,BAW BAW,EASTERN REGION,2621675.561,2393001.366,1,1,0,0,1,0,1,0,0,0,1,0,0,0,0,0,0,0,0,1,No,0,1,0,0,0,0,RURAL_VICTORIA,RURAL_VICTORIA,BAW BAW,"EASTERN REGION,EASTERN REGION",C,C,Arterial Other,Arterial Other,Undivided,Undiv,Country,2019,2,04,0