OBJECTID,ACCIDENT_NO,ABS_CODE,ACCIDENT_STATUS,ACCIDENT_DATE,ACCIDENT_TIME,ALCOHOLTIME,ACCIDENT_TYPE,DAY_OF_WEEK,DCA_CODE,HIT_RUN_FLAG,LIGHT_CONDITION,POLICE_ATTEND,ROAD_GEOMETRY,SEVERITY,SPEED_ZONE,RUN_OFFROAD,NODE_ID,LONGITUDE,LATITUDE,NODE_TYPE,LGA_NAME,REGION_NAME,VICGRID_X,VICGRID_Y,TOTAL_PERSONS,INJ_OR_FATAL,FATALITY,SERIOUSINJURY,OTHERINJURY,NONINJURED,MALES,FEMALES,BICYCLIST,PASSENGER,DRIVER,PEDESTRIAN,PILLION,MOTORIST,UNKNOWN,PED_CYCLIST_5_12,PED_CYCLIST_13_18,OLD_PEDESTRIAN,OLD_DRIVER,YOUNG_DRIVER,ALCOHOL_RELATED,UNLICENCSED,NO_OF_VEHICLES,HEAVYVEHICLE,PASSENGERVEHICLE,MOTORCYCLE,PUBLICVEHICLE,DEG_URBAN_NAME,DEG_URBAN_ALL,LGA_NAME_ALL,REGION_NAME_ALL,SRNS,SRNS_ALL,RMA,RMA_ALL,DIVIDED,DIVIDED_ALL,STAT_DIV_NAME,Year,Month,Hour,ALCOHOL_RELATED
3476306,T20190002908,ABS to receive accident,Finished,14/2/2019,14.45.00,No,Struck Pedestrian,Wednesday,ANY MANOEUVRE INVOLVING PED NOT INCLUDED IN DCAs 100-108.,Yes,Day,No,Not at intersection,Other injury accident,Camping grounds or off road,No,342745,145.71014,-37.19285,Non-Intersection,MURRINDINDI,NORTH EASTERN REGION,2563040.921,2478365.573,2,1,0,0,1,1,0,1,0,0,0,1,0,0,1,0,0,0,0,0,No,0,1,0,0,0,0,TOWNS,TOWNS,"MURRINDINDI,MURRINDINDI",NORTH EASTERN REGION,,,Local Road,Local Road,Divided,Div,Country,2019,2,14,0
3476307,T20190002915,ABS to receive accident,Finished,14/2/2019,18.35.00,Yes,Collision with vehicle,Thursday,VEHICLE COLLIDES WITH VEHICLE PARKED ON LEFT OF ROAD,No,Dusk/Dawn,Yes,Not at intersection,Other injury accident,60 km/hr,No,342920,143.8898,-37.5705,Non-Intersection,BALLARAT,WESTERN REGION,2401935.054,2436120.924,2,1,0,0,1,1,1,1,0,0,1,0,0,0,1,0,0,0,1,0,No,0,2,0,2,0,0,LARGE_PROVINCIAL_CITIES,LARGE_PROVINCIAL_CITIES,BALLARAT,WESTERN REGION,,,Local Road,Local Road,Undivided,Undiv,Country,2019,2,18,0
3476309,T20190002922,ABS to receive accident,Finished,15/2/2019,10.31.00,No,Collision with vehicle,Friday,REAR END(VEHICLES IN SAME LANE),No,Day,Yes,Not at intersection,Serious injury accident,50 km/hr,No,342361,144.36672,-38.15273,Non-Intersection,GEELONG,SOUTH WESTERN REGION,2444490.561,2371886.723,3,1,0,1,0,2,1,2,0,0,3,0,0,0,0,0,0,0,0,1,No,0,3,0,3,0,0,LARGE_PROVINCIAL_CITIES,LARGE_PROVINCIAL_CITIES,GEELONG,SOUTH WESTERN REGION,,,Local Road,Local Road,Undivided,Undiv,Country,2019,2,10,0
3476310,T20190002926,ABS to receive accident,Finished,15/2/2019,07.40.00,No,Collision with vehicle,Friday,REAR END(VEHICLES IN SAME LANE),No,Day,Yes,Not at intersection,Other injury accident,60 km/hr,No,342379,145.02632,-37.63821,Non-Intersection,WHITTLESEA,METROPOLITAN NORTH WEST REGION,2502322.556,2429178.193,3,2,0,0,2,1,2,1,0,0,3,0,0,0,0,0,0,0,0,1,No,0,3,0,2,0,0,MELB_URBAN,MELB_URBAN,WHITTLESEA,METROPOLITAN NORTH WEST REGION,C,C,Arterial Other,Arterial Other,Undivided,Undiv,Metro,2019,2,07,0
3476311,T20190002933,ABS to receive accident,Finished,15/2/2019,14.05.00,No,Collision with vehicle,Friday,REAR END(VEHICLES IN SAME LANE),No,Day,Yes,Not at intersection,Other injury accident,80 km/hr,No,342474,145.05624,-37.85364,Non-Intersection,STONNINGTON,METROPOLITAN SOUTH EAST REGION,2504948.912,2405267.324,2,1,0,0,1,1,2,0,0,0,2,0,0,0,0,0,0,0,0,1,No,0,2,0,1,0,0,MELB_URBAN,MELB_URBAN,STONNINGTON,METROPOLITAN SOUTH EAST REGION,M,M,Freeway,Freeway,Divided,Div,Metro,2019,2,14,0
3476312,T20190002934,ABS to receive accident,Finished,15/2/2019,09.10.00,No,Collision with vehicle,Thursday,REAR END(VEHICLES IN SAME LANE),No,Day,Yes,Not at intersection,Other injury accident,60 km/hr,No,343026,144.68868,-37.84573,Non-Intersection,WYNDHAM,METROPOLITAN NORTH WEST REGION,2472600.027,2406101.829,3,1,0,0,1,2,1,2,0,0,3,0,0,0,0,0,0,0,0,1,No,0,3,0,3,0,0,MELB_URBAN,MELB_URBAN,WYNDHAM,METROPOLITAN NORTH WEST REGION,C,C,Arterial Other,Arterial Other,Undivided,Undiv,Metro,2019,2,09,0
3476314,T20190001160,ABS to receive accident,Finished,20/1/2019,11.44.00,No,Collision with a fixed object,,OUT OF CONTROL (OVERTAKING),No,Day,Yes,Not at intersection,Other injury accident,50 km/hr,Yes,341525,144.97075,-37.79751,Non-Intersection,MELBOURNE,METROPOLITAN NORTH WEST REGION,2497423.628,2411498.516,2,1,0,0,1,1,1,1,0,1,1,0,0,0,0,0,0,0,0,1,No,0,1,0,1,0,0,MELB_URBAN,MELB_URBAN,MELBOURNE,METROPOLITAN NORTH WEST REGION,,,Local Road,Local Road,Divided,Div,Metro,2019,1,11,0
3476315,T20190001162,ABS to receive accident,Finished,20/1/2019,09.14.00,No,Collision with vehicle,,REAR END(VEHICLES IN SAME LANE),No,Day,Yes,Not at intersection,Other injury accident,60 km/hr,No,341536,144.70123,-37.8797,Non-Intersection,WYNDHAM,METROPOLITAN NORTH WEST REGION,2473716.644,2402335.956,4,2,0,0,2,2,2,2,0,1,3,0,0,0,0,0,0,0,0,2,No,0,3,0,3,0,0,MELB_URBAN,MELB_URBAN,WYNDHAM,METROPOLITAN NORTH WEST REGION,,,Local Road,Local Road,Undivided,Undiv,Metro,2019,1,09,0
3476316,T20190001163,ABS to receive accident,Finished,20/1/2019,08.49.00,Yes,Struck Pedestrian,Sunday,PED WALKING WITH TRAFFIC,No,Day,Yes,T intersection,Serious injury accident,80 km/hr,No,73752,144.81739,-38.38939,Intersection,MORNINGTON PENINSULA,METROPOLITAN SOUTH EAST REGION,2484043.483,2345783.097,2,1,0,1,0,1,1,1,0,0,1,1,0,0,0,0,0,0,0,1,No,0,1,0,1,0,0,MELB_URBAN,"RURAL_VICTORIA,MELB_URBAN",MORNINGTON PENINSULA,METROPOLITAN SOUTH EAST REGION,,,Local Road,Local Road,Undivided,Undiv,Metro,2019,1,08,0
3476317,T20190001164,ABS to receive accident,Finished,20/1/2019,09.30.00,Yes,Collision with vehicle,Sunday,CROSS TRAFFIC(INTERSECTIONS ONLY),No,Day,Yes,Cross intersection,Other injury accident,100 km/hr,No,43872,145.22825,-38.134,Intersection,CASEY,METROPOLITAN SOUTH EAST REGION,2520011.655,2374125.877,7,2,0,0,2,5,3,3,0,5,2,0,0,0,0,0,0,0,0,0,No,0,2,0,2,0,0,MELB_URBAN,MELB_URBAN,"FRANKSTON,CASEY",METROPOLITAN SOUTH EAST REGION,M,"M,A",Arterial Highway,"Arterial Highway,Arterial Other",Divided,Div,Metro,2019,1,09,0
3476318,T20190001165,ABS to receive accident,Finished,19/1/2019,10.00.00,No,Vehicle overturned (no collision),Friday,OFF CARRIAGEWAY ON RIGHT BEND,No,Day,No,Not at intersection,Other injury accident,100 km/hr,Yes,342740,145.93511,-36.73887,Non-Intersection,BENALLA,NORTH EASTERN REGION,2583506.68,2528564.968,1,1,0,0,1,0,1,0,0,0,0,0,0,1,0,0,0,0,0,0,No,0,1,0,0,1,0,RURAL_VICTORIA,RURAL_VICTORIA,BENALLA,NORTH EASTERN REGION,,,Local Road,Local Road,Undivided,Undiv,Country,2019,1,10,0
3476319,T20190001167,ABS to receive accident,Finished,20/1/2019,12.28.00,No,Struck Pedestrian,,FAR SIDE. PED HIT BY VEHICLE FROM THE LEFT,No,Day,Yes,Not at intersection,Other injury accident,60 km/hr,No,341534,144.68144,-37.87747,Non-Intersection,WYNDHAM,METROPOLITAN NORTH WEST REGION,2471974.904,2402576.791,2,1,0,0,1,1,0,2,0,0,1,1,0,0,0,1,0,0,0,0,No,0,1,0,1,0,0,MELB_URBAN,MELB_URBAN,WYNDHAM,METROPOLITAN NORTH WEST REGION,C,C,Arterial Other,Arterial Other,Divided,Div,Metro,2019,1,12,0
3476320,T20190001170,ABS to receive accident,Finished,15/1/2019,18.20.00,Yes,Collision with vehicle,Monday,VEHICLE COLLIDES WITH VEHICLE PARKED ON LEFT OF ROAD,Yes,Day,Yes,Not at intersection,Serious injury accident,50 km/hr,No,343311,145.06285,-37.82271,Non-Intersection,BOROONDARA,METROPOLITAN SOUTH EAST REGION,2505532.99,2408699.986,1,1,0,1,0,0,1,0,0,0,1,0,0,0,0,0,0,0,0,0,No,0,4,0,4,0,0,MELB_URBAN,MELB_URBAN,BOROONDARA,METROPOLITAN SOUTH EAST REGION,,,Local Road,Local Road,Undivided,Undiv,Metro,2019,1,18,0
3476321,T20190001172,ABS to receive accident,Finished,20/1/2019,15.40.00,No,Collision with vehicle,Sunday,LANE CHANGE RIGHT (NOT OVERTAKING),Yes,Day,Yes,Not at intersection,Other injury accident,100 km/hr,No,341535,144.79721,-37.83913,Non-Intersection,HOBSONS BAY,METROPOLITAN NORTH WEST REGION,2482150.077,2406860.301,2,1,0,0,1,1,1,1,0,0,2,0,0,0,0,0,0,0,0,0,No,0,2,0,2,0,0,MELB_URBAN,MELB_URBAN,HOBSONS BAY,METROPOLITAN NORTH WEST REGION,M,M,Freeway,Freeway,Divided,Div,Metro,2019,1,15,0
3476322,T20190001173,ABS to receive accident,Finished,20/1/2019,15.41.00,No,Collision with vehicle,Sunday,HEAD ON (NOT OVERTAKING),No,Day,No,Not at intersection,Serious injury accident,100 km/hr,No,341890,145.56386,-37.91998,Non-Intersection,CARDINIA,METROPOLITAN SOUTH EAST REGION,2549577.443,2397758.894,2,1,0,1,0,1,1,1,0,0,1,0,0,1,0,0,0,0,0,0,No,0,2,0,1,1,0,RURAL_VICTORIA,RURAL_VICTORIA,CARDINIA,METROPOLITAN SOUTH EAST REGION,C,C,Arterial Other,Arterial Other,Undivided,Undiv,Metro,2019,1,15,0
3476323,T20190001177,ABS to receive accident,Finished,20/1/2019,14.00.00,No,Struck Pedestrian,,PED NEAR SIDE. PED HIT BY VEHICLE FROM THE RIGHT.,No,Day,No,Cross intersection,Other injury accident,60 km/hr,No,10596,144.91614,-37.70628,Intersection,MORELAND,METROPOLITAN NORTH WEST REGION,2492605.757,2421621.049,2,1,0,0,1,1,0,2,0,0,1,1,0,0,0,0,0,1,0,1,No,0,1,0,1,0,0,MELB_URBAN,MELB_URBAN,MORELAND,METROPOLITAN NORTH WEST REGION,,,Arterial Other,"Arterial Other,Local Road",Undivided,Undiv,Metro,2019,1,14,0
3476324,T20190001178,ABS to receive accident,Finished,20/1/2019,15.45.00,No,Collision with vehicle,Sunday,HEAD ON (NOT OVERTAKING),No,Day,Yes,Not at intersection,Other injury accident,80 km/hr,No,341930,145.34161,-37.96345,Non-Intersection,YARRA RANGES,METROPOLITAN SOUTH EAST REGION,2530018.801,2393027.022,7,2,0,0,2,5,4,3,0,3,4,0,0,0,0,0,0,0,1,0,No,0,4,0,4,0,0,RURAL_VICTORIA,RURAL_VICTORIA,YARRA RANGES,METROPOLITAN SOUTH EAST REGION,C,C,Arterial Other,Arterial Other,Undivided,Undiv,Metro,2019,1,15,0
3476325,T20190001180,ABS to receive accident,Finished,20/1/2019,16.48.00,No,Collision with vehicle,,OTHER ACCIDENTS ON CURVE NOT INCLUDED IN DCAs 180-184,No,Day,Yes,Not at intersection,Serious injury accident,100 km/hr,No,342981,147.48859,-37.78089,Non-Intersection,EAST GIPPSLAND,EASTERN REGION,2719189.82,2410478.461,2,1,0,1,0,1,1,1,0,0,1,0,0,1,0,0,0,0,0,0,No,0,2,0,1,1,0,RURAL_VICTORIA,RURAL_VICTORIA,EAST GIPPSLAND,"EASTERN REGION,EASTERN REGION",,,Local Road,Local Road,Undivided,Undiv,Country,2019,1,16,0
3476326,T20190001182,ABS to receive accident,Finished,20/1/2019,15.55.00,No,Struck Pedestrian,Sunday,FAR SIDE. PED HIT BY VEHICLE FROM THE LEFT,No,Day,Yes,T intersection,Serious injury accident,80 km/hr,No,43549,145.18457,-38.1542,Intersection,FRANKSTON,METROPOLITAN SOUTH EAST REGION,2516177.996,2371892.294,3,1,0,1,0,2,1,2,0,1,1,1,0,0,0,0,1,0,0,0,No,0,1,0,1,0,0,MELB_URBAN,MELB_URBAN,FRANKSTON,METROPOLITAN SOUTH EAST REGION,,,Arterial Other,"Arterial Other,Local Road",Divided,"Div,Undiv",Metro,2019,1,15,0
3476327,T20190001716,ABS to receive accident,Finished,28/1/2019,13.10.00,No,Collision with vehicle,Sunday,REAR END(VEHICLES IN SAME LANE),No,Day,Yes,Not at intersection,Other injury accident,60 km/hr,No,342844,145.23537,-37.7462,Non-Intersection,MANNINGHAM,METROPOLITAN SOUTH EAST REGION,2520742.682,2417168.276,5,1,0,0,1,4,2,3,0,2,3,0,0,0,0,0,0,0,0,1,No,0,3,1,2,0,0,MELB_URBAN,MELB_URBAN,MANNINGHAM,METROPOLITAN SOUTH EAST REGION,,,Arterial Other,Arterial Other,Undivided,Undiv,Metro,2019,1,13,0
3476328,T20190001718,ABS to receive accident,Finished,29/1/2019,08.06.00,No,Collision with vehicle,Tuesday,LANE CHANGE LEFT (NOT OVERTAKING),No,Day,Yes,T intersection,Serious injury accident,80 km/hr,No,56572,145.05803,-37.92553,Intersection,GLEN EIRA,METROPOLITAN SOUTH EAST REGION,2505101.823,2397288.796,2,1,0,1,0,1,1,1,0,0,1,0,0,1,0,0,0,0,0,0,No,0,2,0,1,1,0,MELB_URBAN,MELB_URBAN,GLEN EIRA,METROPOLITAN SOUTH EAST REGION,,,Arterial Other,"Arterial Other,Local Road",Divided,"Div,Undiv",Metro,2019,1,08,0
3476329,T20190001719,ABS to receive accident,Finished,29/1/2019,09.45.00,No,Struck Pedestrian,Monday,FAR SIDE. PED HIT BY VEHICLE FROM THE LEFT,No,Day,Yes,Not at intersection,Other injury accident,30km/hr,No,341733,145.98389,-36.55019,Off Road,BENALLA,NORTH EASTERN REGION,2588078.552,2549454.27,2,2,0,0,2,0,1,1,0,0,1,1,0,0,0,0,0,1,0,0,No,0,1,0,1,0,0,TOWNS,TOWNS,BENALLA,NORTH EASTERN REGION,,,,,,,Country,2019,1,09,0
3476330,T20190001725,ABS to receive accident,Finished,29/1/2019,09.25.00,No,Collision with vehicle,Tuesday,LEFT FAR (INTERSECTIONS ONLY),No,Day,Yes,T intersection,Other injury accident,50 km/hr,No,341759,145.14006,-37.87031,Intersection,MONASH,METROPOLITAN SOUTH EAST REGION,2512323.015,2403409.606,2,1,0,0,1,1,1,1,0,0,2,0,0,0,0,0,0,0,1,1,No,0,2,0,2,0,0,MELB_URBAN,MELB_URBAN,MONASH,METROPOLITAN SOUTH EAST REGION,,,Local Road,Local Road,Undivided,Undiv,Metro,2019,1,09,0
3476331,T20190001731,ABS to receive accident,Finished,28/1/2019,11.00.00,No,No collision and no object struck,Monday,OFF CARRIAGEWAY ON RIGHT BEND,No,Day,No,Not at intersection,Other injury accident,Not known,Yes,341846,145.5417,-38.45652,Non-Intersection,BASS COAST,EASTERN REGION,2547290.55,2338211.26,1,1,0,0,1,0,1,0,0,0,0,0,0,1,0,0,0,0,0,0,No,0,1,0,0,1,0,RURAL_VICTORIA,RURAL_VICTORIA,BASS COAST,"EASTERN REGION,EASTERN REGION",,,Local Road,Local Road,Undivided,Undiv,Country,2019,1,11,0
3476332,T20190001735,ABS to receive accident,Finished,29/1/2019,10.00.00,No,Collision with vehicle,Monday,HEAD ON (NOT OVERTAKING),No,Day,Yes,Not at intersection,Serious injury accident,60 km/hr,No,342040,144.77649,-37.84658,Non-Intersection,HOBSONS BAY,METROPOLITAN NORTH WEST REGION,2480328.201,2406029.86,3,1,0,1,0,2,1,2,0,1,2,0,0,0,0,0,0,0,0,0,No,0,2,0,2,0,0,MELB_URBAN,MELB_URBAN,"WYNDHAM,HOBSONS BAY",METROPOLITAN NORTH WEST REGION,,,Arterial Other,Arterial Other,Undivided,Undiv,Metro,2019,1,10,0
3476333,T20190001736,ABS to receive accident,Finished,25/1/2019,19.00.00,Yes,Collision with vehicle,Friday,LEFT TURN SIDESWIPE,No,Day,No,T intersection,Other injury accident,60 km/hr,No,60601,144.59016,-37.48172,Intersection,MACEDON RANGES,NORTHERN REGION,2463755.238,2446467.326,2,1,0,0,1,1,1,1,1,0,1,0,0,0,0,0,0,0,0,0,No,0,2,0,1,0,0,TOWNS,TOWNS,MACEDON RANGES,NORTHERN REGION,,,Local Road,Local Road,Undivided,Undiv,Country,2019,1,19,0
3476334,T20190001742,ABS to receive accident,Finished,29/1/2019,14.17.00,No,Collision with vehicle,Tuesday,LEFT THROUGH,No,Day,Yes,T intersection,Other injury accident,40 km/hr,No,70649,145.21429,-37.9871,Intersection,DANDENONG,METROPOLITAN SOUTH EAST REGION,2518824.802,2390435.368,6,1,0,0,1,5,5,1,0,3,3,0,0,0,0,0,0,0,0,0,No,0,3,0,2,0,1,MELB_URBAN,MELB_URBAN,DANDENONG,METROPOLITAN SOUTH EAST REGION,,,Arterial Highway,"Arterial Highway,Local Road",Divided,"Div,Undiv",Metro,2019,1,14,0
3476335,T20190001744,ABS to receive accident,Finished,28/1/2019,20.00.00,Yes,Vehicle overturned (no collision),Monday,OFF CARRIAGEWAY ON RIGHT BEND,No,Dusk/Dawn,Yes,Not at intersection,Other injury accident,80 km/hr,Yes,341971,143.71004,-38.70607,Non-Intersection,COLAC OTWAY,SOUTH WESTERN REGION,2387765.157,2309877.539,1,1,0,0,1,0,1,0,0,0,0,0,0,1,0,0,0,0,0,0,No,0,1,0,0,1,0,RURAL_VICTORIA,RURAL_VICTORIA,COLAC OTWAY,SOUTH WESTERN REGION,C,C,Arterial Other,Arterial Other,Undivided,Undiv,Country,2019,1,20,0
3476336,T20190001745,ABS to receive accident,Finished,22/1/2019,18.30.00,Yes,Collision with vehicle,Tuesday,REAR END(VEHICLES IN SAME LANE),No,Day,No,T intersection,Other injury accident,60 km/hr,No,341834,145.0825,-37.76159,Intersection,MANNINGHAM,METROPOLITAN SOUTH EAST REGION,2507268.868,2415482.224,2,1,0,0,1,1,1,1,0,0,2,0,0,0,0,0,0,0,0,0,No,0,2,0,2,0,0,MELB_URBAN,MELB_URBAN,MANNINGHAM,METROPOLITAN SOUTH EAST REGION,,,Arterial Highway,"Arterial Highway,Local Road",Divided,"Div,Undiv",Metro,2019,1,18,0
3476337,T20190001748,ABS to receive accident,Finished,29/1/2019,15.00.00,No,Collision with vehicle,Monday,CROSS TRAFFIC(INTERSECTIONS ONLY),No,Day,Yes,Not at intersection,Other injury accident,50 km/hr,No,341844,145.13525,-37.75258,Non-Intersection,MANNINGHAM,METROPOLITAN SOUTH EAST REGION,2511918.389,2416476.534,2,1,0,0,1,1,1,0,0,0,2,0,0,0,0,0,0,0,0,1,No,0,2,0,2,0,0,MELB_URBAN,MELB_URBAN,MANNINGHAM,METROPOLITAN SOUTH EAST REGION,,,Arterial Other,Arterial Other,Undivided,Undiv,Metro,2019,1,15,0
3476338,T20190001751,ABS to receive accident,Finished,29/1/2019,12.33.00,No,Collision with vehicle,Tuesday,VEHICLE COLLIDES WITH VEHICLE PARKED ON LEFT OF ROAD,No,Day,Yes,Not at intersection,Serious injury accident,60 km/hr,No,341869,144.33826,-38.17924,Non-Intersection,GEELONG,SOUTH WESTERN REGION,2442016.618,2368927.094,2,2,0,2,0,0,1,1,0,1,1,0,0,0,0,0,0,0,1,0,No,0,2,0,2,0,0,LARGE_PROVINCIAL_CITIES,LARGE_PROVINCIAL_CITIES,GEELONG,SOUTH WESTERN REGION,,,Local Road,Local Road,Undivided,Undiv,Country,2019,1,12,0
3476339,T20190001754,ABS to receive accident,Finished,29/1/2019,16.40.00,No,Collision with vehicle,Tuesday,RIGHT REAR.,No,Day,Yes,Not at intersection,Serious injury accident,60 km/hr,No,341685,145.06789,-37.90738,Non-Intersection,GLEN EIRA,METROPOLITAN SOUTH EAST REGION,2505970.372,2399302.387,2,1,0,1,0,1,1,1,0,0,1,0,0,1,0,0,0,0,0,0,No,0,2,0,1,1,0,MELB_URBAN,MELB_URBAN,GLEN EIRA,METROPOLITAN SOUTH EAST REGION,,,Arterial Highway,Arterial Highway,Undivided,Undiv,Metro,2019,1,16,0
3476340,T20190002367,ABS to receive accident,Finished,7/2/2019,15.25.00,No,Collision with vehicle,Thursday,HEAD ON (NOT OVERTAKING),No,Day,Yes,Not at intersection,Serious injury accident,50 km/hr,No,342021,146.52886,-38.19191,Non-Intersection,LATROBE,EASTERN REGION,2633935.784,2366645.845,2,1,0,1,0,1,2,0,1,0,1,0,0,0,0,0,1,0,0,1,No,0,2,0,1,0,0,SMALL_CITIES,SMALL_CITIES,LATROBE,"EASTERN REGION,EASTERN REGION",,,Local Road,Local Road,Undivided,Undiv,Country,2019,2,15,0
3476341,T20190002372,ABS to receive accident,Finished,6/2/2019,21.35.00,Yes,Vehicle overturned (no collision),Tuesday,OUT OF CONTROL (OVERTAKING),No,Dark Street lights on,Yes,Not at intersection,Other injury accident,60 km/hr,Yes,342022,145.03793,-37.80883,Non-Intersection,BOROONDARA,METROPOLITAN SOUTH EAST REGION,2503340.339,2410241.682,1,1,0,0,1,0,0,0,0,0,0,0,0,1,0,0,0,0,0,0,No,0,1,0,0,1,0,MELB_URBAN,MELB_URBAN,BOROONDARA,METROPOLITAN SOUTH EAST REGION,,,Arterial Other,Arterial Other,Undivided,Undiv,Metro,2019,2,21,0
3476342,T20190002373,ABS to receive accident,Finished,7/2/2019,06.20.00,No,Collision with vehicle,Wednesday,RIGHT FAR (INTERSECTIONS ONLY),No,Dusk/Dawn,No,T intersection,Other injury accident,70 km/hr,No,43869,145.20309,-38.1183,Intersection,FRANKSTON,METROPOLITAN SOUTH EAST REGION,2517809.615,2375874.031,2,1,0,0,1,1,1,1,0,0,2,0,0,0,0,0,0,0,0,0,No,0,2,0,2,0,0,MELB_URBAN,MELB_URBAN,FRANKSTON,METROPOLITAN SOUTH EAST REGION,,,Arterial Other,"Arterial Other,Local Road",Undivided,Undiv,Metro,2019,2,06,0
3476343,T20190002375,ABS to receive accident,Finished,7/2/2019,15.56.00,No,Struck Pedestrian,Wednesday,FAR SIDE. PED HIT BY VEHICLE FROM THE LEFT,No,Day,Yes,Cross intersection,Serious injury accident,60 km/hr,No,37636,145.01383,-37.68024,Intersection,WHITTLESEA,METROPOLITAN NORTH WEST REGION,2501220.308,2424513.299,2,1,0,1,0,1,1,1,0,0,1,1,0,0,0,0,1,0,0,0,No,0,1,0,1,0,0,MELB_URBAN,MELB_URBAN,WHITTLESEA,METROPOLITAN NORTH WEST REGION,,,Arterial Other,"Arterial Other,Local Road",Undivided,Undiv,Metro,2019,2,15,0
3476344,T20190002378,ABS to receive accident,Finished,7/2/2019,17.25.00,No,Collision with vehicle,Thursday,RIGHT THROUGH,No,Day,Yes,Not at intersection,Other injury accident,30km/hr,No,342462,144.69472,-37.83611,Off Road,WYNDHAM,METROPOLITAN NORTH WEST REGION,2473128.441,2407171.116,3,1,0,0,1,2,0,2,0,1,2,0,0,0,0,0,0,0,0,0,No,0,2,0,2,0,0,MELB_URBAN,MELB_URBAN,WYNDHAM,METROPOLITAN NORTH WEST REGION,,,,,,,Metro,2019,2,17,0
3476345,T20190002379,ABS to receive accident,Finished,7/2/2019,08.30.00,No,Collision with vehicle,Wednesday,REAR END(VEHICLES IN SAME LANE),No,Day,No,T intersection,Other injury accident,60 km/hr,No,278518,144.72462,-37.83755,Intersection,WYNDHAM,METROPOLITAN NORTH WEST REGION,2475760.869,2407019.36,3,2,0,0,2,1,2,0,0,0,2,0,0,0,1,0,0,0,0,0,No,0,3,0,2,0,0,RURAL_VICTORIA,RURAL_VICTORIA,WYNDHAM,METROPOLITAN NORTH WEST REGION,,,Local Road,Local Road,Undivided,Undiv,Metro,2019,2,08,0
3476346,T20190002381,ABS to receive accident,Finished,7/2/2019,17.30.00,No,Collision with vehicle,Thursday,RIGHT OFF CARRIAGEWAY INTO OBJECT/PARKED VEHICLE,No,Day,Yes,Not at intersection,Serious injury accident,110 km/hr,Yes,342029,144.37336,-37.65838,Non-Intersection,MOORABOOL,WESTERN REGION,2444711.854,2426757.447,4,3,0,3,0,1,1,3,0,2,2,0,0,0,0,0,0,0,0,1,No,0,2,0,2,0,0,RURAL_VICTORIA,RURAL_VICTORIA,MOORABOOL,WESTERN REGION,M,M,Freeway,Freeway,Divided,Div,Country,2019,2,17,0
3476347,T20190002383,ABS to receive accident,Finished,7/2/2019,15.00.00,No,Collision with vehicle,Wednesday,CROSS TRAFFIC(INTERSECTIONS ONLY),No,Day,Yes,Cross intersection,Other injury accident,50 km/hr,No,342142,144.32933,-38.30915,Intersection,SURF COAST,SOUTH WESTERN REGION,2441335.304,2354500.585,2,1,0,0,1,1,1,1,1,0,1,0,0,0,0,1,0,0,0,0,No,0,2,0,1,0,0,SMALL_CITIES,SMALL_CITIES,SURF COAST,SOUTH WESTERN REGION,,,Local Road,Local Road,Undivided,Undiv,Country,2019,2,15,0
3476348,T20190002387,ABS to receive accident,Finished,7/2/2019,18.49.00,Yes,Collision with vehicle,Thursday,REAR END(VEHICLES IN SAME LANE),No,Day,Yes,Not at intersection,Other injury accident,100 km/hr,No,342248,145.15027,-37.89933,Non-Intersection,MONASH,METROPOLITAN SOUTH EAST REGION,2513216.128,2400187.416,3,1,0,0,1,2,3,0,0,0,2,0,0,1,0,0,0,0,0,1,No,0,3,0,2,1,0,MELB_URBAN,MELB_URBAN,MONASH,METROPOLITAN SOUTH EAST REGION,M,M,Freeway,Freeway,Divided,Div,Metro,2019,2,18,0
3476349,T20190002388,ABS to receive accident,Finished,7/2/2019,18.37.00,Yes,Collision with vehicle,Thursday,REAR END(VEHICLES IN SAME LANE),No,Day,No,Cross intersection,Other injury accident,40 km/hr,No,35355,144.96226,-37.81228,Intersection,MELBOURNE,METROPOLITAN NORTH WEST REGION,2496676.714,2409858.735,2,1,0,0,1,1,2,0,1,0,1,0,0,0,0,0,0,0,0,0,No,0,2,0,1,0,0,MELBOURNE_CBD,MELBOURNE_CBD,MELBOURNE,METROPOLITAN NORTH WEST REGION,,,Local Road,Local Road,Divided,"Div,Undiv",Metro,2019,2,18,0
3476350,T20190002393,ABS to receive accident,Finished,29/1/2019,16.30.00,No,Struck Pedestrian,Tuesday,PED NEAR SIDE. PED HIT BY VEHICLE FROM THE RIGHT.,Yes,Day,No,Not at intersection,Other injury accident,60 km/hr,No,342489,145.00019,-37.813,Non-Intersection,YARRA,METROPOLITAN NORTH WEST REGION,2500017.097,2409779.894,2,1,0,0,1,1,0,1,0,0,0,1,0,0,1,0,0,0,0,0,No,0,1,0,0,0,0,MELB_URBAN,MELB_URBAN,YARRA,METROPOLITAN NORTH WEST REGION,,,Arterial Other,Arterial Other,Undivided,Undiv,Metro,2019,1,16,0