OBJECTID,ACCIDENT_NO,ABS_CODE,ACCIDENT_STATUS,ACCIDENT_DATE,ACCIDENT_TIME,ALCOHOLTIME,ACCIDENT_TYPE,DAY_OF_WEEK,DCA_CODE,HIT_RUN_FLAG,LIGHT_CONDITION,POLICE_ATTEND,ROAD_GEOMETRY,SEVERITY,SPEED_ZONE,RUN_OFFROAD,NODE_ID,LONGITUDE,LATITUDE,NODE_TYPE,LGA_NAME,REGION_NAME,VICGRID_X,VICGRID_Y,TOTAL_PERSONS,INJ_OR_FATAL,FATALITY,SERIOUSINJURY,OTHERINJURY,NONINJURED,MALES,FEMALES,BICYCLIST,PASSENGER,DRIVER,PEDESTRIAN,PILLION,MOTORIST,UNKNOWN,PED_CYCLIST_5_12,PED_CYCLIST_13_18,OLD_PEDESTRIAN,OLD_DRIVER,YOUNG_DRIVER,ALCOHOL_RELATED,UNLICENCSED,NO_OF_VEHICLES,HEAVYVEHICLE,PASSENGERVEHICLE,MOTORCYCLE,PUBLICVEHICLE,DEG_URBAN_NAME,DEG_URBAN_ALL,LGA_NAME_ALL,REGION_NAME_ALL,SRNS,SRNS_ALL,RMA,RMA_ALL,DIVIDED,DIVIDED_ALL,STAT_DIV_NAME,Year,Month,Hour,ALCOHOL_RELATED
3476351,T20190002395,ABS to receive accident,Finished,7/2/2019,16.50.00,No,Collision with vehicle,Wednesday,RIGHT THROUGH,No,Day,Yes,T intersection,Other injury accident,70 km/hr,No,239030,144.34201,-38.19699,Intersection,GEELONG,SOUTH WESTERN REGION,2442359.127,2366958.673,2,1,0,0,1,1,1,1,0,0,2,0,0,0,0,0,0,0,0,1,No,0,2,0,2,0,0,LARGE_PROVINCIAL_CITIES,LARGE_PROVINCIAL_CITIES,GEELONG,SOUTH WESTERN REGION,B,B,Arterial Highway,"Arterial Highway,Local Road",Divided,"Div,Undiv",Country,2019,2,16,0
3476352,T20190002396,ABS to receive accident,Finished,7/2/2019,19.45.00,Yes,Struck Pedestrian,Wednesday,PED NEAR SIDE. PED HIT BY VEHICLE FROM THE RIGHT.,No,Day,Yes,Not at intersection,Other injury accident,50 km/hr,No,342327,145.259,-37.99665,Off Road,CASEY,METROPOLITAN SOUTH EAST REGION,2522749.714,2389364.671,2,1,0,0,1,1,2,0,0,0,1,1,0,0,0,0,0,0,0,0,No,0,1,0,1,0,0,MELB_URBAN,MELB_URBAN,CASEY,METROPOLITAN SOUTH EAST REGION,,,,,,,Metro,2019,2,19,0
3476353,T20190002941,ABS to receive accident,Finished,15/2/2019,15.20.00,No,Collision with vehicle,Friday,REAR END(VEHICLES IN SAME LANE),No,Day,Yes,T intersection,Other injury accident,40 km/hr,No,63070,145.08871,-37.74116,Intersection,BANYULE,METROPOLITAN NORTH WEST REGION,2507818.063,2417748.724,3,1,0,0,1,2,2,0,1,1,1,0,0,0,0,0,1,0,0,0,No,0,2,0,1,0,0,MELB_URBAN,MELB_URBAN,BANYULE,METROPOLITAN NORTH WEST REGION,,,Local Road,Local Road,Undivided,Undiv,Metro,2019,2,15,0
3476354,T20190002942,ABS to receive accident,Finished,15/2/2019,15.30.00,No,Collision with vehicle,Friday,LEFT TURN SIDESWIPE,No,Day,Yes,Not at intersection,Other injury accident,40 km/hr,No,342315,144.98303,-37.81035,Non-Intersection,MELBOURNE,METROPOLITAN NORTH WEST REGION,2498505.648,2410073.13,2,1,0,0,1,1,2,0,1,0,1,0,0,0,0,0,0,0,0,0,No,0,2,0,1,0,0,MELB_URBAN,MELB_URBAN,MELBOURNE,METROPOLITAN NORTH WEST REGION,,,Local Road,Local Road,Divided,Div,Metro,2019,2,15,0
3476355,T20190002943,ABS to receive accident,Finished,15/2/2019,17.45.00,No,Collision with vehicle,Thursday,CROSS TRAFFIC(INTERSECTIONS ONLY),No,Day,Yes,Cross intersection,Other injury accident,60 km/hr,No,35299,144.94887,-37.79875,Intersection,MELBOURNE,METROPOLITAN NORTH WEST REGION,2495497.409,2411359.797,3,1,0,0,1,2,1,2,1,1,1,0,0,0,0,0,0,0,0,1,No,0,2,0,1,0,0,MELB_URBAN,MELB_URBAN,MELBOURNE,METROPOLITAN NORTH WEST REGION,,,Arterial Other,"Arterial Other,Local Road",Divided,Div,Metro,2019,2,17,0
3476356,T20190002945,ABS to receive accident,Finished,15/2/2019,18.15.00,Yes,Collision with vehicle,Friday,REAR END(VEHICLES IN SAME LANE),No,Day,Yes,Not at intersection,Other injury accident,60 km/hr,No,83611,145.20127,-37.77236,Non-Intersection,MANNINGHAM,METROPOLITAN SOUTH EAST REGION,2517731.32,2414271.073,4,2,0,0,2,2,2,2,0,2,2,0,0,0,0,0,0,0,0,2,No,0,2,0,2,0,0,MELB_URBAN,MELB_URBAN,MANNINGHAM,METROPOLITAN SOUTH EAST REGION,,,Local Road,Local Road,Undivided,Undiv,Metro,2019,2,18,0
3476357,T20190002950,ABS to receive accident,Finished,15/2/2019,19.25.00,Yes,Collision with vehicle,Friday,REAR END(VEHICLES IN SAME LANE),No,Day,Yes,Cross intersection,Other injury accident,80 km/hr,No,43857,145.27644,-38.08224,Intersection,CASEY,METROPOLITAN SOUTH EAST REGION,2524254.002,2379860.619,3,2,0,0,2,1,3,0,0,1,2,0,0,0,0,0,0,0,0,0,Yes,1,2,0,2,0,0,MELB_URBAN,MELB_URBAN,CASEY,METROPOLITAN SOUTH EAST REGION,M,M,Arterial Highway,"Arterial Highway,Arterial Other",Divided,Div,Metro,2019,2,19,1
3476358,T20190002952,ABS to receive accident,Finished,15/2/2019,16.00.00,Yes,Collision with vehicle,Friday,REAR END(VEHICLES IN SAME LANE),No,Unk.,No,T intersection,Other injury accident,50 km/hr,No,1200,144.94188,-37.60337,Intersection,HUME,METROPOLITAN NORTH WEST REGION,2494868.229,2433043.318,3,1,0,0,1,2,2,1,0,1,2,0,0,0,0,0,0,0,0,1,No,0,2,0,2,0,0,MELB_URBAN,MELB_URBAN,HUME,METROPOLITAN NORTH WEST REGION,,,Local Road,Local Road,Undivided,Undiv,Metro,2019,2,16,0
3476359,T20190002956,ABS to receive accident,Finished,15/2/2019,21.15.00,Yes,Collision with vehicle,Thursday,OTHER OVERTAKING MANOEUVRES NOT INCLUDED IN DCAs 150-154,No,Dark Street lights on,Yes,Not at intersection,Other injury accident,50 km/hr,No,342313,145.30995,-38.06842,Non-Intersection,CASEY,METROPOLITAN SOUTH EAST REGION,2527198.584,2381385.427,5,1,0,0,1,4,2,3,0,3,2,0,0,0,0,0,0,0,0,0,No,0,2,0,2,0,0,MELB_URBAN,MELB_URBAN,CASEY,METROPOLITAN SOUTH EAST REGION,,,Local Road,Local Road,Undivided,Undiv,Metro,2019,2,21,0
3476360,T20190002958,ABS to receive accident,Finished,15/2/2019,20.22.00,Yes,Struck Pedestrian,Friday,PED EMERGES FROM IN FRONT OF PARKED OR STATIONARY VEHICLE,No,Day,Yes,Cross intersection,Serious injury accident,60 km/hr,No,229963,144.73127,-37.85272,Intersection,WYNDHAM,METROPOLITAN NORTH WEST REGION,2476350.799,2405337.335,4,2,0,2,0,2,1,2,0,1,1,2,0,0,0,0,2,0,0,1,No,0,1,0,1,0,0,MELB_URBAN,"RURAL_VICTORIA,MELB_URBAN",WYNDHAM,METROPOLITAN NORTH WEST REGION,,,Arterial Other,"Arterial Other,Local Road",Undivided,Undiv,Metro,2019,2,20,0
3476361,T20190002961,ABS to receive accident,Finished,15/2/2019,22.35.00,Yes,Collision with vehicle,Friday,RIGHT THROUGH,No,Dark Street lights on,Yes,Cross intersection,Other injury accident,60 km/hr,No,38061,145.02239,-37.69611,Intersection,DAREBIN,METROPOLITAN NORTH WEST REGION,2501974.488,2422751.899,5,5,0,0,5,0,1,4,0,3,2,0,0,0,0,0,0,0,1,1,No,0,2,0,2,0,0,MELB_URBAN,MELB_URBAN,"WHITTLESEA,DAREBIN",METROPOLITAN NORTH WEST REGION,,,Arterial Other,"Arterial Other,Local Road",Divided,"Div,Undiv",Metro,2019,2,22,0
3476362,T20190002963,ABS to receive accident,Finished,15/2/2019,21.35.00,Yes,Collision with vehicle,Thursday,RIGHT THROUGH,No,Dark Street lights on,Yes,Cross intersection,Other injury accident,60 km/hr,No,44057,145.00611,-37.72607,Intersection,DAREBIN,METROPOLITAN NORTH WEST REGION,2500538.947,2419427.351,2,1,0,0,1,1,1,1,0,0,2,0,0,0,0,0,0,0,0,0,No,0,2,0,2,0,0,MELB_URBAN,MELB_URBAN,DAREBIN,METROPOLITAN NORTH WEST REGION,,,Local Road,Local Road,Undivided,Undiv,Metro,2019,2,21,0
3476363,T20190002966,ABS to receive accident,Finished,15/2/2019,23.20.00,Yes,Collision with vehicle,Friday,RIGHT THROUGH,No,Dark Street lights on,Yes,Cross intersection,Other injury accident,80 km/hr,No,39785,145.28759,-37.826,Intersection,MAROONDAH,METROPOLITAN SOUTH EAST REGION,2525317.698,2408298.503,6,4,0,0,4,2,3,3,0,4,2,0,0,0,0,0,0,0,0,0,No,0,2,0,2,0,0,MELB_URBAN,MELB_URBAN,MAROONDAH,METROPOLITAN SOUTH EAST REGION,,,Arterial Other,Arterial Other,Divided,Div,Metro,2019,2,23,0
3476364,T20190002968,ABS to receive accident,Finished,6/2/2019,02.30.00,Yes,No collision and no object struck,Tuesday,OFF END OF ROAD/T-INTERSECTION.,No,Unk.,Yes,T intersection,Other injury accident,60 km/hr,No,342471,145.26682,-37.60449,Non-Intersection,NILLUMBIK,METROPOLITAN NORTH WEST REGION,2523558.143,2432887.775,1,1,0,0,1,0,1,0,0,0,1,0,0,0,0,0,0,0,0,0,No,0,1,0,1,0,0,SMALL_TOWNS,SMALL_TOWNS,NILLUMBIK,METROPOLITAN NORTH WEST REGION,C,C,Arterial Other,Arterial Other,Undivided,Undiv,Metro,2019,2,02,0
3476365,T20190002983,ABS to receive accident,Finished,16/2/2019,07.28.00,No,Struck Pedestrian,Friday,PED WALKING AGAINST TRAFFIC.,No,Day,Yes,Not at intersection,Serious injury accident,50 km/hr,No,342620,143.73323,-37.03998,Non-Intersection,CENTRAL GOLDFIELDS,WESTERN REGION,2387321.811,2494813.997,2,1,0,1,0,1,1,1,0,0,1,1,0,0,0,0,1,0,0,0,No,0,1,0,1,0,0,TOWNS,TOWNS,CENTRAL GOLDFIELDS,WESTERN REGION,,,Local Road,Local Road,Undivided,Undiv,Country,2019,2,07,0
3476366,T20190001183,ABS to receive accident,Finished,19/1/2019,18.20.00,Yes,Collision with vehicle,Friday,REAR END(VEHICLES IN SAME LANE),No,Day,Yes,Not at intersection,Other injury accident,80 km/hr,No,341524,144.95409,-37.82782,Non-Intersection,MELBOURNE,METROPOLITAN NORTH WEST REGION,2495958.142,2408134.298,14,1,0,0,1,13,2,6,0,10,4,0,0,0,0,0,0,0,0,0,No,0,4,0,4,0,0,MELB_URBAN,MELB_URBAN,MELBOURNE,METROPOLITAN NORTH WEST REGION,M,M,Freeway,Freeway,Divided,Div,Metro,2019,1,18,0
3476367,T20190001186,ABS to receive accident,Finished,20/1/2019,18.41.00,No,Collision with vehicle,,REAR END(VEHICLES IN SAME LANE),No,Day,Yes,Not at intersection,Serious injury accident,100 km/hr,No,341540,144.52548,-37.9859,Non-Intersection,GEELONG,SOUTH WESTERN REGION,2458313.711,2390485.484,3,2,0,2,0,1,2,1,0,1,2,0,0,0,0,0,0,0,0,0,No,0,2,0,1,0,0,RURAL_VICTORIA,RURAL_VICTORIA,GEELONG,SOUTH WESTERN REGION,M,M,Freeway,Freeway,Divided,Div,Country,2019,1,18,0
3476368,T20190001189,ABS to receive accident,Finished,20/1/2019,16.50.00,No,Collision with vehicle,,REAR END(VEHICLES IN SAME LANE),No,Day,Yes,Not at intersection,Other injury accident,80 km/hr,No,250606,145.2818,-37.82795,Non-Intersection,MAROONDAH,METROPOLITAN SOUTH EAST REGION,2524808.115,2408083.356,7,2,0,0,2,5,2,4,0,5,2,0,0,0,0,0,0,0,0,1,No,0,2,0,2,0,0,MELB_URBAN,MELB_URBAN,MAROONDAH,METROPOLITAN SOUTH EAST REGION,,,Arterial Other,Arterial Other,Divided,Div,Metro,2019,1,16,0
3476369,T20190001192,ABS to receive accident,Finished,20/1/2019,21.10.00,Yes,collision with some other object,Sunday,STRUCK OBJECT ON CARRIAGEWAY,No,Dark Street lights off,Yes,Not at intersection,Other injury accident,50 km/hr,No,341474,144.98763,-37.85548,Non-Intersection,STONNINGTON,METROPOLITAN SOUTH EAST REGION,2498911.475,2405065.122,1,1,0,0,1,0,1,0,0,0,1,0,0,0,0,0,0,0,0,0,No,0,1,0,1,0,0,MELB_URBAN,MELB_URBAN,STONNINGTON,METROPOLITAN SOUTH EAST REGION,,,Local Road,Local Road,Undivided,Undiv,Metro,2019,1,21,0
3476370,T20190001193,ABS to receive accident,Finished,20/1/2019,23.00.00,Yes,Collision with vehicle,Sunday,CROSS TRAFFIC(INTERSECTIONS ONLY),No,Dark Street lights on,Yes,Cross intersection,Other injury accident,50 km/hr,No,341595,144.86499,-37.80162,Intersection,MARIBYRNONG,METROPOLITAN NORTH WEST REGION,2488110.5,2411034.352,3,2,0,1,1,1,2,1,0,1,2,0,0,0,0,0,0,0,0,0,No,0,2,0,2,0,0,MELB_URBAN,MELB_URBAN,MARIBYRNONG,METROPOLITAN NORTH WEST REGION,,,Local Road,Local Road,Undivided,Undiv,Metro,2019,1,23,0
3476371,T20190001195,ABS to receive accident,Finished,20/1/2019,23.25.00,Yes,Collision with a fixed object,Sunday,OFF LEFT BEND INTO OBJECT/PARKED VEHICLE,No,Dark Street lights on,Yes,Not at intersection,Serious injury accident,80 km/hr,Yes,341596,144.96461,-37.82648,Non-Intersection,MELBOURNE,METROPOLITAN NORTH WEST REGION,2496884.393,2408283.199,4,4,0,1,3,0,1,2,0,2,2,0,0,0,0,0,0,0,0,0,No,0,2,0,2,0,0,MELB_URBAN,MELB_URBAN,MELBOURNE,METROPOLITAN NORTH WEST REGION,M,M,Freeway,Freeway,Undivided,Undiv,Metro,2019,1,23,0
3476372,T20190001196,ABS to receive accident,Finished,20/1/2019,21.30.00,No,Collision with vehicle,,HEAD ON (NOT OVERTAKING),No,Dark No street lights,Yes,Not at intersection,Fatal accident,100 km/hr,No,341344,141.74467,-38.24868,Non-Intersection,GLENELG,SOUTH WESTERN REGION,2215075.504,2356547.559,2,2,1,1,0,0,2,0,0,0,1,0,0,1,0,0,0,0,0,0,No,0,2,0,1,1,0,RURAL_VICTORIA,RURAL_VICTORIA,GLENELG,SOUTH WESTERN REGION,A,A,Arterial Highway,Arterial Highway,Undivided,Undiv,Country,2019,1,21,0
3476373,T20190001200,ABS to receive accident,Finished,16/1/2019,10.45.00,No,Collision with vehicle,Wednesday,HEAD ON (NOT OVERTAKING),No,Day,Yes,Not at intersection,Other injury accident,80 km/hr,No,341546,145.63465,-37.59775,Non-Intersection,YARRA RANGES,METROPOLITAN SOUTH EAST REGION,2556039.808,2433481.914,2,1,0,0,1,1,1,1,0,0,2,0,0,0,0,0,0,0,0,0,No,0,2,0,2,0,0,RURAL_VICTORIA,RURAL_VICTORIA,YARRA RANGES,METROPOLITAN SOUTH EAST REGION,B,B,Arterial Highway,Arterial Highway,Undivided,Undiv,Metro,2019,1,10,0
3476374,T20190001203,ABS to receive accident,Finished,21/1/2019,06.44.00,Yes,Collision with vehicle,Sunday,U TURN,No,Day,Yes,Cross intersection,Other injury accident,80 km/hr,No,279130,145.2463,-38.03572,Intersection,DANDENONG,METROPOLITAN SOUTH EAST REGION,2521623.29,2385031.032,3,1,0,0,1,2,2,1,0,1,2,0,0,0,0,0,0,0,0,1,No,0,2,0,2,0,0,MELB_URBAN,MELB_URBAN,DANDENONG,METROPOLITAN SOUTH EAST REGION,M,M,Freeway,"Freeway,Local Road,Arterial Highway",Divided,"Div,Undiv",Metro,2019,1,06,0
3476375,T20190001205,ABS to receive accident,Finished,19/1/2019,19.30.00,Yes,Collision with vehicle,Saturday,RIGHT THROUGH,No,Day,Yes,T intersection,Other injury accident,60 km/hr,No,54385,143.82119,-37.54458,Intersection,BALLARAT,WESTERN REGION,2395839.406,2438924.312,2,1,0,0,1,1,1,1,1,0,1,0,0,0,0,0,0,0,0,0,No,0,2,0,1,0,0,LARGE_PROVINCIAL_CITIES,LARGE_PROVINCIAL_CITIES,BALLARAT,WESTERN REGION,C,C,Arterial Other,"Arterial Other,Local Road",Divided,"Div,Undiv",Country,2019,1,19,0
3476376,T20190001206,ABS to receive accident,Finished,21/1/2019,08.22.00,Yes,Collision with vehicle,Sunday,RIGHT THROUGH,No,Day,Yes,Cross intersection,Other injury accident,60 km/hr,No,276044,144.74962,-37.73037,Intersection,MELTON,METROPOLITAN NORTH WEST REGION,2477930,2418921,2,1,0,0,1,1,1,1,0,0,2,0,0,0,0,0,0,0,0,1,No,0,2,0,2,0,0,MELB_URBAN,MELB_URBAN,MELTON,METROPOLITAN NORTH WEST REGION,,,Local Road,Local Road,Divided,"Div,Undiv",Metro,2019,1,08,0
3476377,T20190001207,ABS to receive accident,Finished,21/1/2019,07.45.00,No,Collision with a fixed object,Monday,OFF LEFT BEND INTO OBJECT/PARKED VEHICLE,No,Day,Yes,Not at intersection,Serious injury accident,70 km/hr,Yes,341505,144.54857,-38.19216,Non-Intersection,GEELONG,SOUTH WESTERN REGION,2460451.502,2367600.208,1,1,0,1,0,0,1,0,0,0,1,0,0,0,0,0,0,0,0,0,No,0,1,0,1,0,0,RURAL_VICTORIA,RURAL_VICTORIA,GEELONG,SOUTH WESTERN REGION,C,C,Arterial Other,Arterial Other,Undivided,Undiv,Country,2019,1,07,0
3476378,T20190001210,ABS to receive accident,Finished,21/1/2019,06.30.00,Yes,Collision with vehicle,Sunday,REAR END(VEHICLES IN SAME LANE),No,Unk.,No,Not at intersection,Other injury accident,60 km/hr,No,341783,145.00105,-37.94346,Non-Intersection,BAYSIDE,METROPOLITAN SOUTH EAST REGION,2500092.134,2395299.93,2,1,0,0,1,1,2,0,0,0,2,0,0,0,0,0,0,0,0,0,No,0,2,0,2,0,0,MELB_URBAN,MELB_URBAN,BAYSIDE,METROPOLITAN SOUTH EAST REGION,,,Arterial Other,Arterial Other,Undivided,Undiv,Metro,2019,1,06,0
3476379,T20190001755,ABS to receive accident,Finished,29/1/2019,16.50.00,No,Collision with vehicle,Tuesday,U TURN,No,Day,Yes,T intersection,Serious injury accident,60 km/hr,No,341830,145.08798,-37.89415,Non-Intersection,MONASH,METROPOLITAN SOUTH EAST REGION,2507738.719,2400768.956,3,1,0,1,0,2,2,1,0,1,2,0,0,0,0,0,0,0,0,0,No,0,2,0,2,0,0,MELB_URBAN,MELB_URBAN,MONASH,METROPOLITAN SOUTH EAST REGION,,,Arterial Highway,Arterial Highway,Undivided,Undiv,Metro,2019,1,16,0
3476380,T20190001757,ABS to receive accident,Finished,27/1/2019,11.00.00,No,No collision and no object struck,Sunday,OUT OF CONTROL ON CARRIAGEWAY (ON STRAIGHT),No,Day,No,T intersection,Other injury accident,60 km/hr,No,301220,142.46652,-38.35225,Intersection,WARRNAMBOOL,SOUTH WESTERN REGION,2278544.542,2346974.841,1,1,0,0,1,0,1,0,0,0,0,0,0,1,0,0,0,0,0,0,No,0,1,0,0,1,0,SMALL_CITIES,SMALL_CITIES,WARRNAMBOOL,SOUTH WESTERN REGION,,,Local Road,Local Road,Undivided,Undiv,Country,2019,1,11,0
3476381,T20190001761,ABS to receive accident,Finished,29/1/2019,17.58.00,No,Collision with vehicle,Monday,CROSS TRAFFIC(INTERSECTIONS ONLY),No,Day,Yes,Cross intersection,Other injury accident,60 km/hr,No,42951,145.17986,-37.9658,Intersection,DANDENONG,METROPOLITAN SOUTH EAST REGION,2515804.559,2392805.239,4,3,0,0,3,1,2,2,0,1,3,0,0,0,0,0,0,0,0,0,No,0,3,0,3,0,0,MELB_URBAN,MELB_URBAN,DANDENONG,METROPOLITAN SOUTH EAST REGION,,,Arterial Other,"Arterial Other,Local Road",Undivided,Undiv,Metro,2019,1,17,0
3476382,T20190001764,ABS to receive accident,Finished,29/1/2019,15.50.00,No,Collision with vehicle,Monday,VEHICLE STRIKES ANOTHER VEH WHILE EMERGING FROM DRIVEWAY,No,Day,Yes,Not at intersection,Serious injury accident,50 km/hr,No,341962,145.15945,-37.96143,Non-Intersection,DANDENONG,METROPOLITAN SOUTH EAST REGION,2514012.303,2393293.593,2,1,0,1,0,1,2,0,0,0,1,0,0,1,0,0,0,0,0,0,No,0,2,0,1,1,0,MELB_URBAN,MELB_URBAN,DANDENONG,METROPOLITAN SOUTH EAST REGION,,,Local Road,Local Road,Undivided,Undiv,Metro,2019,1,15,0
3476383,T20190001769,ABS to receive accident,Finished,29/1/2019,19.45.00,Yes,Collision with a fixed object,Tuesday,RIGHT OFF CARRIAGEWAY INTO OBJECT/PARKED VEHICLE,No,Day,Yes,Not at intersection,Serious injury accident,100 km/hr,Yes,341897,141.35652,-36.326,Off Road,WEST WIMMERA,WESTERN REGION,2172954.597,2568525.735,1,1,0,1,0,0,0,1,0,0,1,0,0,0,0,0,0,0,0,0,No,0,1,0,1,0,0,RURAL_VICTORIA,RURAL_VICTORIA,WEST WIMMERA,WESTERN REGION,,,,,,,Country,2019,1,19,0
3476384,T20190001779,ABS to receive accident,Finished,30/1/2019,04.35.00,Yes,Collision with a fixed object,Tuesday,OFF END OF ROAD/T-INTERSECTION.,No,Dark No street lights,Yes,T intersection,Other injury accident,100 km/hr,No,50372,145.57231,-38.41069,Intersection,BASS COAST,EASTERN REGION,2549993.247,2343283.478,1,1,0,0,1,0,1,0,0,0,1,0,0,0,0,0,0,0,0,0,No,0,1,0,1,0,0,RURAL_VICTORIA,RURAL_VICTORIA,BASS COAST,"EASTERN REGION,EASTERN REGION",,,Local Road,Local Road,Undivided,Undiv,Country,2019,1,04,0
3476385,T20190001781,ABS to receive accident,Finished,26/1/2019,22.00.00,Yes,No collision and no object struck,Saturday,OUT OF CONTROL ON CARRIAGEWAY (ON STRAIGHT),No,Dark No street lights,No,Not at intersection,Other injury accident,Camping grounds or off road,No,341848,145.60532,-37.49584,Non-Intersection,MURRINDINDI,NORTH EASTERN REGION,2553522.293,2444808.028,1,1,0,0,1,0,1,0,0,0,0,0,0,1,0,0,0,0,0,0,No,0,1,0,0,1,0,RURAL_VICTORIA,RURAL_VICTORIA,"MURRINDINDI,MURRINDINDI",NORTH EASTERN REGION,,,Local Road,Local Road,Undivided,Undiv,Country,2019,1,22,0
3476386,T20190001786,ABS to receive accident,Finished,30/1/2019,08.34.00,No,Collision with vehicle,Tuesday,RIGHT THROUGH,No,Day,Yes,T intersection,Other injury accident,60 km/hr,No,1289,144.89891,-37.75498,Intersection,MOONEE VALLEY,METROPOLITAN NORTH WEST REGION,2491092.5,2416213.799,2,2,0,0,2,0,1,1,0,0,2,0,0,0,0,0,0,0,1,0,No,0,2,0,2,0,0,MELB_URBAN,MELB_URBAN,MOONEE VALLEY,METROPOLITAN NORTH WEST REGION,,,Arterial Other,"Arterial Other,Local Road",Undivided,Undiv,Metro,2019,1,08,0
3476387,T20190001791,ABS to receive accident,Finished,30/1/2019,11.00.00,No,Collision with vehicle,Tuesday,RIGHT THROUGH,No,Day,Yes,Cross intersection,Other injury accident,50 km/hr,No,341981,144.88104,-37.82554,Non-Intersection,HOBSONS BAY,METROPOLITAN NORTH WEST REGION,2489527.677,2408381.521,4,2,0,0,2,2,2,2,0,1,3,0,0,0,0,0,0,0,0,1,No,0,3,0,3,0,0,MELB_URBAN,MELB_URBAN,HOBSONS BAY,METROPOLITAN NORTH WEST REGION,M,M,Freeway,"Freeway,Arterial Other",Divided,Div,Metro,2019,1,11,0
3476388,T20190001793,ABS to receive accident,Finished,30/1/2019,08.20.00,No,Collision with vehicle,Wednesday,RIGHT THROUGH,No,Day,Yes,T intersection,Other injury accident,60 km/hr,No,44921,144.78856,-37.74296,Intersection,BRIMBANK,METROPOLITAN NORTH WEST REGION,2481365.492,2417532.547,2,1,0,0,1,1,2,0,0,0,1,0,0,1,0,0,0,0,0,0,No,0,2,0,1,1,0,MELB_URBAN,MELB_URBAN,BRIMBANK,METROPOLITAN NORTH WEST REGION,,,Arterial Other,"Arterial Other,Local Road",Undivided,Undiv,Metro,2019,1,08,0
3476389,T20190001796,ABS to receive accident,Finished,30/1/2019,12.47.00,No,Collision with vehicle,Wednesday,RIGHT THROUGH,No,Day,Yes,T intersection,Other injury accident,60 km/hr,No,1288,144.89596,-37.76942,Intersection,MARIBYRNONG,METROPOLITAN NORTH WEST REGION,2490833.67,2414611.192,2,1,0,0,1,1,2,0,0,0,1,0,0,1,0,0,0,0,0,0,No,0,2,0,1,1,0,MELB_URBAN,MELB_URBAN,MARIBYRNONG,METROPOLITAN NORTH WEST REGION,,,Arterial Other,Arterial Other,Undivided,Undiv,Metro,2019,1,12,0
3476390,T20190001797,ABS to receive accident,Finished,25/1/2019,11.30.00,No,Collision with vehicle,Thursday,LANE SIDE SWIPE (VEHICLES IN PARALLEL LANES),No,Day,No,Not at intersection,Other injury accident,80 km/hr,No,272651,144.89822,-37.82943,Non-Intersection,HOBSONS BAY,METROPOLITAN NORTH WEST REGION,2491040.253,2407951.444,2,1,0,0,1,1,1,1,0,0,2,0,0,0,0,0,0,0,0,0,No,0,2,1,1,0,0,MELB_URBAN,MELB_URBAN,HOBSONS BAY,METROPOLITAN NORTH WEST REGION,M,M,Freeway,Freeway,Divided,Div,Metro,2019,1,11,0
3476391,T20190001799,ABS to receive accident,Finished,27/1/2019,13.17.00,No,Collision with vehicle,,RIGHT THROUGH,No,Day,Yes,Cross intersection,Other injury accident,40 km/hr,No,233561,144.99322,-37.87245,Intersection,PORT PHILLIP,METROPOLITAN NORTH WEST REGION,2499403.48,2403181.092,2,1,0,0,1,1,1,1,0,0,2,0,0,0,0,0,0,0,0,1,No,0,2,0,2,0,0,MELB_URBAN,MELB_URBAN,PORT PHILLIP,METROPOLITAN NORTH WEST REGION,,,Local Road,Local Road,Undivided,Undiv,Metro,2019,1,13,0
3476392,T20190002398,ABS to receive accident,Finished,7/2/2019,18.50.00,Yes,Collision with vehicle,Wednesday,LANE CHANGE LEFT (NOT OVERTAKING),No,Day,Yes,Not at intersection,Other injury accident,100 km/hr,No,342514,144.6797,-37.73799,Non-Intersection,MELTON,METROPOLITAN NORTH WEST REGION,2471769.229,2418057.221,3,2,0,0,2,1,2,0,0,1,2,0,0,0,0,0,0,0,0,1,No,0,2,1,1,0,0,RURAL_VICTORIA,RURAL_VICTORIA,MELTON,METROPOLITAN NORTH WEST REGION,M,M,Freeway,Freeway,Divided,Div,Metro,2019,2,18,0
3476393,T20190002401,ABS to receive accident,Finished,7/2/2019,22.40.00,Yes,Collision with vehicle,Wednesday,RIGHT FAR (INTERSECTIONS ONLY),No,Dark Street lights on,Yes,Cross intersection,Other injury accident,60 km/hr,No,37816,144.97873,-37.77625,Intersection,MORELAND,METROPOLITAN NORTH WEST REGION,2498125.89,2413858.009,2,1,0,0,1,1,2,0,0,0,1,0,0,1,0,0,0,0,0,1,No,0,2,0,1,1,0,MELB_URBAN,MELB_URBAN,"YARRA,MORELAND",METROPOLITAN NORTH WEST REGION,,,Arterial Other,"Arterial Other,Local Road",Undivided,Undiv,Metro,2019,2,22,0