OBJECTID,ACCIDENT_NO,ABS_CODE,ACCIDENT_STATUS,ACCIDENT_DATE,ACCIDENT_TIME,ALCOHOLTIME,ACCIDENT_TYPE,DAY_OF_WEEK,DCA_CODE,HIT_RUN_FLAG,LIGHT_CONDITION,POLICE_ATTEND,ROAD_GEOMETRY,SEVERITY,SPEED_ZONE,RUN_OFFROAD,NODE_ID,LONGITUDE,LATITUDE,NODE_TYPE,LGA_NAME,REGION_NAME,VICGRID_X,VICGRID_Y,TOTAL_PERSONS,INJ_OR_FATAL,FATALITY,SERIOUSINJURY,OTHERINJURY,NONINJURED,MALES,FEMALES,BICYCLIST,PASSENGER,DRIVER,PEDESTRIAN,PILLION,MOTORIST,UNKNOWN,PED_CYCLIST_5_12,PED_CYCLIST_13_18,OLD_PEDESTRIAN,OLD_DRIVER,YOUNG_DRIVER,ALCOHOL_RELATED,UNLICENCSED,NO_OF_VEHICLES,HEAVYVEHICLE,PASSENGERVEHICLE,MOTORCYCLE,PUBLICVEHICLE,DEG_URBAN_NAME,DEG_URBAN_ALL,LGA_NAME_ALL,REGION_NAME_ALL,SRNS,SRNS_ALL,RMA,RMA_ALL,DIVIDED,DIVIDED_ALL,STAT_DIV_NAME,Year,Month,Hour,ALCOHOL_RELATED
3476394,T20190002404,ABS to receive accident,Finished,8/2/2019,00.25.00,Yes,Collision with a fixed object,Friday,OTHER ACCIDENTS-OFF STRAIGHT NOT INCLUDED IN DCAs 170-175,No,Dark Street lights on,Yes,Not at intersection,Serious injury accident,40 km/hr,No,342505,144.96563,-37.8113,Non-Intersection,MELBOURNE,METROPOLITAN NORTH WEST REGION,2496973.359,2409967.719,1,1,0,1,0,0,1,0,0,0,0,0,0,1,0,0,0,0,0,0,No,0,1,0,0,1,0,MELBOURNE_CBD,MELBOURNE_CBD,MELBOURNE,METROPOLITAN NORTH WEST REGION,,,Local Road,Local Road,Divided,Div,Metro,2019,2,00,0
3476395,T20190002405,ABS to receive accident,Finished,8/2/2019,00.35.00,Yes,Collision with a fixed object,Friday,LEFT OFF CARRIAGEWAY INTO OBJECT/PARKED VEHICLE,No,Dark No street lights,Yes,Not at intersection,Other injury accident,80 km/hr,Yes,342045,144.67166,-38.17043,Non-Intersection,GEELONG,SOUTH WESTERN REGION,2471226.282,2370056.926,2,1,0,0,1,1,1,1,0,1,1,0,0,0,0,0,0,0,0,1,No,0,1,0,1,0,0,RURAL_VICTORIA,RURAL_VICTORIA,GEELONG,SOUTH WESTERN REGION,,,Local Road,Local Road,Undivided,Undiv,Country,2019,2,00,0
3476396,T20190002406,ABS to receive accident,Finished,4/2/2019,03.45.00,Yes,Collision with a fixed object,Monday,OFF LEFT BEND INTO OBJECT/PARKED VEHICLE,No,Dark No street lights,Yes,T intersection,Other injury accident,100 km/hr,Yes,342038,142.46176,-38.24919,Intersection,MOYNE,SOUTH WESTERN REGION,2277823.894,2358401.453,1,1,0,0,1,0,0,1,0,0,1,0,0,0,0,0,0,0,0,1,No,0,1,0,1,0,0,RURAL_VICTORIA,RURAL_VICTORIA,MOYNE,SOUTH WESTERN REGION,C,C,Arterial Other,"Arterial Other,Local Road",Undivided,Undiv,Country,2019,2,03,0
3476397,T20190002416,ABS to receive accident,Finished,8/2/2019,07.47.00,No,Collision with vehicle,Friday,CROSS TRAFFIC(INTERSECTIONS ONLY),No,Day,Yes,Cross intersection,Other injury accident,60 km/hr,No,53206,143.8445,-37.56027,Intersection,BALLARAT,WESTERN REGION,2397919.698,2437209.098,2,1,0,0,1,1,2,0,0,0,2,0,0,0,0,0,0,0,0,0,No,0,2,0,2,0,0,LARGE_PROVINCIAL_CITIES,LARGE_PROVINCIAL_CITIES,BALLARAT,WESTERN REGION,C,C,Arterial Other,"Arterial Other,Local Road",Divided,"Div,Undiv",Country,2019,2,07,0
3476398,T20190002417,ABS to receive accident,Finished,8/2/2019,07.45.00,No,Collision with vehicle,Friday,OTHER ADJACENT (INTERSECTIONS ONLY),No,Day,Yes,T intersection,Other injury accident,80 km/hr,No,342077,145.37467,-38.0515,Intersection,CARDINIA,METROPOLITAN SOUTH EAST REGION,2532885.88,2383242.864,3,1,0,0,1,2,2,1,1,1,1,0,0,0,0,0,0,0,1,0,No,0,2,0,1,0,0,MELB_URBAN,MELB_URBAN,CARDINIA,METROPOLITAN SOUTH EAST REGION,C,C,Arterial Other,"Arterial Other,Local Road",Divided,"Div,Undiv",Metro,2019,2,07,0
3476399,T20190002418,ABS to receive accident,Finished,8/2/2019,08.12.00,No,Collision with vehicle,Thursday,RIGHT THROUGH,No,Day,Yes,Cross intersection,Other injury accident,60 km/hr,No,42038,145.0057,-37.92083,Intersection,BAYSIDE,METROPOLITAN SOUTH EAST REGION,2500500.739,2397811.404,2,1,0,0,1,1,1,1,0,0,2,0,0,0,0,0,0,0,0,0,No,0,2,0,2,0,0,MELB_URBAN,MELB_URBAN,BAYSIDE,METROPOLITAN SOUTH EAST REGION,,,Arterial Other,"Arterial Other,Local Road",Undivided,Undiv,Metro,2019,2,08,0
3476400,T20190002420,ABS to receive accident,Finished,8/2/2019,08.20.00,No,Struck Pedestrian,Thursday,FAR SIDE. PED HIT BY VEHICLE FROM THE LEFT,Yes,Day,No,Cross intersection,Other injury accident,40 km/hr,No,40891,145.22497,-37.86571,Intersection,KNOX,METROPOLITAN SOUTH EAST REGION,2519795.198,2403906.521,2,1,0,0,1,1,0,1,0,0,0,1,0,0,1,0,1,0,0,0,No,0,1,0,0,0,0,MELB_URBAN,MELB_URBAN,KNOX,METROPOLITAN SOUTH EAST REGION,,,Arterial Highway,"Arterial Highway,Local Road",Divided,"Div,Undiv",Metro,2019,2,08,0
3476401,T20190002429,ABS to receive accident,Finished,8/2/2019,11.02.00,No,Collision with a fixed object,Friday,RIGHT OFF CARRIAGEWAY INTO OBJECT/PARKED VEHICLE,No,Day,Yes,Not at intersection,Serious injury accident,Camping grounds or off road,Yes,342252,144.98725,-37.92625,Non-Intersection,BAYSIDE,METROPOLITAN SOUTH EAST REGION,2498878.654,2397209.626,1,1,0,1,0,0,1,0,0,0,1,0,0,0,0,0,0,0,0,0,No,0,2,0,2,0,0,MELB_URBAN,MELB_URBAN,BAYSIDE,METROPOLITAN SOUTH EAST REGION,,,Arterial Other,Arterial Other,Divided,Div,Metro,2019,2,11,0
3476402,T20190002430,ABS to receive accident,Finished,8/2/2019,10.05.00,No,Collision with a fixed object,Thursday,LEFT OFF CARRIAGEWAY INTO OBJECT/PARKED VEHICLE,No,Day,Yes,Not at intersection,Serious injury accident,90 km/hr,Yes,342930,145.48589,-38.11255,Non-Intersection,CARDINIA,METROPOLITAN SOUTH EAST REGION,2542613.101,2376422.164,1,1,0,1,0,0,1,0,0,0,1,0,0,0,0,0,0,0,1,0,No,0,1,0,1,0,0,RURAL_VICTORIA,RURAL_VICTORIA,CARDINIA,METROPOLITAN SOUTH EAST REGION,C,C,Arterial Other,Arterial Other,Undivided,Undiv,Metro,2019,2,10,0
3476403,T20190002432,ABS to receive accident,Finished,8/2/2019,11.25.00,No,Vehicle overturned (no collision),Friday,OFF CARRIAGEWAY ON RIGHT BEND,No,Day,Yes,Not at intersection,Serious injury accident,100 km/hr,Yes,342205,146.83571,-36.70184,Non-Intersection,ALPINE,NORTH EASTERN REGION,2664002.825,2531502.395,1,1,0,1,0,0,1,0,0,0,0,0,0,1,0,0,0,0,0,0,No,0,1,0,0,1,0,RURAL_VICTORIA,RURAL_VICTORIA,ALPINE,NORTH EASTERN REGION,C,C,Arterial Other,Arterial Other,Undivided,Undiv,Country,2019,2,11,0
3476404,T20190002436,ABS to receive accident,Finished,7/2/2019,16.00.00,No,Collision with vehicle,Wednesday,RIGHT NEAR (INTERSECTIONS ONLY),No,Day,Yes,T intersection,Other injury accident,60 km/hr,No,43876,145.2524,-38.10937,Intersection,CASEY,METROPOLITAN SOUTH EAST REGION,2522136.635,2376854.614,3,1,0,0,1,2,0,3,0,0,3,0,0,0,0,0,0,0,0,1,No,0,3,0,3,0,0,MELB_URBAN,MELB_URBAN,CASEY,METROPOLITAN SOUTH EAST REGION,,,Arterial Other,"Arterial Other,Local Road",Undivided,Undiv,Metro,2019,2,16,0
3476405,T20190002987,ABS to receive accident,Finished,16/2/2019,10.40.00,No,Collision with vehicle,Friday,RIGHT FAR (INTERSECTIONS ONLY),No,Day,Yes,T intersection,Other injury accident,50 km/hr,No,342281,145.11682,-37.69714,Intersection,BANYULE,METROPOLITAN NORTH WEST REGION,2510301.51,2422632.002,2,1,0,0,1,1,2,0,1,0,1,0,0,0,0,0,0,0,0,0,No,0,2,0,1,0,0,MELB_URBAN,MELB_URBAN,BANYULE,METROPOLITAN NORTH WEST REGION,,,Local Road,Local Road,Undivided,Undiv,Metro,2019,2,10,0
3476406,T20190002992,ABS to receive accident,Finished,16/2/2019,10.10.00,No,Collision with vehicle,Friday,LANE SIDE SWIPE (VEHICLES IN PARALLEL LANES),No,Day,Yes,Not at intersection,Serious injury accident,100 km/hr,No,342651,145.6838,-38.5509,Non-Intersection,BASS COAST,EASTERN REGION,2559620.036,2327652.952,2,1,0,1,0,1,2,0,0,0,0,0,0,2,0,0,0,0,0,0,No,0,2,0,0,2,0,RURAL_VICTORIA,RURAL_VICTORIA,BASS COAST,"EASTERN REGION,EASTERN REGION",C,C,Arterial Other,Arterial Other,Undivided,Undiv,Country,2019,2,10,0
3476407,T20190002993,ABS to receive accident,Finished,16/2/2019,11.08.00,No,Vehicle overturned (no collision),Friday,OFF CARRIAGEWAY TO RIGHT,No,Day,Yes,Not at intersection,Other injury accident,60 km/hr,Yes,342383,144.70099,-37.74742,Non-Intersection,MELTON,METROPOLITAN NORTH WEST REGION,2473648.821,2417016.552,1,1,0,0,1,0,1,0,0,0,1,0,0,0,0,0,0,0,0,0,No,0,1,1,0,0,0,RURAL_VICTORIA,RURAL_VICTORIA,MELTON,METROPOLITAN NORTH WEST REGION,C,C,Arterial Other,Arterial Other,Divided,Div,Metro,2019,2,11,0
3476408,T20190002994,ABS to receive accident,Finished,16/2/2019,12.25.00,No,Collision with vehicle,Friday,CROSS TRAFFIC(INTERSECTIONS ONLY),No,Day,Yes,Cross intersection,Other injury accident,60 km/hr,No,50872,146.89628,-36.11952,Intersection,WODONGA,NORTH EASTERN REGION,2670700.176,2595995.736,8,4,0,0,4,4,2,6,0,6,2,0,0,0,0,0,0,0,0,0,No,0,2,0,2,0,0,SMALL_CITIES,SMALL_CITIES,WODONGA,NORTH EASTERN REGION,,,Arterial Highway,"Arterial Highway,Local Road",Divided,"Div,Undiv",Country,2019,2,12,0
3476409,T20190002996,ABS to receive accident,Finished,16/2/2019,08.45.00,No,Collision with vehicle,Saturday,CROSS TRAFFIC(INTERSECTIONS ONLY),No,Day,Yes,Cross intersection,Other injury accident,60 km/hr,No,57265,142.15098,-34.17828,Intersection,MILDURA,WESTERN REGION,2237110.297,2809218.162,2,1,0,0,1,1,1,1,1,0,1,0,0,0,0,0,0,0,1,0,No,0,2,0,1,0,0,SMALL_CITIES,SMALL_CITIES,MILDURA,WESTERN REGION,,,Local Road,Local Road,Divided,Div,Country,2019,2,08,0
3476410,T20190002998,ABS to receive accident,Finished,16/2/2019,11.50.00,No,Collision with vehicle,Saturday,RIGHT NEAR (INTERSECTIONS ONLY),No,Day,Yes,T intersection,Other injury accident,60 km/hr,No,39792,145.29073,-37.79522,Intersection,MAROONDAH,METROPOLITAN SOUTH EAST REGION,2525604.47,2411713.677,3,1,0,0,1,2,2,1,0,1,2,0,0,0,0,0,0,0,0,1,No,0,2,0,2,0,0,MELB_URBAN,MELB_URBAN,MAROONDAH,METROPOLITAN SOUTH EAST REGION,,,Arterial Other,"Arterial Other,Local Road",Undivided,Undiv,Metro,2019,2,11,0
3476411,T20190003002,ABS to receive accident,Finished,16/2/2019,14.15.00,No,Collision with vehicle,Friday,CROSS TRAFFIC(INTERSECTIONS ONLY),No,Day,Yes,Cross intersection,Other injury accident,40 km/hr,No,58585,144.76035,-36.13358,Intersection,CAMPASPE,NORTHERN REGION,2478429.478,2596107.932,3,1,0,0,1,2,1,2,0,1,2,0,0,0,0,0,0,0,0,0,No,0,2,0,2,0,0,SMALL_CITIES,SMALL_CITIES,CAMPASPE,NORTHERN REGION,,,Local Road,Local Road,Undivided,Undiv,Country,2019,2,14,0
3476412,T20190003008,ABS to receive accident,Finished,16/2/2019,14.30.00,Yes,collision with some other object,Saturday,STRUCK OBJECT ON CARRIAGEWAY,No,Day,Yes,Not at intersection,Other injury accident,100 km/hr,No,342777,145.37687,-37.29664,Non-Intersection,MURRINDINDI,NORTH EASTERN REGION,2533410.071,2467017.162,1,1,0,0,1,0,1,0,0,0,0,0,0,1,0,0,0,0,0,0,No,0,1,0,0,1,0,RURAL_VICTORIA,RURAL_VICTORIA,"MURRINDINDI,MURRINDINDI",NORTH EASTERN REGION,C,C,Arterial Other,Arterial Other,Undivided,Undiv,Country,2019,2,14,0
3476413,T20190003010,ABS to receive accident,Finished,16/2/2019,15.05.00,Yes,Collision with vehicle,Saturday,REAR END(VEHICLES IN SAME LANE),No,Day,Yes,T intersection,Other injury accident,60 km/hr,No,38177,145.05859,-37.74322,Intersection,BANYULE,METROPOLITAN NORTH WEST REGION,2505163.217,2417522.158,2,1,0,0,1,1,0,2,0,0,2,0,0,0,0,0,0,0,1,0,No,0,2,0,2,0,0,MELB_URBAN,MELB_URBAN,BANYULE,METROPOLITAN NORTH WEST REGION,,,Arterial Other,Arterial Other,Undivided,Undiv,Metro,2019,2,15,0
3476414,T20190003011,ABS to receive accident,Finished,16/2/2019,00.14.00,Yes,Collision with vehicle,Saturday,OTHER OPPOSING MANOEUVRES NOT INCLUDED IN DCAs 120-125.,No,Dark Street lights on,Yes,T intersection,Other injury accident,80 km/hr,No,35852,145.24599,-38.03545,Intersection,DANDENONG,METROPOLITAN SOUTH EAST REGION,2521595.961,2385061.327,4,1,0,0,1,3,3,1,0,1,3,0,0,0,0,0,0,0,0,1,No,0,3,0,3,0,0,MELB_URBAN,MELB_URBAN,DANDENONG,METROPOLITAN SOUTH EAST REGION,M,M,Arterial Highway,Arterial Highway,Divided,"Div,Undiv",Metro,2019,2,00,0
3476415,T20190003014,ABS to receive accident,Finished,16/2/2019,15.00.00,Yes,Collision with vehicle,Saturday,RIGHT NEAR (INTERSECTIONS ONLY),No,Day,Yes,T intersection,Serious injury accident,60 km/hr,No,342427,144.76566,-37.69933,Intersection,BRIMBANK,METROPOLITAN NORTH WEST REGION,2479335.527,2422370.084,2,2,0,1,1,0,1,1,1,0,1,0,0,0,0,0,1,0,0,0,No,0,2,0,1,0,0,MELB_URBAN,MELB_URBAN,BRIMBANK,METROPOLITAN NORTH WEST REGION,,,Local Road,Local Road,Undivided,Undiv,Metro,2019,2,15,0
3476416,T20190003018,ABS to receive accident,Finished,16/2/2019,16.40.00,Yes,Struck Pedestrian,Friday,PED NEAR SIDE. PED HIT BY VEHICLE FROM THE RIGHT.,No,Day,Yes,T intersection,Other injury accident,40 km/hr,No,342314,144.96526,-37.83044,Non-Intersection,MELBOURNE,METROPOLITAN NORTH WEST REGION,2496941.473,2407843.392,3,1,0,0,1,2,1,2,0,1,1,1,0,0,0,0,1,0,0,0,No,0,1,0,1,0,0,MELB_URBAN,MELB_URBAN,MELBOURNE,METROPOLITAN NORTH WEST REGION,,,Local Road,Local Road,Undivided,Undiv,Metro,2019,2,16,0
3476417,T20190003025,ABS to receive accident,Finished,16/2/2019,05.35.00,Yes,Collision with vehicle,Saturday,CROSS TRAFFIC(INTERSECTIONS ONLY),No,Dark Street lights on,Yes,Cross intersection,Other injury accident,80 km/hr,No,39697,145.25404,-37.79788,Intersection,MAROONDAH,METROPOLITAN SOUTH EAST REGION,2522373.208,2411428.47,3,2,0,0,2,1,3,0,0,1,2,0,0,0,0,0,0,0,0,0,No,0,2,0,2,0,0,MELB_URBAN,MELB_URBAN,MAROONDAH,METROPOLITAN SOUTH EAST REGION,,,Arterial Highway,"Arterial Highway,Local Road",Divided,"Div,Undiv",Metro,2019,2,05,0
3476418,T20190001211,ABS to receive accident,Finished,21/1/2019,09.45.00,Yes,Collision with vehicle,Sunday,LEFT OFF CARRIAGEWAY INTO OBJECT/PARKED VEHICLE,No,Day,Yes,Not at intersection,Other injury accident,50 km/hr,Yes,341479,144.65356,-38.26985,Non-Intersection,QUEENSCLIFFE,SOUTH WESTERN REGION,2469680.227,2359015.131,1,1,0,0,1,0,1,0,0,0,1,0,0,0,0,0,0,0,0,0,No,0,2,0,2,0,0,TOWNS,TOWNS,QUEENSCLIFFE,SOUTH WESTERN REGION,B,B,Arterial Highway,Arterial Highway,Undivided,Undiv,Country,2019,1,09,0
3476420,T20190001217,ABS to receive accident,Finished,19/1/2019,18.52.00,Yes,Collision with vehicle,Friday,U TURN,No,Day,No,Not at intersection,Other injury accident,50 km/hr,No,342758,144.94645,-37.73236,Non-Intersection,MORELAND,METROPOLITAN NORTH WEST REGION,2495279.478,2418727.92,3,2,0,0,2,1,2,1,0,1,2,0,0,0,0,0,0,0,0,0,No,0,2,0,2,0,0,MELB_URBAN,MELB_URBAN,MORELAND,METROPOLITAN NORTH WEST REGION,,,Arterial Other,Arterial Other,Undivided,Undiv,Metro,2019,1,18,0
3476421,T20190001218,ABS to receive accident,Finished,21/1/2019,06.40.00,Yes,Collision with vehicle,Sunday,LANE CHANGE LEFT (NOT OVERTAKING),No,Day,Yes,Not at intersection,Other injury accident,80 km/hr,No,341537,144.89529,-37.82772,Non-Intersection,HOBSONS BAY,METROPOLITAN NORTH WEST REGION,2490781.927,2408140.689,3,1,0,0,1,2,2,1,0,1,2,0,0,0,0,0,0,0,0,0,No,0,2,1,1,0,0,MELB_URBAN,MELB_URBAN,HOBSONS BAY,METROPOLITAN NORTH WEST REGION,M,M,Freeway,Freeway,Divided,Div,Metro,2019,1,06,0
3476422,T20190001220,ABS to receive accident,Finished,21/1/2019,06.00.00,Yes,Collision with a fixed object,Sunday,LEFT OFF CARRIAGEWAY INTO OBJECT/PARKED VEHICLE,No,Dark Street lights on,Yes,T intersection,Other injury accident,60 km/hr,Yes,343287,144.92389,-37.63174,Non-Intersection,HUME,METROPOLITAN NORTH WEST REGION,2493282.24,2429893.568,1,1,0,0,1,0,1,0,0,0,1,0,0,0,0,0,0,0,0,0,No,0,1,0,1,0,0,MELB_URBAN,MELB_URBAN,HUME,METROPOLITAN NORTH WEST REGION,,,Local Road,Local Road,Divided,Div,Metro,2019,1,06,0
3476423,T20190001223,ABS to receive accident,Finished,21/1/2019,09.20.00,No,Collision with vehicle,Monday,RIGHT THROUGH,No,Day,Yes,T intersection,Other injury accident,70 km/hr,No,323521,145.19373,-37.93189,Intersection,MONASH,METROPOLITAN SOUTH EAST REGION,2517031.144,2396566.946,2,1,0,0,1,1,1,1,0,0,2,0,0,0,0,0,0,0,0,1,No,0,2,0,2,0,0,MELB_URBAN,MELB_URBAN,MONASH,METROPOLITAN SOUTH EAST REGION,,,Arterial Other,"Arterial Other,Local Road",Undivided,Undiv,Metro,2019,1,09,0
3476424,T20190001227,ABS to receive accident,Finished,21/1/2019,13.03.00,No,Collision with vehicle,Monday,HEAD ON (NOT OVERTAKING),No,Day,Yes,Not at intersection,Serious injury accident,70 km/hr,No,343106,145.14745,-37.64942,Non-Intersection,NILLUMBIK,METROPOLITAN NORTH WEST REGION,2513011.001,2427923.852,3,3,0,3,0,0,1,2,0,1,2,0,0,0,0,0,0,0,0,0,No,0,2,0,2,0,0,RURAL_VICTORIA,RURAL_VICTORIA,NILLUMBIK,METROPOLITAN NORTH WEST REGION,,,Local Road,Local Road,Undivided,Undiv,Metro,2019,1,13,0
3476425,T20190001234,ABS to receive accident,Finished,21/1/2019,13.01.00,No,Vehicle overturned (no collision),Sunday,OFF CARRIAGEWAY TO LEFT,No,Day,Yes,Not at intersection,Other injury accident,80 km/hr,Yes,341550,145.55523,-38.26887,Non-Intersection,CARDINIA,METROPOLITAN SOUTH EAST REGION,2548592.782,2359036.978,1,1,0,0,1,0,1,0,0,0,1,0,0,0,0,0,0,0,0,0,No,0,1,1,0,0,0,RURAL_VICTORIA,RURAL_VICTORIA,CARDINIA,METROPOLITAN SOUTH EAST REGION,C,C,Arterial Other,Arterial Other,Undivided,Undiv,Metro,2019,1,13,0
3476426,T20190001235,ABS to receive accident,Finished,3/1/2019,14.23.00,No,No collision and no object struck,Wednesday,OTHER ACCIDENTS-OFF STRAIGHT NOT INCLUDED IN DCAs 170-175,No,Day,Yes,Not at intersection,Serious injury accident,60 km/hr,No,341503,145.11621,-37.86844,Non-Intersection,MONASH,METROPOLITAN SOUTH EAST REGION,2510225.176,2403619.772,1,1,0,1,0,0,1,0,1,0,0,0,0,0,0,0,0,0,0,0,No,0,1,0,0,0,0,MELB_URBAN,MELB_URBAN,MONASH,METROPOLITAN SOUTH EAST REGION,,,Arterial Other,Arterial Other,Undivided,Undiv,Metro,2019,1,14,0
3476427,T20190001237,ABS to receive accident,Finished,20/1/2019,08.30.00,Yes,Collision with vehicle,Sunday,LEFT NEAR (INTERSECTIONS ONLY),No,Day,No,Multiple intersection,Other injury accident,60 km/hr,No,44520,145.10326,-37.587,Intersection,WHITTLESEA,METROPOLITAN NORTH WEST REGION,2509119.145,2434857.09,2,1,0,0,1,1,2,0,1,0,1,0,0,0,0,0,0,0,0,0,No,0,2,0,1,0,0,RURAL_VICTORIA,RURAL_VICTORIA,WHITTLESEA,METROPOLITAN NORTH WEST REGION,C,C,Arterial Other,"Arterial Other,Local Road",Undivided,Undiv,Metro,2019,1,08,0
3476428,T20190001241,ABS to receive accident,Finished,21/1/2019,15.00.00,No,Collision with vehicle,Sunday,CROSS TRAFFIC(INTERSECTIONS ONLY),No,Day,Yes,Cross intersection,Other injury accident,60 km/hr,No,49957,144.37084,-38.15016,Intersection,GEELONG,SOUTH WESTERN REGION,2444849.559,2372174.107,2,1,0,0,1,1,1,1,0,0,2,0,0,0,0,0,0,0,0,0,No,0,2,0,2,0,0,LARGE_PROVINCIAL_CITIES,LARGE_PROVINCIAL_CITIES,GEELONG,SOUTH WESTERN REGION,,,Local Road,Local Road,Undivided,Undiv,Country,2019,1,15,0
3476429,T20190001246,ABS to receive accident,Finished,21/1/2019,15.20.00,No,Struck Pedestrian,Monday,PED EMERGES FROM IN FRONT OF PARKED OR STATIONARY VEHICLE,No,Day,Yes,Not at intersection,Other injury accident,50 km/hr,No,341476,144.89992,-37.73778,Non-Intersection,MOONEE VALLEY,METROPOLITAN NORTH WEST REGION,2491179.385,2418123.388,2,1,0,0,1,1,2,0,0,0,1,1,0,0,0,0,0,0,0,0,No,0,1,0,1,0,0,MELB_URBAN,MELB_URBAN,MOONEE VALLEY,METROPOLITAN NORTH WEST REGION,,,Local Road,Local Road,Undivided,Undiv,Metro,2019,1,15,0
3476430,T20190001248,ABS to receive accident,Finished,21/1/2019,16.40.00,Yes,Collision with vehicle,Sunday,REAR END(VEHICLES IN SAME LANE),No,Day,No,Not at intersection,Other injury accident,Not known,No,341478,144.87122,-37.71881,Non-Intersection,BRIMBANK,METROPOLITAN NORTH WEST REGION,2488646.669,2420225.624,2,1,0,0,1,1,1,1,0,0,2,0,0,0,0,0,0,0,0,0,No,0,2,0,2,0,0,MELB_URBAN,MELB_URBAN,BRIMBANK,METROPOLITAN NORTH WEST REGION,M,M,Freeway,Freeway,Divided,Div,Metro,2019,1,16,0
3476431,T20190001800,ABS to receive accident,Finished,30/1/2019,11.50.00,No,Collision with vehicle,Wednesday,RIGHT THROUGH,No,Day,Yes,T intersection,Serious injury accident,70 km/hr,No,342444,145.0729,-37.88501,Intersection,STONNINGTON,METROPOLITAN SOUTH EAST REGION,2506412.462,2401784.365,2,1,0,1,0,1,0,2,0,0,2,0,0,0,0,0,0,0,0,1,No,0,2,0,2,0,0,MELB_URBAN,MELB_URBAN,STONNINGTON,METROPOLITAN SOUTH EAST REGION,,,Arterial Highway,"Arterial Highway,Local Road",Undivided,Undiv,Metro,2019,1,11,0
3476432,T20190001801,ABS to receive accident,Finished,30/1/2019,11.30.00,No,Struck Pedestrian,Tuesday,PED NEAR SIDE. PED HIT BY VEHICLE FROM THE RIGHT.,No,Day,Yes,T intersection,Other injury accident,60 km/hr,No,45877,145.05021,-37.75272,Intersection,BANYULE,METROPOLITAN NORTH WEST REGION,2504424.617,2416468.367,3,1,0,0,1,2,1,2,0,1,1,1,0,0,0,0,0,0,0,0,No,0,1,0,1,0,0,MELB_URBAN,MELB_URBAN,BANYULE,METROPOLITAN NORTH WEST REGION,,,Arterial Highway,"Arterial Highway,Local Road",Divided,"Div,Undiv",Metro,2019,1,11,0
3476433,T20190001802,ABS to receive accident,Finished,26/1/2019,17.00.00,Yes,Collision with vehicle,Friday,REAR END(VEHICLES IN SAME LANE),No,Day,Yes,Cross intersection,Other injury accident,70 km/hr,No,57515,144.99224,-37.85779,Intersection,PORT PHILLIP,METROPOLITAN NORTH WEST REGION,2499317.036,2404808.439,2,1,0,0,1,1,0,2,0,0,2,0,0,0,0,0,0,0,0,1,No,0,2,0,2,0,0,MELB_URBAN,MELB_URBAN,PORT PHILLIP,METROPOLITAN NORTH WEST REGION,,,Arterial Highway,"Arterial Highway,Local Road",Divided,"Div,Undiv",Metro,2019,1,17,0
3476434,T20190001805,ABS to receive accident,Finished,30/1/2019,15.09.00,No,Collision with vehicle,Tuesday,REAR END(VEHICLES IN SAME LANE),No,Day,Yes,T intersection,Other injury accident,60 km/hr,No,39362,145.13955,-37.81486,Intersection,WHITEHORSE,METROPOLITAN SOUTH EAST REGION,2512287.245,2409563.703,2,1,0,0,1,1,2,0,0,0,1,0,0,1,0,0,0,0,0,0,No,0,2,0,1,1,0,MELB_URBAN,MELB_URBAN,WHITEHORSE,METROPOLITAN SOUTH EAST REGION,,,Arterial Other,"Arterial Other,Local Road",Undivided,Undiv,Metro,2019,1,15,0
3476435,T20190001806,ABS to receive accident,Finished,30/1/2019,08.50.00,No,Collision with a fixed object,Wednesday,OFF END OF ROAD/T-INTERSECTION.,No,Day,Yes,T intersection,Serious injury accident,100 km/hr,No,342145,143.5255,-35.7219,Intersection,GANNAWARRA,NORTHERN REGION,2366580.878,2640781.845,1,1,0,1,0,0,1,0,0,0,0,0,0,1,0,0,0,0,0,0,No,0,1,0,0,1,0,RURAL_VICTORIA,RURAL_VICTORIA,GANNAWARRA,NORTHERN REGION,,,Local Road,Local Road,Undivided,Undiv,Country,2019,1,08,0
3476436,T20190001811,ABS to receive accident,Finished,30/1/2019,16.15.00,No,Struck Pedestrian,Wednesday,PED PLAYING/LYING/WORKING/STANDING ON CARRIAGEWAY.,No,Day,Yes,Not at intersection,Other injury accident,Other speed limit,No,342225,145.22589,-37.81576,Off Road,MAROONDAH,METROPOLITAN SOUTH EAST REGION,2519888.786,2409449.352,2,1,0,0,1,1,1,1,0,0,1,1,0,0,0,0,0,0,0,0,No,0,1,0,1,0,0,MELB_URBAN,MELB_URBAN,MAROONDAH,METROPOLITAN SOUTH EAST REGION,,,,,,,Metro,2019,1,16,0