OBJECTID,ACCIDENT_NO,ABS_CODE,ACCIDENT_STATUS,ACCIDENT_DATE,ACCIDENT_TIME,ALCOHOLTIME,ACCIDENT_TYPE,DAY_OF_WEEK,DCA_CODE,HIT_RUN_FLAG,LIGHT_CONDITION,POLICE_ATTEND,ROAD_GEOMETRY,SEVERITY,SPEED_ZONE,RUN_OFFROAD,NODE_ID,LONGITUDE,LATITUDE,NODE_TYPE,LGA_NAME,REGION_NAME,VICGRID_X,VICGRID_Y,TOTAL_PERSONS,INJ_OR_FATAL,FATALITY,SERIOUSINJURY,OTHERINJURY,NONINJURED,MALES,FEMALES,BICYCLIST,PASSENGER,DRIVER,PEDESTRIAN,PILLION,MOTORIST,UNKNOWN,PED_CYCLIST_5_12,PED_CYCLIST_13_18,OLD_PEDESTRIAN,OLD_DRIVER,YOUNG_DRIVER,ALCOHOL_RELATED,UNLICENCSED,NO_OF_VEHICLES,HEAVYVEHICLE,PASSENGERVEHICLE,MOTORCYCLE,PUBLICVEHICLE,DEG_URBAN_NAME,DEG_URBAN_ALL,LGA_NAME_ALL,REGION_NAME_ALL,SRNS,SRNS_ALL,RMA,RMA_ALL,DIVIDED,DIVIDED_ALL,STAT_DIV_NAME,Year,Month,Hour,ALCOHOL_RELATED
3476479,T20190001272,ABS to receive accident,Finished,22/1/2019,06.57.00,No,Collision with vehicle,Monday,VEHICLE STRIKES ANOTHER VEH WHILE EMERGING FROM DRIVEWAY,No,Day,Yes,Not at intersection,Serious injury accident,60 km/hr,No,341504,145.07008,-37.98894,Non-Intersection,KINGSTON,METROPOLITAN SOUTH EAST REGION,2506155.928,2390249.595,3,1,0,1,0,2,2,1,0,1,1,0,0,1,0,0,0,0,1,0,No,0,2,0,1,1,0,MELB_URBAN,MELB_URBAN,KINGSTON,METROPOLITAN SOUTH EAST REGION,,,Arterial Other,Arterial Other,Undivided,Undiv,Metro,2019,1,06,0
3476480,T20190001276,ABS to receive accident,Finished,22/1/2019,08.15.00,No,Collision with vehicle,Monday,CROSS TRAFFIC(INTERSECTIONS ONLY),No,Day,Yes,Cross intersection,Other injury accident,50 km/hr,No,42615,144.95652,-37.72662,Intersection,MORELAND,METROPOLITAN NORTH WEST REGION,2496167.04,2419365.856,3,2,0,0,2,1,2,1,0,0,2,1,0,0,0,0,0,1,0,1,No,0,5,1,4,0,0,MELB_URBAN,MELB_URBAN,MORELAND,METROPOLITAN NORTH WEST REGION,,,Local Road,Local Road,Undivided,Undiv,Metro,2019,1,08,0
3476481,T20190001283,ABS to receive accident,Finished,21/1/2019,16.25.00,Yes,Collision with vehicle,Sunday,REAR END(VEHICLES IN SAME LANE),No,Day,No,Not at intersection,Other injury accident,80 km/hr,No,341598,145.06549,-37.97527,Non-Intersection,KINGSTON,METROPOLITAN SOUTH EAST REGION,2505753.977,2391767.244,3,1,0,0,1,2,1,2,0,0,3,0,0,0,0,0,0,0,0,1,No,0,3,0,3,0,0,MELB_URBAN,MELB_URBAN,KINGSTON,METROPOLITAN SOUTH EAST REGION,,,Arterial Highway,Arterial Highway,Divided,Div,Metro,2019,1,16,0
3476482,T20190001285,ABS to receive accident,Finished,15/1/2019,20.15.00,Yes,Collision with vehicle,Monday,CROSS TRAFFIC(INTERSECTIONS ONLY),No,Day,Yes,Cross intersection,Other injury accident,60 km/hr,No,42796,145.07032,-37.98764,Intersection,KINGSTON,METROPOLITAN SOUTH EAST REGION,2506177.807,2390394.328,2,1,0,0,1,1,1,1,0,0,1,0,0,1,0,0,0,0,0,1,No,0,2,0,1,1,0,MELB_URBAN,MELB_URBAN,KINGSTON,METROPOLITAN SOUTH EAST REGION,,,Arterial Other,"Arterial Other,Local Road",Undivided,Undiv,Metro,2019,1,20,0
3476483,T20190001827,ABS to receive accident,Finished,30/1/2019,16.40.00,No,Fall from or in moving vehicle,Tuesday,OTHER ACCIDENTS-OFF STRAIGHT NOT INCLUDED IN DCAs 170-175,No,Day,Yes,Not at intersection,Other injury accident,60 km/hr,No,341886,145.04389,-37.80207,Non-Intersection,BOROONDARA,METROPOLITAN SOUTH EAST REGION,2503865.526,2410991.34,1,1,0,0,1,0,1,0,0,0,0,0,0,1,0,0,0,0,0,0,No,0,1,0,0,1,0,MELB_URBAN,MELB_URBAN,BOROONDARA,METROPOLITAN SOUTH EAST REGION,,,Arterial Other,Arterial Other,Undivided,Undiv,Metro,2019,1,16,0
3476484,T20190001828,ABS to receive accident,Finished,30/1/2019,18.00.00,Yes,Collision with vehicle,Tuesday,CROSS TRAFFIC(INTERSECTIONS ONLY),No,Day,Yes,Cross intersection,Other injury accident,50 km/hr,No,227538,145.06656,-37.68842,Intersection,BANYULE,METROPOLITAN NORTH WEST REGION,2505869.934,2423603.872,2,1,0,0,1,1,1,1,0,0,2,0,0,0,0,0,0,0,0,2,No,0,2,0,2,0,0,MELB_URBAN,MELB_URBAN,BANYULE,METROPOLITAN NORTH WEST REGION,,,Arterial Highway,"Arterial Highway,Local Road",Divided,"Div,Undiv",Metro,2019,1,18,0
3476485,T20190001829,ABS to receive accident,Finished,30/1/2019,14.35.00,No,Collision with vehicle,Tuesday,LEFT REAR,No,Day,Yes,T intersection,Other injury accident,60 km/hr,No,278854,145.33028,-38.10289,Intersection,CASEY,METROPOLITAN SOUTH EAST REGION,2528970.026,2377553.135,4,1,0,0,1,3,1,3,0,2,2,0,0,0,0,0,0,0,1,0,No,0,2,0,2,0,0,MELB_URBAN,MELB_URBAN,CASEY,METROPOLITAN SOUTH EAST REGION,C,C,Arterial Other,"Arterial Other,Local Road",Undivided,Undiv,Metro,2019,1,14,0
3476486,T20190001830,ABS to receive accident,Finished,30/1/2019,19.52.00,Yes,Collision with a fixed object,Wednesday,LEFT OFF CARRIAGEWAY INTO OBJECT/PARKED VEHICLE,No,Dusk/Dawn,Yes,Not at intersection,Serious injury accident,60 km/hr,Yes,341928,146.62586,-38.05468,Non-Intersection,LATROBE,EASTERN REGION,2642692.958,2381736.315,1,1,0,1,0,0,0,1,0,0,1,0,0,0,0,0,0,0,0,0,No,0,1,0,1,0,0,SMALL_TOWNS,SMALL_TOWNS,LATROBE,"EASTERN REGION,EASTERN REGION",,,Local Road,Local Road,Undivided,Undiv,Country,2019,1,19,0
3476487,T20190001831,ABS to receive accident,Finished,30/1/2019,08.10.00,No,Collision with vehicle,Tuesday,REAR END(VEHICLES IN SAME LANE),Yes,Day,No,Cross intersection,Other injury accident,40 km/hr,No,231578,145.4752,-38.07092,Intersection,CARDINIA,METROPOLITAN SOUTH EAST REGION,2541698.568,2381048.148,3,1,0,0,1,2,1,1,0,1,1,0,0,0,1,0,0,0,0,1,No,0,2,0,1,0,0,SMALL_CITIES,SMALL_CITIES,CARDINIA,METROPOLITAN SOUTH EAST REGION,C,C,Arterial Other,"Arterial Other,Local Road",Divided,"Div,Undiv",Metro,2019,1,08,0
3476488,T20190001838,ABS to receive accident,Finished,30/1/2019,23.30.00,Yes,Collision with vehicle,Tuesday,REAR END(VEHICLES IN SAME LANE),No,Dark Street lights on,Yes,Cross intersection,Other injury accident,Not known,No,35440,145.06009,-37.69476,Intersection,WHITTLESEA,METROPOLITAN NORTH WEST REGION,2505299.279,2422900.293,3,2,0,0,2,1,0,3,0,0,3,0,0,0,0,0,0,0,0,0,No,0,3,0,3,0,0,MELB_URBAN,MELB_URBAN,WHITTLESEA,METROPOLITAN NORTH WEST REGION,,,Arterial Highway,"Arterial Highway,Local Road",Divided,"Div,Undiv",Metro,2019,1,23,0
3476489,T20190001845,ABS to receive accident,Finished,18/1/2019,10.08.00,No,Collision with vehicle,Friday,RIGHT THROUGH,No,Day,No,Cross intersection,Other injury accident,60 km/hr,No,36813,144.94844,-37.82896,Intersection,PORT PHILLIP,METROPOLITAN NORTH WEST REGION,2495461.032,2408007.189,3,1,0,0,1,2,2,1,0,1,2,0,0,0,0,0,0,0,0,0,No,0,2,1,1,0,0,MELB_URBAN,MELB_URBAN,PORT PHILLIP,METROPOLITAN NORTH WEST REGION,,,Arterial Other,Arterial Other,Undivided,Undiv,Metro,2019,1,10,0
3476490,T20190001846,ABS to receive accident,Finished,30/1/2019,14.22.00,No,Collision with vehicle,Wednesday,LEFT FAR (INTERSECTIONS ONLY),No,Day,Yes,T intersection,Other injury accident,60 km/hr,No,48046,144.8476,-37.81186,Intersection,BRIMBANK,METROPOLITAN NORTH WEST REGION,2486580.997,2409895.257,2,1,0,0,1,1,2,0,0,0,2,0,0,0,0,0,0,0,1,0,No,0,2,1,1,0,0,MELB_URBAN,MELB_URBAN,BRIMBANK,METROPOLITAN NORTH WEST REGION,,,Arterial Other,"Arterial Other,Local Road",Undivided,Undiv,Metro,2019,1,14,0
3476491,T20190001847,ABS to receive accident,Finished,30/1/2019,18.40.00,Yes,No collision and no object struck,Wednesday,OUT OF CONTROL ON CARRIAGEWAY (ON STRAIGHT),No,Day,Yes,T intersection,Serious injury accident,60 km/hr,No,25798,144.87729,-37.71662,Intersection,BRIMBANK,METROPOLITAN NORTH WEST REGION,2489181.877,2420469.578,1,1,0,1,0,0,1,0,0,0,0,0,0,1,0,0,0,0,0,0,No,0,1,0,0,1,0,MELB_URBAN,MELB_URBAN,BRIMBANK,METROPOLITAN NORTH WEST REGION,,,Freeway,"Freeway,Local Road",Divided,"Div,Undiv",Metro,2019,1,18,0
3476492,T20190001850,ABS to receive accident,Finished,31/1/2019,00.01.00,Yes,Collision with vehicle,Wednesday,REAR END(VEHICLES IN SAME LANE),No,Dark Street lights on,Yes,T intersection,Other injury accident,70 km/hr,No,285,144.88589,-37.70703,Intersection,HUME,METROPOLITAN NORTH WEST REGION,2489938.429,2421534.192,7,1,0,0,1,6,5,2,0,4,3,0,0,0,0,0,0,0,0,0,No,1,3,0,3,0,0,MELB_URBAN,MELB_URBAN,HUME,METROPOLITAN NORTH WEST REGION,M,M,Freeway,"Freeway,Arterial Other",Divided,"Div,Undiv",Metro,2019,1,00,0
3476493,T20190001853,ABS to receive accident,Finished,31/1/2019,09.30.00,No,Collision with vehicle,Wednesday,LEFT REAR,No,Day,Yes,Cross intersection,Other injury accident,40 km/hr,No,332681,145.11264,-37.95962,Intersection,KINGSTON,METROPOLITAN SOUTH EAST REGION,2509898.364,2393500.804,2,1,0,0,1,1,2,0,0,0,2,0,0,0,0,0,0,0,0,0,No,0,2,0,2,0,0,MELB_URBAN,MELB_URBAN,KINGSTON,METROPOLITAN SOUTH EAST REGION,,,Arterial Highway,"Arterial Highway,Arterial Other",Divided,Div,Metro,2019,1,09,0
3476494,T20190001855,ABS to receive accident,Finished,26/1/2019,13.10.00,No,No collision and no object struck,Saturday,OUT OF CONTROL (OVERTAKING),No,Day,No,Not at intersection,Other injury accident,80 km/hr,Yes,341945,143.61627,-38.5542,Off Road,COLAC OTWAY,SOUTH WESTERN REGION,2379362.222,2326624.26,1,1,0,0,1,0,1,0,0,0,0,0,0,1,0,0,0,0,0,0,No,0,1,0,0,1,0,RURAL_VICTORIA,RURAL_VICTORIA,COLAC OTWAY,SOUTH WESTERN REGION,,,,,,,Country,2019,1,13,0
3476495,T20190001856,ABS to receive accident,Finished,15/1/2019,12.00.00,No,Struck Pedestrian,Tuesday,FAR SIDE. PED HIT BY VEHICLE FROM THE LEFT,No,Day,No,Cross intersection,Other injury accident,50 km/hr,No,50776,142.48103,-38.38734,Intersection,WARRNAMBOOL,SOUTH WESTERN REGION,2279916.324,2343114.954,2,1,0,0,1,1,1,1,0,0,1,1,0,0,0,0,0,0,0,0,No,0,1,0,1,0,0,SMALL_CITIES,SMALL_CITIES,WARRNAMBOOL,SOUTH WESTERN REGION,,,Local Road,Local Road,Undivided,Undiv,Country,2019,1,12,0
3476496,T20190002470,ABS to receive accident,Finished,8/2/2019,19.46.00,Yes,Collision with vehicle,Friday,RIGHT REAR.,No,Day,Yes,T intersection,Other injury accident,60 km/hr,No,51588,144.25158,-36.754,Intersection,BENDIGO,NORTHERN REGION,2433178.248,2527033.635,2,1,0,0,1,1,1,1,0,0,1,0,0,1,0,0,0,0,0,0,No,0,2,0,1,1,0,LARGE_PROVINCIAL_CITIES,LARGE_PROVINCIAL_CITIES,BENDIGO,NORTHERN REGION,C,C,Arterial Other,"Arterial Other,Local Road",Undivided,Undiv,Country,2019,2,19,0
3476497,T20190002472,ABS to receive accident,Finished,8/2/2019,17.25.00,No,Collision with vehicle,Thursday,CROSS TRAFFIC(INTERSECTIONS ONLY),No,Day,Yes,Cross intersection,Serious injury accident,60 km/hr,No,36922,145.11978,-38.05028,Intersection,KINGSTON,METROPOLITAN SOUTH EAST REGION,2510513.207,2383436.794,8,1,0,1,0,7,3,5,0,6,2,0,0,0,0,0,0,0,0,0,No,0,2,0,2,0,0,MELB_URBAN,MELB_URBAN,KINGSTON,METROPOLITAN SOUTH EAST REGION,,,Local Road,Local Road,Undivided,Undiv,Metro,2019,2,17,0
3476498,T20190002482,ABS to receive accident,Finished,8/2/2019,23.10.00,Yes,Collision with a fixed object,Thursday,PERMANENT OBSTRUCTION ON CARRIAGEWAY,No,Dark No street lights,Yes,Not at intersection,Other injury accident,60 km/hr,No,342067,145.20209,-37.81816,Non-Intersection,WHITEHORSE,METROPOLITAN SOUTH EAST REGION,2517792.756,2409187.935,1,1,0,0,1,0,1,0,0,0,1,0,0,0,0,0,0,0,0,0,No,0,1,0,1,0,0,MELB_URBAN,MELB_URBAN,WHITEHORSE,METROPOLITAN SOUTH EAST REGION,,,Local Road,Local Road,Undivided,Undiv,Metro,2019,2,23,0
3476499,T20190002483,ABS to receive accident,Finished,8/2/2019,23.30.00,Yes,Struck Pedestrian,Friday,FAR SIDE. PED HIT BY VEHICLE FROM THE LEFT,No,Dark Street lights on,Yes,Cross intersection,Other injury accident,40 km/hr,No,36856,144.95756,-37.82036,Intersection,MELBOURNE,METROPOLITAN NORTH WEST REGION,2496263.357,2408961.524,3,1,0,0,1,2,2,1,0,1,1,1,0,0,0,0,0,0,0,0,No,0,1,0,1,0,0,MELBOURNE_CBD,"MELBOURNE_CBD,MELB_URBAN",MELBOURNE,METROPOLITAN NORTH WEST REGION,,,Arterial Highway,"Arterial Highway,Local Road,Arterial Other",Divided,"Div,Undiv",Metro,2019,2,23,0
3476500,T20190002484,ABS to receive accident,Finished,8/2/2019,23.30.00,Yes,Collision with a fixed object,Thursday,RIGHT OFF CARRIAGEWAY INTO OBJECT/PARKED VEHICLE,No,Dark No street lights,Yes,Not at intersection,Serious injury accident,60 km/hr,Yes,343381,144.46148,-37.97226,Non-Intersection,GEELONG,SOUTH WESTERN REGION,2452683.674,2391969.469,1,1,0,1,0,0,1,0,0,0,1,0,0,0,0,0,0,0,0,1,No,0,1,0,1,0,0,RURAL_VICTORIA,RURAL_VICTORIA,GEELONG,SOUTH WESTERN REGION,,,Local Road,Local Road,Undivided,Undiv,Country,2019,2,23,0
3476501,T20190002485,ABS to receive accident,Finished,8/2/2019,22.20.00,Yes,Collision with vehicle,Friday,REAR END(VEHICLES IN SAME LANE),No,Dark Street lights on,Yes,Not at intersection,Other injury accident,40 km/hr,No,342051,144.9567,-37.81232,Non-Intersection,MELBOURNE,METROPOLITAN NORTH WEST REGION,2496187.212,2409854.6,2,1,0,0,1,1,1,1,0,0,2,0,0,0,0,0,0,0,0,0,No,0,2,0,2,0,0,MELBOURNE_CBD,MELBOURNE_CBD,MELBOURNE,METROPOLITAN NORTH WEST REGION,,,Local Road,Local Road,Undivided,Undiv,Metro,2019,2,22,0
3476502,T20190002487,ABS to receive accident,Finished,8/2/2019,19.30.00,Yes,Struck Pedestrian,Friday,PED NEAR SIDE. PED HIT BY VEHICLE FROM THE RIGHT.,Yes,Day,Yes,Cross intersection,Other injury accident,40 km/hr,No,35364,144.96699,-37.81649,Intersection,MELBOURNE,METROPOLITAN NORTH WEST REGION,2497093.461,2409392.343,2,1,0,0,1,1,1,0,0,0,1,1,0,0,0,0,0,0,0,0,No,0,1,0,1,0,0,MELBOURNE_CBD,MELBOURNE_CBD,MELBOURNE,METROPOLITAN NORTH WEST REGION,,,Local Road,Local Road,Undivided,Undiv,Metro,2019,2,19,0
3476503,T20190002491,ABS to receive accident,Finished,30/1/2019,17.28.00,No,Collision with vehicle,Tuesday,VEHICLE STRIKES DOOR OF PARKED/STATIONARY VEHICLE,No,Day,No,Not at intersection,Other injury accident,Not known,No,342581,144.9711,-37.82944,Non-Intersection,MELBOURNE,METROPOLITAN NORTH WEST REGION,2497456.26,2407954.211,2,1,0,0,1,1,1,1,1,0,1,0,0,0,0,0,0,0,0,0,No,0,2,0,1,0,0,MELB_URBAN,MELB_URBAN,MELBOURNE,METROPOLITAN NORTH WEST REGION,,,Arterial Other,Arterial Other,Undivided,Undiv,Metro,2019,1,17,0
3476504,T20190002494,ABS to receive accident,Finished,9/2/2019,09.19.00,No,Collision with vehicle,Friday,CROSS TRAFFIC(INTERSECTIONS ONLY),No,Day,Yes,Cross intersection,Other injury accident,50 km/hr,No,52658,143.74522,-37.05038,Intersection,CENTRAL GOLDFIELDS,WESTERN REGION,2388403.56,2493674.093,2,1,0,0,1,1,1,1,0,0,2,0,0,0,0,0,0,0,0,0,No,0,2,0,2,0,0,TOWNS,TOWNS,CENTRAL GOLDFIELDS,WESTERN REGION,,,Local Road,Local Road,Undivided,Undiv,Country,2019,2,09,0
3476505,T20190002495,ABS to receive accident,Finished,9/2/2019,09.35.00,No,Collision with vehicle,Saturday,CROSS TRAFFIC(INTERSECTIONS ONLY),No,Day,Yes,Cross intersection,Other injury accident,50 km/hr,No,51832,144.45155,-37.24447,Intersection,MACEDON RANGES,NORTHERN REGION,2451345.606,2472732.499,3,1,0,0,1,2,1,2,0,1,2,0,0,0,0,0,0,0,0,1,No,0,2,0,2,0,0,TOWNS,TOWNS,MACEDON RANGES,NORTHERN REGION,C,C,Arterial Other,"Arterial Other,Local Road",Undivided,Undiv,Country,2019,2,09,0
3476506,T20190002498,ABS to receive accident,Finished,9/2/2019,12.00.00,No,Collision with vehicle,Saturday,HEAD ON (NOT OVERTAKING),No,Day,Yes,Not at intersection,Other injury accident,80 km/hr,No,343045,145.14828,-37.97201,Non-Intersection,DANDENONG,METROPOLITAN SOUTH EAST REGION,2513028.991,2392120.299,2,1,0,0,1,1,1,1,0,0,2,0,0,0,0,0,0,0,0,0,No,0,2,0,1,0,0,MELB_URBAN,MELB_URBAN,DANDENONG,METROPOLITAN SOUTH EAST REGION,,,Arterial Highway,Arterial Highway,Divided,Div,Metro,2019,2,12,0
3476507,T20190002499,ABS to receive accident,Finished,9/2/2019,08.30.00,No,Collision with vehicle,Friday,LEFT OFF CARRIAGEWAY INTO OBJECT/PARKED VEHICLE,No,Day,Yes,Not at intersection,Serious injury accident,50 km/hr,Yes,342072,145.29872,-37.85101,Non-Intersection,KNOX,METROPOLITAN SOUTH EAST REGION,2526289.153,2405519.391,1,1,0,1,0,0,1,0,0,0,1,0,0,0,0,0,0,0,1,0,No,0,2,0,2,0,0,MELB_URBAN,MELB_URBAN,KNOX,METROPOLITAN SOUTH EAST REGION,,,Local Road,Local Road,Undivided,Undiv,Metro,2019,2,08,0
3476508,T20190002502,ABS to receive accident,Finished,9/2/2019,12.55.00,No,No collision and no object struck,Friday,OTHER ACCIDENTS-OFF STRAIGHT NOT INCLUDED IN DCAs 170-175,No,Day,Yes,Not at intersection,Serious injury accident,60 km/hr,No,342085,145.08093,-37.90897,Non-Intersection,GLEN EIRA,METROPOLITAN SOUTH EAST REGION,2507116.589,2399124.878,1,1,0,1,0,0,1,0,0,0,0,0,0,1,0,0,0,0,0,0,No,0,1,0,0,1,0,MELB_URBAN,MELB_URBAN,"MONASH,GLEN EIRA",METROPOLITAN SOUTH EAST REGION,,,Arterial Highway,Arterial Highway,Undivided,Undiv,Metro,2019,2,12,0
3476509,T20190003100,ABS to receive accident,Finished,18/2/2019,06.33.00,No,Collision with vehicle,Monday,RIGHT THROUGH,No,Dark Street lights on,Yes,Cross intersection,Other injury accident,80 km/hr,No,289584,145.20797,-38.00295,Intersection,DANDENONG,METROPOLITAN SOUTH EAST REGION,2518266.059,2388677.076,5,4,0,0,4,1,3,2,0,2,3,0,0,0,0,0,0,0,0,2,No,0,3,0,3,0,0,MELB_URBAN,MELB_URBAN,DANDENONG,METROPOLITAN SOUTH EAST REGION,,,Arterial Highway,"Arterial Highway,Local Road",Divided,"Div,Undiv",Metro,2019,2,06,0
3476510,T20190003102,ABS to receive accident,Finished,18/2/2019,08.25.00,No,Collision with vehicle,Monday,VEHICLE STRIKES DOOR OF PARKED/STATIONARY VEHICLE,No,Day,No,Not at intersection,Other injury accident,40 km/hr,No,342513,145.00591,-37.90597,Non-Intersection,BAYSIDE,METROPOLITAN SOUTH EAST REGION,2500519.919,2399461.481,2,1,0,0,1,1,1,1,1,0,1,0,0,0,0,0,0,0,0,1,No,0,2,0,1,0,0,MELB_URBAN,MELB_URBAN,BAYSIDE,METROPOLITAN SOUTH EAST REGION,,,Local Road,Local Road,Undivided,Undiv,Metro,2019,2,08,0
3476512,T20190003106,ABS to receive accident,Finished,15/2/2019,17.00.00,No,No collision and no object struck,Thursday,OUT OF CONTROL (OVERTAKING),No,Day,No,Not at intersection,Other injury accident,50 km/hr,Yes,342354,145.46687,-38.08074,Non-Intersection,CARDINIA,METROPOLITAN SOUTH EAST REGION,2540961.825,2379961.94,2,1,0,0,1,1,1,0,0,0,0,0,0,1,1,0,0,0,0,0,No,0,2,0,0,1,0,SMALL_CITIES,SMALL_CITIES,CARDINIA,METROPOLITAN SOUTH EAST REGION,,,Local Road,Local Road,Undivided,Undiv,Metro,2019,2,17,0
3476513,T20190003109,ABS to receive accident,Finished,18/2/2019,01.00.00,Yes,Struck animal,Monday,STRUCK ANIMAL,No,Dark No street lights,No,Not at intersection,Other injury accident,100 km/hr,No,342357,146.62868,-37.61945,Non-Intersection,WELLINGTON,EASTERN REGION,2643766.214,2430030.42,1,1,0,0,1,0,0,1,0,0,1,0,0,0,0,0,0,0,0,0,No,0,1,0,1,0,0,RURAL_VICTORIA,RURAL_VICTORIA,WELLINGTON,"EASTERN REGION,EASTERN REGION",,,Local Road,Local Road,Undivided,Undiv,Country,2019,2,01,0
3476514,T20190003111,ABS to receive accident,Finished,18/2/2019,12.20.00,No,Collision with vehicle,Monday,RIGHT THROUGH,No,Day,Yes,Cross intersection,Other injury accident,60 km/hr,No,610,145.09561,-37.85039,Intersection,WHITEHORSE,METROPOLITAN SOUTH EAST REGION,2508414.457,2405625.938,6,2,0,0,2,4,4,2,0,3,3,0,0,0,0,0,0,0,0,0,No,0,3,0,3,0,0,MELB_URBAN,MELB_URBAN,"WHITEHORSE,BOROONDARA",METROPOLITAN SOUTH EAST REGION,,,Arterial Highway,"Arterial Highway,Arterial Other",Undivided,Undiv,Metro,2019,2,12,0
3476515,T20190003112,ABS to receive accident,Finished,12/2/2019,16.16.00,No,Collision with vehicle,Monday,RIGHT THROUGH,No,Day,Yes,T intersection,Serious injury accident,70 km/hr,No,29644,145.03378,-37.90315,Intersection,GLEN EIRA,METROPOLITAN SOUTH EAST REGION,2502970.408,2399773.618,2,1,0,1,0,1,1,1,0,0,2,0,0,0,0,0,0,0,0,0,No,0,2,0,2,0,0,MELB_URBAN,MELB_URBAN,GLEN EIRA,METROPOLITAN SOUTH EAST REGION,,,Arterial Highway,"Arterial Highway,Local Road",Divided,"Div,Undiv",Metro,2019,2,16,0
3476516,T20190003115,ABS to receive accident,Finished,18/2/2019,08.30.00,No,Collision with vehicle,Monday,REAR END(VEHICLES IN SAME LANE),No,Day,No,Cross intersection,Serious injury accident,Not known,No,46152,145.09131,-38.19511,Intersection,MORNINGTON PENINSULA,METROPOLITAN SOUTH EAST REGION,2507998.87,2367362.731,2,1,0,1,0,1,0,2,0,0,2,0,0,0,0,0,0,0,0,1,No,0,2,0,2,0,0,MELB_URBAN,MELB_URBAN,MORNINGTON PENINSULA,METROPOLITAN SOUTH EAST REGION,,,Arterial Highway,"Arterial Highway,Local Road",Divided,"Div,Undiv",Metro,2019,2,08,0
3476517,T20190003122,ABS to receive accident,Finished,18/2/2019,15.10.00,No,Struck Pedestrian,Monday,ANY MANOEUVRE INVOLVING PED NOT INCLUDED IN DCAs 100-108.,No,Day,Yes,Not at intersection,Other injury accident,40 km/hr,No,342387,144.93509,-37.71635,Non-Intersection,MORELAND,METROPOLITAN NORTH WEST REGION,2494277.178,2420504.186,2,1,0,0,1,1,0,2,0,0,1,1,0,0,0,0,0,0,0,0,No,0,1,0,1,0,0,MELB_URBAN,MELB_URBAN,MORELAND,METROPOLITAN NORTH WEST REGION,,,Arterial Other,Arterial Other,Undivided,Undiv,Metro,2019,2,15,0
3476518,T20190003127,ABS to receive accident,Finished,18/2/2019,16.00.00,Yes,Collision with vehicle,Sunday,REAR END(VEHICLES IN SAME LANE),No,Day,Yes,Not at intersection,Other injury accident,60 km/hr,No,342385,144.97944,-37.84623,Non-Intersection,MELBOURNE,METROPOLITAN NORTH WEST REGION,2498190.632,2406091.597,4,1,0,0,1,3,1,2,1,1,2,0,0,0,0,0,0,0,0,1,No,0,3,0,2,0,0,MELB_URBAN,MELB_URBAN,MELBOURNE,METROPOLITAN NORTH WEST REGION,,,Arterial Other,Arterial Other,Undivided,Undiv,Metro,2019,2,16,0
3476519,T20190003128,ABS to receive accident,Finished,18/2/2019,16.20.00,Yes,Collision with vehicle,Sunday,REAR END(VEHICLES IN SAME LANE),Yes,Day,Yes,Cross intersection,Other injury accident,Not known,No,36095,144.9459,-37.80053,Intersection,MELBOURNE,METROPOLITAN NORTH WEST REGION,2495235.741,2411162.539,2,1,0,0,1,1,2,0,0,0,1,0,0,1,0,0,0,0,0,0,No,0,2,0,1,1,0,MELB_URBAN,MELB_URBAN,MELBOURNE,METROPOLITAN NORTH WEST REGION,,,Local Road,Local Road,Undivided,Undiv,Metro,2019,2,16,0
3476520,T20190003133,ABS to receive accident,Finished,18/2/2019,17.50.00,No,Collision with vehicle,Monday,RIGHT THROUGH,No,Day,Yes,T intersection,Serious injury accident,50 km/hr,No,43103,145.22465,-37.99593,Intersection,DANDENONG,METROPOLITAN SOUTH EAST REGION,2519732.345,2389452.825,3,1,0,1,0,2,0,3,0,1,2,0,0,0,0,0,0,0,0,0,No,0,2,0,2,0,0,MELB_URBAN,MELB_URBAN,DANDENONG,METROPOLITAN SOUTH EAST REGION,,,Local Road,Local Road,Divided,"Div,Undiv",Metro,2019,2,17,0
3476521,T20190003137,ABS to receive accident,Finished,18/2/2019,15.50.00,No,Collision with vehicle,Sunday,RIGHT THROUGH,No,Day,No,Not at intersection,Other injury accident,60 km/hr,No,342391,143.85057,-37.56023,Non-Intersection,BALLARAT,WESTERN REGION,2398455.727,2437219.565,3,2,0,0,2,1,2,1,0,1,2,0,0,0,0,0,0,0,0,0,No,0,2,0,2,0,0,LARGE_PROVINCIAL_CITIES,LARGE_PROVINCIAL_CITIES,BALLARAT,WESTERN REGION,,,Local Road,Local Road,Undivided,Undiv,Country,2019,2,15,0
3476522,T20190001286,ABS to receive accident,Finished,22/1/2019,11.30.00,No,Collision with vehicle,Monday,OTHER OVERTAKING MANOEUVRES NOT INCLUDED IN DCAs 150-154,No,Day,Yes,Not at intersection,Other injury accident,60 km/hr,No,342693,145.05253,-37.85277,Non-Intersection,STONNINGTON,METROPOLITAN SOUTH EAST REGION,2504623.148,2405364.751,3,1,0,0,1,2,3,0,0,0,3,0,0,0,0,0,0,0,0,1,No,0,3,1,2,0,0,MELB_URBAN,MELB_URBAN,STONNINGTON,METROPOLITAN SOUTH EAST REGION,,,Arterial Other,Arterial Other,Divided,Div,Metro,2019,1,11,0