OBJECTID,ACCIDENT_NO,ABS_CODE,ACCIDENT_STATUS,ACCIDENT_DATE,ACCIDENT_TIME,ALCOHOLTIME,ACCIDENT_TYPE,DAY_OF_WEEK,DCA_CODE,HIT_RUN_FLAG,LIGHT_CONDITION,POLICE_ATTEND,ROAD_GEOMETRY,SEVERITY,SPEED_ZONE,RUN_OFFROAD,NODE_ID,LONGITUDE,LATITUDE,NODE_TYPE,LGA_NAME,REGION_NAME,VICGRID_X,VICGRID_Y,TOTAL_PERSONS,INJ_OR_FATAL,FATALITY,SERIOUSINJURY,OTHERINJURY,NONINJURED,MALES,FEMALES,BICYCLIST,PASSENGER,DRIVER,PEDESTRIAN,PILLION,MOTORIST,UNKNOWN,PED_CYCLIST_5_12,PED_CYCLIST_13_18,OLD_PEDESTRIAN,OLD_DRIVER,YOUNG_DRIVER,ALCOHOL_RELATED,UNLICENCSED,NO_OF_VEHICLES,HEAVYVEHICLE,PASSENGERVEHICLE,MOTORCYCLE,PUBLICVEHICLE,DEG_URBAN_NAME,DEG_URBAN_ALL,LGA_NAME_ALL,REGION_NAME_ALL,SRNS,SRNS_ALL,RMA,RMA_ALL,DIVIDED,DIVIDED_ALL,STAT_DIV_NAME,Year,Month,Hour,ALCOHOL_RELATED
3476523,T20190001287,ABS to receive accident,Finished,21/1/2019,17.30.00,Yes,Collision with vehicle,Sunday,VEHICLE STRIKES DOOR OF PARKED/STATIONARY VEHICLE,No,Unk.,No,Not at intersection,Serious injury accident,50 km/hr,No,148998,144.99773,-37.82679,Non-Intersection,YARRA,METROPOLITAN NORTH WEST REGION,2499800.377,2408249.102,5,1,0,1,0,4,2,3,1,3,1,0,0,0,0,0,0,0,0,0,No,0,2,0,1,0,0,MELB_URBAN,MELB_URBAN,YARRA,METROPOLITAN NORTH WEST REGION,,,Arterial Other,Arterial Other,Undivided,Undiv,Metro,2019,1,17,0
3476524,T20190001288,ABS to receive accident,Finished,22/1/2019,09.05.00,No,Collision with vehicle,Monday,LEFT TURN SIDESWIPE,No,Day,No,Not at intersection,Other injury accident,50 km/hr,No,341667,144.91012,-37.80678,Non-Intersection,MELBOURNE,METROPOLITAN NORTH WEST REGION,2492085.313,2410466.277,2,1,0,0,1,1,2,0,0,0,2,0,0,0,0,0,0,0,0,0,No,0,2,1,1,0,0,MELB_URBAN,MELB_URBAN,MELBOURNE,METROPOLITAN NORTH WEST REGION,,,Arterial Highway,Arterial Highway,Divided,Div,Metro,2019,1,09,0
3476525,T20190001292,ABS to receive accident,Finished,22/1/2019,13.05.00,No,Struck Pedestrian,Tuesday,VEH STRIKES PED ON FOOTPATH/MEDIAN/TRAFFIC ISLAND.,No,Day,Yes,Cross intersection,Other injury accident,60 km/hr,No,57391,144.96534,-37.73399,Intersection,MORELAND,METROPOLITAN NORTH WEST REGION,2496945.284,2418547.987,3,1,0,0,1,2,1,2,0,0,1,2,0,0,0,0,0,0,0,0,No,0,1,1,0,0,0,MELB_URBAN,MELB_URBAN,MORELAND,METROPOLITAN NORTH WEST REGION,,,Arterial Other,Arterial Other,Undivided,Undiv,Metro,2019,1,13,0
3476527,T20190001295,ABS to receive accident,Finished,22/1/2019,10.40.00,No,Collision with vehicle,Tuesday,REAR END(VEHICLES IN SAME LANE),No,Day,Yes,Not at intersection,Other injury accident,80 km/hr,No,341532,144.69808,-37.92094,Non-Intersection,WYNDHAM,METROPOLITAN NORTH WEST REGION,2473453.693,2397757.856,4,3,0,0,3,1,2,2,0,1,3,0,0,0,0,0,0,0,0,0,No,0,3,0,2,0,0,RURAL_VICTORIA,RURAL_VICTORIA,WYNDHAM,METROPOLITAN NORTH WEST REGION,C,C,Arterial Other,Arterial Other,Undivided,Undiv,Metro,2019,1,10,0
3476528,T20190001299,ABS to receive accident,Finished,22/1/2019,14.35.00,No,Collision with vehicle,Monday,RIGHT NEAR (INTERSECTIONS ONLY),No,Day,Yes,T intersection,Other injury accident,60 km/hr,No,770,145.04097,-37.92259,Intersection,GLEN EIRA,METROPOLITAN SOUTH EAST REGION,2503601.809,2397615.157,3,3,0,0,3,0,3,0,0,1,2,0,0,0,0,0,0,0,0,0,No,0,2,0,2,0,0,MELB_URBAN,MELB_URBAN,GLEN EIRA,METROPOLITAN SOUTH EAST REGION,,,Arterial Other,"Arterial Other,Local Road",Undivided,Undiv,Metro,2019,1,14,0
3476529,T20190001304,ABS to receive accident,Finished,22/1/2019,14.15.00,No,Collision with a fixed object,Monday,RIGHT OFF CARRIAGEWAY INTO OBJECT/PARKED VEHICLE,No,Day,Yes,Cross intersection,Other injury accident,60 km/hr,Yes,29549,145.0463,-37.81581,Intersection,BOROONDARA,METROPOLITAN SOUTH EAST REGION,2504076.251,2409466.288,1,1,0,0,1,0,1,0,0,0,1,0,0,0,0,0,0,0,0,0,Yes,0,1,0,1,0,0,MELB_URBAN,MELB_URBAN,BOROONDARA,METROPOLITAN SOUTH EAST REGION,,,Arterial Other,Arterial Other,Undivided,Undiv,Metro,2019,1,14,1
3476530,T20190001305,ABS to receive accident,Finished,22/1/2019,16.00.00,No,Struck Pedestrian,Tuesday,PED EMERGES FROM IN FRONT OF PARKED OR STATIONARY VEHICLE,No,Day,Yes,Not at intersection,Other injury accident,80 km/hr,No,261737,144.77417,-37.77801,Non-Intersection,BRIMBANK,METROPOLITAN NORTH WEST REGION,2480106.365,2413639.465,2,1,0,0,1,1,2,0,0,0,1,1,0,0,0,0,0,0,0,1,No,0,1,0,1,0,0,MELB_URBAN,MELB_URBAN,BRIMBANK,METROPOLITAN NORTH WEST REGION,,,Local Road,Local Road,Undivided,Undiv,Metro,2019,1,16,0
3476531,T20190001310,ABS to receive accident,Finished,22/1/2019,16.25.00,No,Vehicle overturned (no collision),Monday,OFF CARRIAGEWAY ON RIGHT BEND,No,Day,Yes,Not at intersection,Serious injury accident,100 km/hr,Yes,341660,143.08623,-38.58432,Non-Intersection,CORANGAMITE,SOUTH WESTERN REGION,2333224.035,2322479.87,2,2,0,2,0,0,1,1,0,1,1,0,0,0,0,0,0,0,0,0,No,0,1,0,1,0,0,RURAL_VICTORIA,RURAL_VICTORIA,CORANGAMITE,SOUTH WESTERN REGION,,,Local Road,Local Road,Undivided,Undiv,Country,2019,1,16,0
3476532,T20190001314,ABS to receive accident,Finished,22/1/2019,17.56.00,No,Collision with vehicle,Tuesday,RIGHT FAR (INTERSECTIONS ONLY),No,Day,Yes,T intersection,Other injury accident,80 km/hr,No,43892,145.28252,-38.10176,Intersection,CASEY,METROPOLITAN SOUTH EAST REGION,2524780.592,2377691.814,4,1,0,0,1,3,1,3,0,2,2,0,0,0,0,0,0,0,0,1,No,0,2,0,1,0,1,MELB_URBAN,MELB_URBAN,CASEY,METROPOLITAN SOUTH EAST REGION,M,M,Arterial Highway,"Arterial Highway,Local Road",Divided,"Div,Undiv",Metro,2019,1,17,0
3476533,T20190001315,ABS to receive accident,Finished,22/1/2019,17.36.00,No,Collision with vehicle,Tuesday,LANE CHANGE LEFT (NOT OVERTAKING),No,Day,Yes,T intersection,Serious injury accident,60 km/hr,No,341522,144.9456,-37.79232,Intersection,MELBOURNE,METROPOLITAN NORTH WEST REGION,2495208.646,2412073.57,2,1,0,1,0,1,1,1,1,0,1,0,0,0,0,0,0,0,0,1,No,0,2,0,1,0,0,MELB_URBAN,MELB_URBAN,MELBOURNE,METROPOLITAN NORTH WEST REGION,,,Arterial Other,"Arterial Other,Local Road",Undivided,Undiv,Metro,2019,1,17,0
3476534,T20190001318,ABS to receive accident,Finished,22/1/2019,17.45.00,No,Collision with vehicle,Tuesday,RIGHT THROUGH,No,Day,Yes,T intersection,Serious injury accident,60 km/hr,No,41595,145.09425,-37.91056,Intersection,MONASH,METROPOLITAN SOUTH EAST REGION,2508288.15,2398946.886,2,1,0,1,0,1,2,0,0,0,1,0,0,1,0,0,0,0,0,1,No,0,2,0,1,1,0,MELB_URBAN,MELB_URBAN,MONASH,METROPOLITAN SOUTH EAST REGION,,,Arterial Highway,"Arterial Highway,Local Road",Divided,"Div,Undiv",Metro,2019,1,17,0
3476535,T20190001857,ABS to receive accident,Finished,31/1/2019,07.40.00,No,Fall from or in moving vehicle,Thursday,OTHER ACCIDENTS-OFF STRAIGHT NOT INCLUDED IN DCAs 170-175,No,Day,Yes,T intersection,Other injury accident,50 km/hr,No,39297,145.11745,-37.82825,Intersection,WHITEHORSE,METROPOLITAN SOUTH EAST REGION,2510339.837,2408080.65,1,1,0,0,1,0,0,1,1,0,0,0,0,0,0,0,0,0,0,0,No,0,1,0,0,0,0,MELB_URBAN,MELB_URBAN,WHITEHORSE,METROPOLITAN SOUTH EAST REGION,,,Arterial Other,"Arterial Other,Local Road",Undivided,Undiv,Metro,2019,1,07,0
3476536,T20190001858,ABS to receive accident,Finished,31/1/2019,10.20.00,No,Collision with vehicle,Wednesday,CROSS TRAFFIC(INTERSECTIONS ONLY),No,Day,Yes,Cross intersection,Other injury accident,Not known,No,38091,145.02511,-37.77901,Intersection,DAREBIN,METROPOLITAN NORTH WEST REGION,2502211.808,2413551.852,5,1,0,0,1,4,2,3,0,1,4,0,0,0,0,0,0,0,0,0,No,0,4,0,4,0,0,MELB_URBAN,MELB_URBAN,DAREBIN,METROPOLITAN NORTH WEST REGION,,,Arterial Other,"Arterial Other,Local Road",Undivided,Undiv,Metro,2019,1,10,0
3476538,T20190001870,ABS to receive accident,Finished,31/1/2019,12.14.00,No,Collision with vehicle,Thursday,RIGHT THROUGH,No,Day,Yes,T intersection,Serious injury accident,60 km/hr,No,341876,145.24713,-37.82735,Intersection,MAROONDAH,METROPOLITAN SOUTH EAST REGION,2521755.467,2408158.626,5,4,0,1,3,1,1,3,0,2,3,0,0,0,0,0,0,0,0,0,No,0,3,0,3,0,0,MELB_URBAN,MELB_URBAN,MAROONDAH,METROPOLITAN SOUTH EAST REGION,,,Arterial Other,"Arterial Other,Local Road",Divided,"Div,Undiv",Metro,2019,1,12,0
3476539,T20190001871,ABS to receive accident,Finished,31/1/2019,07.02.00,No,Collision with vehicle,Thursday,RIGHT THROUGH,No,Day,Yes,T intersection,Serious injury accident,Not known,No,30043,145.24707,-38.00304,Intersection,CASEY,METROPOLITAN SOUTH EAST REGION,2521700.27,2388659.04,2,1,0,1,0,1,1,1,0,0,2,0,0,0,0,0,0,0,0,0,No,0,2,0,2,0,0,MELB_URBAN,MELB_URBAN,"DANDENONG,CASEY",METROPOLITAN SOUTH EAST REGION,,,Arterial Highway,"Arterial Highway,Local Road",Divided,Div,Metro,2019,1,07,0
3476540,T20190001872,ABS to receive accident,Finished,31/1/2019,13.26.00,No,Collision with vehicle,Thursday,CROSS TRAFFIC(INTERSECTIONS ONLY),No,Day,Yes,Cross intersection,Serious injury accident,80 km/hr,No,342520,145.1917,-38.00142,Non-Intersection,DANDENONG,METROPOLITAN SOUTH EAST REGION,2516837.333,2388849.896,3,3,0,1,2,0,2,1,0,1,2,0,0,0,0,0,0,0,0,0,No,0,2,0,2,0,0,MELB_URBAN,MELB_URBAN,DANDENONG,METROPOLITAN SOUTH EAST REGION,M,M,Freeway,"Freeway,Arterial Highway",Divided,Div,Metro,2019,1,13,0
3476541,T20190001878,ABS to receive accident,Finished,31/1/2019,12.58.00,No,Collision with vehicle,Thursday,RIGHT THROUGH,No,Day,Yes,T intersection,Serious injury accident,80 km/hr,No,291019,145.26399,-38.00509,Intersection,CASEY,METROPOLITAN SOUTH EAST REGION,2523185.267,2388426.732,3,1,0,1,0,2,2,1,0,1,2,0,0,0,0,0,0,0,0,0,No,0,2,0,2,0,0,MELB_URBAN,MELB_URBAN,CASEY,METROPOLITAN SOUTH EAST REGION,,,Arterial Highway,"Arterial Highway,Local Road",Divided,"Div,Undiv",Metro,2019,1,12,0
3476542,T20190001879,ABS to receive accident,Finished,31/1/2019,14.53.00,No,Collision with vehicle,Thursday,REVERSING IN STREAM OF TRAFFIC,No,Day,Yes,Not at intersection,Other injury accident,40 km/hr,No,341942,143.86266,-37.56423,Non-Intersection,BALLARAT,WESTERN REGION,2399529.19,2436788.527,2,1,0,0,1,1,1,1,0,0,1,0,0,0,1,0,0,0,0,0,No,0,2,0,2,0,0,LARGE_PROVINCIAL_CITIES,LARGE_PROVINCIAL_CITIES,BALLARAT,WESTERN REGION,,,Local Road,Local Road,Undivided,Undiv,Country,2019,1,14,0
3476543,T20190001885,ABS to receive accident,Finished,30/1/2019,16.05.00,No,Collision with vehicle,Wednesday,REAR END(VEHICLES IN SAME LANE),Yes,Day,Yes,Not at intersection,Other injury accident,Not known,No,342762,144.95611,-37.67503,Non-Intersection,HUME,METROPOLITAN NORTH WEST REGION,2496128.191,2425091.469,2,1,0,0,1,1,0,2,0,0,1,0,0,0,1,0,0,0,0,0,No,0,2,0,1,0,0,MELB_URBAN,MELB_URBAN,HUME,METROPOLITAN NORTH WEST REGION,,,Arterial Other,Arterial Other,Divided,Div,Metro,2019,1,16,0
3476544,T20190001887,ABS to receive accident,Finished,30/1/2019,13.30.00,No,Vehicle overturned (no collision),Tuesday,OUT OF CONTROL (OVERTAKING),No,Day,No,Not at intersection,Serious injury accident,100 km/hr,Yes,342208,146.11044,-37.2754,Non-Intersection,MANSFIELD,NORTH EASTERN REGION,2598468.613,2468866.586,1,1,0,1,0,0,1,0,0,0,0,0,0,1,0,0,0,0,0,0,No,0,1,0,0,1,0,RURAL_VICTORIA,RURAL_VICTORIA,MANSFIELD,NORTH EASTERN REGION,,,Local Road,Local Road,Undivided,Undiv,Country,2019,1,13,0
3476545,T20190001890,ABS to receive accident,Finished,31/1/2019,16.00.00,No,Collision with vehicle,Wednesday,REAR END(VEHICLES IN SAME LANE),No,Day,Yes,Not at intersection,Serious injury accident,100 km/hr,No,343183,145.22071,-38.17437,Non-Intersection,FRANKSTON,METROPOLITAN SOUTH EAST REGION,2519340.81,2369646.222,3,1,0,1,0,2,2,1,0,0,3,0,0,0,0,0,0,0,0,0,No,0,3,1,2,0,0,MELB_URBAN,"RURAL_VICTORIA,MELB_URBAN","FRANKSTON,CASEY",METROPOLITAN SOUTH EAST REGION,A,A,Arterial Highway,Arterial Highway,Undivided,Undiv,Metro,2019,1,16,0
3476546,T20190001891,ABS to receive accident,Finished,31/1/2019,17.15.00,No,Collision with vehicle,Wednesday,REAR END(VEHICLES IN SAME LANE),No,Day,Yes,Not at intersection,Other injury accident,70 km/hr,No,341887,144.34168,-38.19876,Non-Intersection,GEELONG,SOUTH WESTERN REGION,2442331.12,2366761.922,3,1,0,0,1,2,1,2,0,0,3,0,0,0,0,0,0,0,0,0,No,0,3,0,3,0,0,LARGE_PROVINCIAL_CITIES,LARGE_PROVINCIAL_CITIES,GEELONG,SOUTH WESTERN REGION,B,B,Arterial Highway,Arterial Highway,Divided,Div,Country,2019,1,17,0
3476547,T20190001892,ABS to receive accident,Finished,31/1/2019,17.10.00,No,Collision with vehicle,Wednesday,RIGHT THROUGH,No,Day,Yes,Not at intersection,Other injury accident,60 km/hr,No,341891,145.12363,-37.78838,Non-Intersection,MANNINGHAM,METROPOLITAN SOUTH EAST REGION,2510889.404,2412505.513,2,1,0,0,1,1,1,1,0,0,1,0,0,1,0,0,0,0,0,1,No,0,2,0,1,1,0,MELB_URBAN,MELB_URBAN,MANNINGHAM,METROPOLITAN SOUTH EAST REGION,,,Arterial Other,Arterial Other,Undivided,Undiv,Metro,2019,1,17,0
3476548,T20190002503,ABS to receive accident,Finished,9/2/2019,08.20.00,No,Collision with a fixed object,Friday,RIGHT OFF CARRIAGEWAY INTO OBJECT/PARKED VEHICLE,No,Day,Yes,Not at intersection,Other injury accident,100 km/hr,Yes,342080,144.06226,-38.22185,Non-Intersection,SURF COAST,SOUTH WESTERN REGION,2417880.287,2363993.716,1,1,0,0,1,0,1,0,0,0,1,0,0,0,0,0,0,0,0,0,No,0,1,0,0,0,0,RURAL_VICTORIA,RURAL_VICTORIA,SURF COAST,SOUTH WESTERN REGION,A,A,Arterial Highway,Arterial Highway,Divided,Div,Country,2019,2,08,0
3476549,T20190002504,ABS to receive accident,Finished,9/2/2019,13.15.00,No,Collision with vehicle,Saturday,U TURN,No,Day,Yes,Not at intersection,Serious injury accident,80 km/hr,No,342611,146.5025,-38.20732,Intersection,LATROBE,EASTERN REGION,2631599.901,2364972.919,4,3,0,3,0,1,2,2,0,2,2,0,0,0,0,0,0,0,1,1,No,1,2,0,2,0,0,RURAL_VICTORIA,RURAL_VICTORIA,LATROBE,"EASTERN REGION,EASTERN REGION",M,M,Arterial Highway,"Arterial Highway,Local Road",Divided,"Div,Undiv",Country,2019,2,13,0
3476550,T20190002509,ABS to receive accident,Finished,9/2/2019,12.00.00,No,Collision with vehicle,Saturday,CROSS TRAFFIC(INTERSECTIONS ONLY),No,Day,Yes,Cross intersection,Other injury accident,100 km/hr,No,50579,143.65289,-38.28737,Intersection,COLAC OTWAY,SOUTH WESTERN REGION,2382135.682,2356290.649,3,3,0,0,3,0,1,2,0,1,2,0,0,0,0,0,0,0,0,0,No,0,2,0,2,0,0,RURAL_VICTORIA,RURAL_VICTORIA,COLAC OTWAY,SOUTH WESTERN REGION,,,Local Road,Local Road,Undivided,Undiv,Country,2019,2,12,0
3476551,T20190002513,ABS to receive accident,Finished,9/2/2019,14.51.00,Yes,Collision with vehicle,Saturday,LANE SIDE SWIPE (VEHICLES IN PARALLEL LANES),No,Day,Yes,Cross intersection,Serious injury accident,60 km/hr,No,675,145.00717,-37.87805,Intersection,GLEN EIRA,METROPOLITAN SOUTH EAST REGION,2500631.095,2402559.62,2,1,0,1,0,1,2,0,1,0,1,0,0,0,0,0,0,0,0,0,No,0,2,0,1,0,0,MELB_URBAN,MELB_URBAN,GLEN EIRA,METROPOLITAN SOUTH EAST REGION,,,Arterial Other,"Arterial Other,Local Road",Undivided,Undiv,Metro,2019,2,14,0
3476552,T20190002517,ABS to receive accident,Finished,9/2/2019,12.05.00,No,Collision with vehicle,Saturday,RIGHT NEAR (INTERSECTIONS ONLY),No,Day,Yes,Multiple intersection,Other injury accident,80 km/hr,No,39748,145.2734,-37.78753,Intersection,MAROONDAH,METROPOLITAN SOUTH EAST REGION,2524080.932,2412571.529,6,5,0,0,5,1,2,2,0,4,2,0,0,0,0,0,0,0,0,1,No,0,2,0,2,0,0,MELB_URBAN,MELB_URBAN,MAROONDAH,METROPOLITAN SOUTH EAST REGION,,,Arterial Highway,"Arterial Highway,Local Road",Divided,"Div,Undiv",Metro,2019,2,12,0
3476554,T20190002520,ABS to receive accident,Finished,9/2/2019,15.14.00,Yes,Collision with vehicle,Saturday,OTHER ADJACENT (INTERSECTIONS ONLY),No,Day,Yes,T intersection,Other injury accident,80 km/hr,No,36904,145.26785,-38.06863,Intersection,CASEY,METROPOLITAN SOUTH EAST REGION,2523504.792,2381373.406,2,1,0,0,1,1,1,1,0,0,2,0,0,0,0,0,0,0,1,1,No,0,2,0,2,0,0,MELB_URBAN,MELB_URBAN,CASEY,METROPOLITAN SOUTH EAST REGION,M,M,Arterial Highway,"Arterial Highway,Local Road",Divided,"Div,Undiv",Metro,2019,2,15,0
3476555,T20190002521,ABS to receive accident,Finished,8/2/2019,21.25.00,Yes,Struck Pedestrian,Friday,PED NEAR SIDE. PED HIT BY VEHICLE FROM THE RIGHT.,No,Dark Street lights on,Yes,Cross intersection,Serious injury accident,40 km/hr,No,205,144.95732,-37.81371,Intersection,MELBOURNE,METROPOLITAN NORTH WEST REGION,2496242.303,2409699.743,3,1,0,1,0,2,1,2,0,1,1,1,0,0,0,0,0,0,0,0,No,0,1,0,1,0,0,MELBOURNE_CBD,MELBOURNE_CBD,MELBOURNE,METROPOLITAN NORTH WEST REGION,,,Local Road,Local Road,Undivided,Undiv,Metro,2019,2,21,0
3476556,T20190002524,ABS to receive accident,Finished,9/2/2019,18.30.00,Yes,Struck Pedestrian,Saturday,PED NEAR SIDE. PED HIT BY VEHICLE FROM THE RIGHT.,No,Day,No,T intersection,Other injury accident,50 km/hr,No,342058,144.76354,-37.8766,Intersection,HOBSONS BAY,METROPOLITAN NORTH WEST REGION,2479197.108,2402694.835,2,1,0,0,1,1,2,0,0,0,1,1,0,0,0,0,0,1,0,0,No,0,1,0,1,0,0,MELB_URBAN,MELB_URBAN,HOBSONS BAY,METROPOLITAN NORTH WEST REGION,,,Local Road,Local Road,Undivided,Undiv,Metro,2019,2,18,0
3476557,T20190002525,ABS to receive accident,Finished,5/2/2019,08.30.00,No,Fall from or in moving vehicle,Tuesday,OTHER ACCIDENTS-OFF STRAIGHT NOT INCLUDED IN DCAs 170-175,No,Day,No,T intersection,Other injury accident,40 km/hr,No,37193,144.99976,-37.81539,Intersection,YARRA,METROPOLITAN NORTH WEST REGION,2499978.446,2409514.169,2,2,0,0,2,0,1,1,0,0,1,0,0,1,0,0,0,0,0,0,No,0,2,0,1,1,0,MELB_URBAN,MELB_URBAN,YARRA,METROPOLITAN NORTH WEST REGION,,,Arterial Other,"Arterial Other,Local Road",Undivided,Undiv,Metro,2019,2,08,0
3476558,T20190002526,ABS to receive accident,Finished,24/1/2019,12.10.00,No,Collision with vehicle,Wednesday,LEFT REAR,No,Day,No,Cross intersection,Other injury accident,60 km/hr,No,29457,145.0114,-37.69485,Intersection,WHITTLESEA,METROPOLITAN NORTH WEST REGION,2501005.518,2422892.253,2,1,0,0,1,1,2,0,0,0,2,0,0,0,0,0,0,0,0,0,No,0,2,0,2,0,0,MELB_URBAN,MELB_URBAN,"WHITTLESEA,DAREBIN",METROPOLITAN NORTH WEST REGION,,,Arterial Other,Arterial Other,Divided,Div,Metro,2019,1,12,0
3476559,T20190002527,ABS to receive accident,Finished,9/2/2019,17.42.00,Yes,Collision with vehicle,Saturday,RIGHT THROUGH,No,Day,Yes,T intersection,Other injury accident,60 km/hr,No,342238,144.95122,-37.73267,Intersection,MORELAND,METROPOLITAN NORTH WEST REGION,2495700.638,2418693.763,3,1,0,0,1,2,3,0,0,1,2,0,0,0,0,0,0,0,0,1,No,0,2,0,2,0,0,MELB_URBAN,MELB_URBAN,MORELAND,METROPOLITAN NORTH WEST REGION,,,Arterial Other,"Arterial Other,Local Road",Undivided,Undiv,Metro,2019,2,17,0
3476560,T20190002531,ABS to receive accident,Finished,29/1/2019,16.20.00,No,Struck Pedestrian,Monday,PED NEAR SIDE. PED HIT BY VEHICLE FROM THE RIGHT.,No,Day,No,Not at intersection,Other injury accident,60 km/hr,No,342066,144.96091,-37.83374,Non-Intersection,PORT PHILLIP,METROPOLITAN NORTH WEST REGION,2496559.312,2407476.582,2,1,0,0,1,1,0,2,0,0,1,1,0,0,0,0,0,0,0,0,No,0,1,0,1,0,0,MELB_URBAN,MELB_URBAN,PORT PHILLIP,METROPOLITAN NORTH WEST REGION,,,Arterial Other,Arterial Other,Undivided,Undiv,Metro,2019,1,16,0
3476561,T20190003138,ABS to receive accident,Finished,18/2/2019,16.23.00,Yes,Struck Pedestrian,Sunday,PED NEAR SIDE. PED HIT BY VEHICLE FROM THE RIGHT.,No,Day,Yes,T intersection,Other injury accident,40 km/hr,No,342377,145.42193,-38.14579,Intersection,CARDINIA,METROPOLITAN SOUTH EAST REGION,2536987.238,2372759.157,2,1,0,0,1,1,1,1,0,0,1,1,0,0,0,0,0,0,0,0,No,0,1,0,1,0,0,RURAL_VICTORIA,RURAL_VICTORIA,CARDINIA,METROPOLITAN SOUTH EAST REGION,C,C,Arterial Other,"Arterial Other,Local Road",Undivided,Undiv,Metro,2019,2,16,0
3476562,T20190003139,ABS to receive accident,Finished,18/2/2019,16.00.00,Yes,Struck Pedestrian,Sunday,PED NEAR SIDE. PED HIT BY VEHICLE FROM THE RIGHT.,No,Day,Yes,T intersection,Serious injury accident,80 km/hr,No,262301,145.48508,-38.0718,Intersection,CARDINIA,METROPOLITAN SOUTH EAST REGION,2542564.657,2380946.12,2,1,0,1,0,1,1,1,0,0,1,1,0,0,0,0,0,0,0,0,No,0,1,0,1,0,0,SMALL_CITIES,SMALL_CITIES,CARDINIA,METROPOLITAN SOUTH EAST REGION,C,C,Arterial Other,"Arterial Other,Local Road",Divided,"Div,Undiv",Metro,2019,2,16,0
3476563,T20190003140,ABS to receive accident,Finished,9/2/2019,10.00.00,No,No collision and no object struck,Friday,OUT OF CONTROL ON CARRIAGEWAY (ON BEND),No,Day,No,Not at intersection,Other injury accident,Not known,No,342389,146.04227,-37.99872,Non-Intersection,BAW BAW,EASTERN REGION,2591544.855,2388664.787,1,1,0,0,1,0,1,0,0,0,0,0,0,1,0,0,0,0,0,0,No,0,1,0,0,1,0,RURAL_VICTORIA,RURAL_VICTORIA,BAW BAW,"EASTERN REGION,EASTERN REGION",,,Local Road,Local Road,Undivided,Undiv,Country,2019,2,10,0
3476564,T20190003141,ABS to receive accident,Finished,18/2/2019,15.15.00,No,Collision with vehicle,Sunday,VEHICLE STRIKES DOOR OF PARKED/STATIONARY VEHICLE,No,Day,Yes,Not at intersection,Other injury accident,50 km/hr,No,342450,144.96839,-37.79725,Non-Intersection,MELBOURNE,METROPOLITAN NORTH WEST REGION,2497215.904,2411527.159,2,1,0,0,1,1,1,1,1,0,1,0,0,0,0,0,0,0,0,0,No,0,2,0,1,0,0,MELB_URBAN,MELB_URBAN,MELBOURNE,METROPOLITAN NORTH WEST REGION,,,Local Road,Local Road,Divided,Div,Metro,2019,2,15,0
3476565,T20190003142,ABS to receive accident,Finished,14/2/2019,14.20.00,No,Collision with vehicle,Thursday,VEHICLE COLLIDES WITH VEHICLE PARKED ON LEFT OF ROAD,No,Day,Yes,Not at intersection,Other injury accident,60 km/hr,No,342394,145.1936,-38.35174,Non-Intersection,MORNINGTON PENINSULA,METROPOLITAN SOUTH EAST REGION,2516925.166,2349961.74,1,1,0,0,1,0,0,1,0,0,1,0,0,0,0,0,0,0,1,0,No,0,2,0,2,0,0,MELB_URBAN,MELB_URBAN,MORNINGTON PENINSULA,METROPOLITAN SOUTH EAST REGION,C,C,Arterial Other,Arterial Other,Undivided,Undiv,Metro,2019,2,14,0
3476566,T20190003144,ABS to receive accident,Finished,18/2/2019,19.50.00,Yes,Collision with vehicle,Sunday,REAR END(VEHICLES IN SAME LANE),No,Day,Yes,T intersection,Other injury accident,60 km/hr,No,40996,145.28019,-37.838,Intersection,KNOX,METROPOLITAN SOUTH EAST REGION,2524662.387,2406969.209,3,3,0,0,3,0,3,0,0,1,2,0,0,0,0,0,0,0,0,0,No,0,2,0,2,0,0,MELB_URBAN,MELB_URBAN,KNOX,METROPOLITAN SOUTH EAST REGION,,,Arterial Other,"Arterial Other,Local Road",Divided,"Div,Undiv",Metro,2019,2,19,0
3476567,T20190003146,ABS to receive accident,Finished,18/2/2019,14.55.00,No,Collision with vehicle,Monday,REAR END(VEHICLES IN SAME LANE),No,Day,Yes,T intersection,Other injury accident,60 km/hr,No,45417,144.92569,-37.76261,Intersection,MOONEE VALLEY,METROPOLITAN NORTH WEST REGION,2493452.575,2415369.479,3,2,0,2,0,1,2,1,0,1,2,0,0,0,0,0,0,0,1,0,No,0,2,1,1,0,0,MELB_URBAN,MELB_URBAN,MOONEE VALLEY,METROPOLITAN NORTH WEST REGION,,,Arterial Other,"Arterial Other,Local Road",Undivided,Undiv,Metro,2019,2,14,0