OBJECTID,ACCIDENT_NO,ABS_CODE,ACCIDENT_STATUS,ACCIDENT_DATE,ACCIDENT_TIME,ALCOHOLTIME,ACCIDENT_TYPE,DAY_OF_WEEK,DCA_CODE,HIT_RUN_FLAG,LIGHT_CONDITION,POLICE_ATTEND,ROAD_GEOMETRY,SEVERITY,SPEED_ZONE,RUN_OFFROAD,NODE_ID,LONGITUDE,LATITUDE,NODE_TYPE,LGA_NAME,REGION_NAME,VICGRID_X,VICGRID_Y,TOTAL_PERSONS,INJ_OR_FATAL,FATALITY,SERIOUSINJURY,OTHERINJURY,NONINJURED,MALES,FEMALES,BICYCLIST,PASSENGER,DRIVER,PEDESTRIAN,PILLION,MOTORIST,UNKNOWN,PED_CYCLIST_5_12,PED_CYCLIST_13_18,OLD_PEDESTRIAN,OLD_DRIVER,YOUNG_DRIVER,ALCOHOL_RELATED,UNLICENCSED,NO_OF_VEHICLES,HEAVYVEHICLE,PASSENGERVEHICLE,MOTORCYCLE,PUBLICVEHICLE,DEG_URBAN_NAME,DEG_URBAN_ALL,LGA_NAME_ALL,REGION_NAME_ALL,SRNS,SRNS_ALL,RMA,RMA_ALL,DIVIDED,DIVIDED_ALL,STAT_DIV_NAME,Year,Month,Hour,ALCOHOL_RELATED
3476568,T20190003150,ABS to receive accident,Finished,18/2/2019,19.05.00,Yes,Collision with vehicle,Monday,CROSS TRAFFIC(INTERSECTIONS ONLY),No,Day,Yes,Cross intersection,Serious injury accident,60 km/hr,No,50667,142.47421,-38.37191,Intersection,WARRNAMBOOL,SOUTH WESTERN REGION,2279275.087,2344811.832,2,2,0,1,1,0,1,1,0,0,1,0,0,1,0,0,0,0,0,1,No,0,2,0,1,1,0,SMALL_CITIES,SMALL_CITIES,WARRNAMBOOL,SOUTH WESTERN REGION,A,A,Arterial Highway,"Arterial Highway,Local Road",Divided,"Div,Undiv",Country,2019,2,19,0
3476569,T20190003154,ABS to receive accident,Finished,18/2/2019,21.40.00,Yes,Struck Pedestrian,Monday,VEH STRIKES PED ON FOOTPATH/MEDIAN/TRAFFIC ISLAND.,No,Dark Street lights on,No,T intersection,Other injury accident,70 km/hr,No,227538,145.06656,-37.68842,Intersection,BANYULE,METROPOLITAN NORTH WEST REGION,2505869.934,2423603.872,2,1,0,0,1,1,1,1,0,0,1,1,0,0,0,0,0,0,0,0,No,0,1,0,1,0,0,MELB_URBAN,MELB_URBAN,BANYULE,METROPOLITAN NORTH WEST REGION,,,Arterial Highway,"Arterial Highway,Local Road",Divided,"Div,Undiv",Metro,2019,2,21,0
3476570,T20190003157,ABS to receive accident,Finished,18/2/2019,23.33.00,Yes,Collision with a fixed object,Monday,LEFT OFF CARRIAGEWAY INTO OBJECT/PARKED VEHICLE,No,Dark No street lights,Yes,Not at intersection,Serious injury accident,110 km/hr,Yes,342461,145.60682,-36.73126,Non-Intersection,STRATHBOGIE,NORTH EASTERN REGION,2554195.463,2529646.277,1,1,0,1,0,0,0,1,0,0,1,0,0,0,0,0,0,0,0,0,No,0,1,0,1,0,0,RURAL_VICTORIA,RURAL_VICTORIA,STRATHBOGIE,NORTH EASTERN REGION,M,M,Freeway,Freeway,Divided,Div,Country,2019,2,23,0
3476571,T20190003161,ABS to receive accident,Finished,19/2/2019,06.20.00,No,Struck Pedestrian,Tuesday,PED NEAR SIDE. PED HIT BY VEHICLE FROM THE RIGHT.,No,Dusk/Dawn,Yes,T intersection,Serious injury accident,60 km/hr,No,39610,145.22731,-37.80557,Intersection,MAROONDAH,METROPOLITAN SOUTH EAST REGION,2520016.849,2410580.266,2,2,0,2,0,0,2,0,0,0,1,1,0,0,0,0,0,0,0,0,No,0,1,0,1,0,0,MELB_URBAN,MELB_URBAN,MAROONDAH,METROPOLITAN SOUTH EAST REGION,,,Local Road,Local Road,Undivided,Undiv,Metro,2019,2,06,0
3476572,T20190003163,ABS to receive accident,Finished,17/2/2019,17.10.00,Yes,Collision with vehicle,Sunday,U TURN,No,Day,No,T intersection,Other injury accident,60 km/hr,No,342384,144.28041,-36.78399,Intersection,BENDIGO,NORTHERN REGION,2435776.968,2523725.973,3,2,0,0,2,1,0,3,0,1,2,0,0,0,0,0,0,0,0,1,No,0,2,0,2,0,0,LARGE_PROVINCIAL_CITIES,LARGE_PROVINCIAL_CITIES,BENDIGO,NORTHERN REGION,,,Local Road,Local Road,Undivided,Undiv,Country,2019,2,17,0
3476573,T20190003165,ABS to receive accident,Reopened,16/2/2019,12.00.00,No,Collision with a fixed object,Saturday,OFF LEFT BEND INTO OBJECT/PARKED VEHICLE,No,Day,Yes,T intersection,Serious injury accident,40 km/hr,Yes,37807,144.97919,-37.76271,Intersection,MORELAND,METROPOLITAN NORTH WEST REGION,2498166.868,2415360.529,1,1,0,1,0,0,1,0,0,0,0,0,0,1,0,0,0,0,0,0,No,0,1,0,0,1,0,MELB_URBAN,MELB_URBAN,MORELAND,METROPOLITAN NORTH WEST REGION,,,Arterial Other,"Arterial Other,Local Road",Divided,"Div,Undiv",Metro,2019,2,12,0
3476574,T20190001319,ABS to receive accident,Finished,22/1/2019,18.00.00,Yes,Fall from or in moving vehicle,Monday,OTHER ACCIDENTS-OFF STRAIGHT NOT INCLUDED IN DCAs 170-175,No,Day,Yes,T intersection,Other injury accident,50 km/hr,No,65215,144.81832,-37.7989,Intersection,BRIMBANK,METROPOLITAN NORTH WEST REGION,2483999.898,2411329.595,1,1,0,0,1,0,1,0,0,0,0,0,0,1,0,0,0,0,0,0,No,1,1,0,0,1,0,MELB_URBAN,MELB_URBAN,BRIMBANK,METROPOLITAN NORTH WEST REGION,,,Local Road,Local Road,Divided,"Div,Undiv",Metro,2019,1,18,0
3476575,T20190001320,ABS to receive accident,Finished,22/1/2019,19.15.00,Yes,Struck Pedestrian,Tuesday,PED NEAR SIDE. PED HIT BY VEHICLE FROM THE RIGHT.,No,Day,Yes,T intersection,Other injury accident,50 km/hr,No,70184,145.17817,-37.96145,Intersection,DANDENONG,METROPOLITAN SOUTH EAST REGION,2515656.864,2393288.208,3,1,0,0,1,2,2,1,0,1,1,1,0,0,0,0,0,0,0,0,No,0,1,0,1,0,0,MELB_URBAN,MELB_URBAN,DANDENONG,METROPOLITAN SOUTH EAST REGION,,,Local Road,Local Road,Undivided,Undiv,Metro,2019,1,19,0
3476576,T20190001325,ABS to receive accident,Finished,22/1/2019,19.51.00,Yes,Collision with a fixed object,Tuesday,RIGHT OFF CARRIAGEWAY INTO OBJECT/PARKED VEHICLE,No,Day,Yes,Not at intersection,Fatal accident,50 km/hr,Yes,341392,144.60962,-37.65855,Non-Intersection,MELTON,METROPOLITAN NORTH WEST REGION,2465556.264,2426850.264,1,1,1,0,0,0,1,0,0,0,0,0,0,1,0,0,0,0,0,0,No,0,1,0,0,1,0,SMALL_CITIES,SMALL_CITIES,MELTON,METROPOLITAN NORTH WEST REGION,,,Local Road,Local Road,Undivided,Undiv,Metro,2019,1,19,0
3476577,T20190001326,ABS to receive accident,Finished,22/1/2019,16.34.00,No,Collision with vehicle,Tuesday,REAR END(VEHICLES IN SAME LANE),No,Day,Yes,Not at intersection,Other injury accident,80 km/hr,No,341597,144.94495,-37.82566,Non-Intersection,MELBOURNE,METROPOLITAN NORTH WEST REGION,2495153.923,2408373.109,2,1,0,0,1,1,2,0,0,0,1,0,0,1,0,0,0,0,0,0,No,0,2,0,1,1,0,MELB_URBAN,MELB_URBAN,MELBOURNE,METROPOLITAN NORTH WEST REGION,M,M,Freeway,Freeway,Undivided,Undiv,Metro,2019,1,16,0
3476578,T20190001328,ABS to receive accident,Finished,22/1/2019,16.20.00,No,Collision with vehicle,Monday,LEFT NEAR (INTERSECTIONS ONLY),No,Day,Yes,Cross intersection,Other injury accident,60 km/hr,No,341964,145.01595,-37.76502,Non-Intersection,DAREBIN,METROPOLITAN NORTH WEST REGION,2501405.215,2415105.084,2,1,0,0,1,1,1,1,0,0,2,0,0,0,0,0,0,0,1,1,No,0,2,0,1,0,0,MELB_URBAN,MELB_URBAN,DAREBIN,METROPOLITAN NORTH WEST REGION,,,Arterial Other,Arterial Other,Undivided,Undiv,Metro,2019,1,16,0
3476579,T20190001330,ABS to receive accident,Finished,22/1/2019,23.50.00,Yes,Collision with vehicle,Tuesday,PULLING OUT (OVERTAKING),No,Dark Street lights on,Yes,Not at intersection,Other injury accident,60 km/hr,No,341519,144.96639,-37.73645,Non-Intersection,MORELAND,METROPOLITAN NORTH WEST REGION,2497037.748,2418274.835,2,1,0,0,1,1,1,1,0,0,1,0,0,1,0,0,0,0,0,1,No,0,2,0,1,1,0,MELB_URBAN,MELB_URBAN,MORELAND,METROPOLITAN NORTH WEST REGION,,,Arterial Other,Arterial Other,Undivided,Undiv,Metro,2019,1,23,0
3476580,T20190001331,ABS to receive accident,Finished,22/1/2019,21.41.00,Yes,Collision with vehicle,Monday,OTHER SAME DIRECTION-MANOUEVRES NOT INCLUDED IN DCAs 130-137,No,Dark Street lights on,Yes,Cross intersection,Other injury accident,50 km/hr,No,343171,145.11846,-37.88189,Non-Intersection,MONASH,METROPOLITAN SOUTH EAST REGION,2510421.023,2402127.116,1,1,0,0,1,0,1,0,0,0,1,0,0,0,0,0,0,0,1,0,No,0,3,0,3,0,0,MELB_URBAN,MELB_URBAN,MONASH,METROPOLITAN SOUTH EAST REGION,,,Local Road,Local Road,Undivided,Undiv,Metro,2019,1,21,0
3476581,T20190001335,ABS to receive accident,Finished,23/1/2019,06.35.00,No,Vehicle overturned (no collision),Wednesday,OFF CARRIAGEWAY ON RIGHT BEND,No,Dusk/Dawn,Yes,Not at intersection,Other injury accident,100 km/hr,Yes,341542,146.63874,-36.02781,Non-Intersection,INDIGO,NORTH EASTERN REGION,2647694.451,2606600.062,1,1,0,0,1,0,0,1,0,0,1,0,0,0,0,0,0,0,0,1,No,0,1,0,1,0,0,RURAL_VICTORIA,RURAL_VICTORIA,INDIGO,NORTH EASTERN REGION,C,C,Arterial Other,Arterial Other,Undivided,Undiv,Country,2019,1,06,0
3476582,T20190001337,ABS to receive accident,Finished,23/1/2019,07.45.00,No,Collision with a fixed object,Tuesday,RIGHT OFF CARRIAGEWAY INTO OBJECT/PARKED VEHICLE,No,Day,Yes,Not at intersection,Other injury accident,100 km/hr,Yes,342764,144.66963,-37.64838,Non-Intersection,MELTON,METROPOLITAN NORTH WEST REGION,2470847.743,2427999.383,2,1,0,0,1,1,1,0,0,0,1,0,0,0,1,0,0,0,0,0,No,0,2,0,1,0,0,RURAL_VICTORIA,RURAL_VICTORIA,MELTON,METROPOLITAN NORTH WEST REGION,,,Local Road,Local Road,Undivided,Undiv,Metro,2019,1,07,0
3476583,T20190001338,ABS to receive accident,Finished,15/1/2019,14.00.00,No,Collision with vehicle,Monday,REAR END(VEHICLES IN SAME LANE),No,Day,No,Cross intersection,Other injury accident,80 km/hr,No,226245,145.00873,-37.90637,Intersection,BAYSIDE,METROPOLITAN SOUTH EAST REGION,2500767.374,2399416.642,2,1,0,0,1,1,1,1,0,0,2,0,0,0,0,0,0,0,0,0,No,0,2,0,2,0,0,MELB_URBAN,MELB_URBAN,BAYSIDE,METROPOLITAN SOUTH EAST REGION,,,Arterial Highway,"Arterial Highway,Local Road",Divided,"Div,Undiv",Metro,2019,1,14,0
3476584,T20190001341,ABS to receive accident,Finished,23/1/2019,07.20.00,No,Struck Pedestrian,Tuesday,PED NEAR SIDE. PED HIT BY VEHICLE FROM THE RIGHT.,No,Day,Yes,Cross intersection,Other injury accident,80 km/hr,No,29623,145.16923,-37.86202,Intersection,WHITEHORSE,METROPOLITAN SOUTH EAST REGION,2514890.864,2404326.255,2,1,0,0,1,1,0,2,0,0,1,1,0,0,0,0,0,0,0,0,No,0,1,0,1,0,0,MELB_URBAN,MELB_URBAN,"WHITEHORSE,MONASH",METROPOLITAN SOUTH EAST REGION,,,Arterial Highway,"Arterial Highway,Local Road,Arterial Other",Divided,"Div,Undiv",Metro,2019,1,07,0
3476585,T20190001342,ABS to receive accident,Finished,21/1/2019,06.00.00,Yes,Collision with vehicle,Sunday,REAR END(VEHICLES IN SAME LANE),No,Day,No,Not at intersection,Other injury accident,Not known,No,342923,145.19723,-37.93939,Non-Intersection,DANDENONG,METROPOLITAN SOUTH EAST REGION,2517337.147,2395733.393,4,1,0,0,1,3,1,3,0,0,4,0,0,0,0,0,0,0,0,1,No,1,4,0,4,0,0,MELB_URBAN,MELB_URBAN,DANDENONG,METROPOLITAN SOUTH EAST REGION,M,M,Freeway,Freeway,Divided,Div,Metro,2019,1,06,0
3476586,T20190001343,ABS to receive accident,Finished,23/1/2019,09.10.00,No,Vehicle overturned (no collision),Wednesday,OUT OF CONTROL (OVERTAKING),No,Day,Yes,Not at intersection,Other injury accident,100 km/hr,Yes,342320,142.31247,-35.01209,Non-Intersection,MILDURA,WESTERN REGION,2254620.254,2717123.215,1,1,0,0,1,0,1,0,0,0,0,0,0,1,0,0,0,0,0,0,No,0,1,0,0,1,0,RURAL_VICTORIA,RURAL_VICTORIA,MILDURA,WESTERN REGION,,,Local Road,Local Road,Undivided,Undiv,Country,2019,1,09,0
3476587,T20190001893,ABS to receive accident,Finished,31/1/2019,14.40.00,No,Collision with a fixed object,Thursday,LEFT OFF CARRIAGEWAY INTO OBJECT/PARKED VEHICLE,No,Day,Yes,Cross intersection,Fatal accident,100 km/hr,Yes,59245,145.03186,-36.44081,Intersection,CAMPASPE,NORTHERN REGION,2502856.419,2562045.25,1,1,1,0,0,0,1,0,0,0,0,0,0,1,0,0,0,0,0,0,No,0,1,0,0,1,0,RURAL_VICTORIA,RURAL_VICTORIA,"SHEPPARTON,CAMPASPE","NORTHERN REGION,NORTH EASTERN REGION",A,A,Arterial Highway,"Arterial Highway,Local Road",Undivided,Undiv,Country,2019,1,14,0
3476588,T20190001897,ABS to receive accident,Finished,31/1/2019,18.25.00,Yes,Collision with vehicle,Wednesday,LANE CHANGE LEFT (NOT OVERTAKING),No,Day,Yes,Not at intersection,Other injury accident,50 km/hr,No,342917,144.98105,-37.79658,Non-Intersection,YARRA,METROPOLITAN NORTH WEST REGION,2498330.766,2411601.451,2,1,0,0,1,1,0,2,1,0,1,0,0,0,0,0,0,0,0,1,No,0,2,0,1,0,0,MELB_URBAN,MELB_URBAN,YARRA,METROPOLITAN NORTH WEST REGION,,,Local Road,Local Road,Undivided,Undiv,Metro,2019,1,18,0
3476589,T20190001898,ABS to receive accident,Finished,31/1/2019,16.38.00,No,Collision with a fixed object,Thursday,LEFT OFF CARRIAGEWAY INTO OBJECT/PARKED VEHICLE,No,Day,Yes,Not at intersection,Other injury accident,50 km/hr,Yes,342074,144.72019,-37.90127,Non-Intersection,WYNDHAM,METROPOLITAN NORTH WEST REGION,2475391.427,2399946.315,1,1,0,0,1,0,0,1,0,0,1,0,0,0,0,0,0,0,0,0,No,0,1,0,1,0,0,MELB_URBAN,MELB_URBAN,WYNDHAM,METROPOLITAN NORTH WEST REGION,,,Local Road,Local Road,Undivided,Undiv,Metro,2019,1,16,0
3476590,T20190001901,ABS to receive accident,Finished,31/1/2019,11.45.00,No,Collision with vehicle,Thursday,OTHER OPPOSING MANOEUVRES NOT INCLUDED IN DCAs 120-125.,No,Day,Yes,T intersection,Serious injury accident,60 km/hr,No,51606,144.26086,-36.75704,Intersection,BENDIGO,NORTHERN REGION,2434009.241,2526702.073,2,1,0,1,0,1,1,1,0,0,2,0,0,0,0,0,0,0,0,0,No,0,2,0,2,0,0,LARGE_PROVINCIAL_CITIES,LARGE_PROVINCIAL_CITIES,BENDIGO,NORTHERN REGION,A,A,Arterial Highway,"Arterial Highway,Local Road",Undivided,Undiv,Country,2019,1,11,0
3476591,T20190001906,ABS to receive accident,Finished,31/1/2019,15.55.00,No,Collision with a fixed object,Thursday,LEFT OFF CARRIAGEWAY INTO OBJECT/PARKED VEHICLE,No,Day,Yes,Not at intersection,Fatal accident,80 km/hr,Yes,341729,144.60725,-37.77971,Non-Intersection,MELTON,METROPOLITAN NORTH WEST REGION,2465402.76,2413402.783,1,1,1,0,0,0,1,0,0,0,1,0,0,0,0,0,0,0,0,0,No,0,1,0,1,0,0,RURAL_VICTORIA,RURAL_VICTORIA,MELTON,METROPOLITAN NORTH WEST REGION,,,Local Road,Local Road,Undivided,Undiv,Metro,2019,1,15,0
3476592,T20190001908,ABS to receive accident,Finished,31/1/2019,05.25.00,Yes,Struck Pedestrian,Thursday,PED EMERGES FROM IN FRONT OF PARKED OR STATIONARY VEHICLE,No,Day,Yes,Not at intersection,Other injury accident,60 km/hr,No,341851,145.06209,-37.94801,Non-Intersection,KINGSTON,METROPOLITAN SOUTH EAST REGION,2505457.374,2394793.297,2,1,0,0,1,1,0,2,0,0,1,1,0,0,0,0,1,0,0,0,No,0,1,0,1,0,0,MELB_URBAN,MELB_URBAN,KINGSTON,METROPOLITAN SOUTH EAST REGION,,,Arterial Other,Arterial Other,Undivided,Undiv,Metro,2019,1,05,0
3476593,T20190001914,ABS to receive accident,Finished,31/1/2019,03.00.00,Yes,Struck Pedestrian,Thursday,PED NEAR SIDE. PED HIT BY VEHICLE FROM THE RIGHT.,No,Dark No street lights,Yes,Not at intersection,Fatal accident,80 km/hr,No,341730,145.23024,-36.61567,Non-Intersection,SHEPPARTON,NORTH EASTERN REGION,2520593.824,2542619.214,2,1,1,0,0,1,2,0,0,0,1,1,0,0,0,0,0,0,1,0,No,0,1,1,0,0,0,SMALL_TOWNS,SMALL_TOWNS,SHEPPARTON,NORTH EASTERN REGION,C,C,Arterial Other,Arterial Other,Undivided,Undiv,Country,2019,1,03,0
3476594,T20190001926,ABS to receive accident,Finished,1/2/2019,07.45.00,No,Collision with vehicle,Thursday,CROSS TRAFFIC(INTERSECTIONS ONLY),No,Day,Yes,Cross intersection,Other injury accident,60 km/hr,No,43796,145.4608,-37.77716,Intersection,YARRA RANGES,METROPOLITAN SOUTH EAST REGION,2540592.45,2413658.909,2,1,0,0,1,1,2,0,0,0,1,0,0,1,0,0,0,0,0,0,No,0,2,0,1,1,0,TOWNS,TOWNS,YARRA RANGES,METROPOLITAN SOUTH EAST REGION,B,"B,C",Arterial Highway,"Arterial Highway,Local Road,Arterial Other",Undivided,Undiv,Metro,2019,2,07,0
3476595,T20190001927,ABS to receive accident,Finished,1/2/2019,08.00.00,No,Collision with a fixed object,Friday,LEFT OFF CARRIAGEWAY INTO OBJECT/PARKED VEHICLE,No,Day,Yes,Not at intersection,Other injury accident,50 km/hr,Yes,342204,144.90141,-37.7986,Non-Intersection,MARIBYRNONG,METROPOLITAN NORTH WEST REGION,2491317.568,2411373.601,2,2,0,0,2,0,1,0,0,1,1,0,0,0,0,0,0,0,1,0,No,0,1,0,1,0,0,MELB_URBAN,MELB_URBAN,MARIBYRNONG,METROPOLITAN NORTH WEST REGION,,,Local Road,Local Road,Undivided,Undiv,Metro,2019,2,08,0
3476596,T20190001928,ABS to receive accident,Finished,1/2/2019,07.30.00,No,Collision with vehicle,Friday,LEFT THROUGH,No,Day,Yes,Not at intersection,Other injury accident,60 km/hr,No,341982,144.897,-37.81541,Non-Intersection,MARIBYRNONG,METROPOLITAN NORTH WEST REGION,2490931.028,2409506.96,2,1,0,0,1,1,2,0,1,0,1,0,0,0,0,0,0,0,0,0,No,0,2,1,0,0,0,MELB_URBAN,MELB_URBAN,MARIBYRNONG,METROPOLITAN NORTH WEST REGION,,,Local Road,Local Road,Undivided,Undiv,Metro,2019,2,07,0
3476597,T20190001929,ABS to receive accident,Finished,1/2/2019,07.45.00,No,Collision with vehicle,Friday,RIGHT THROUGH,No,Day,Yes,Cross intersection,Other injury accident,50 km/hr,No,36804,144.9461,-37.82948,Intersection,PORT PHILLIP,METROPOLITAN NORTH WEST REGION,2495254.744,2407949.397,2,2,0,0,2,0,1,1,0,0,2,0,0,0,0,0,0,0,0,0,No,0,2,0,2,0,0,MELB_URBAN,MELB_URBAN,PORT PHILLIP,METROPOLITAN NORTH WEST REGION,,,Local Road,Local Road,Undivided,Undiv,Metro,2019,2,07,0
3476598,T20190001931,ABS to receive accident,Finished,1/2/2019,09.13.00,No,Collision with vehicle,Friday,RIGHT NEAR (INTERSECTIONS ONLY),No,Day,Yes,T intersection,Other injury accident,50 km/hr,No,341881,145.03373,-37.93531,Intersection,BAYSIDE,METROPOLITAN SOUTH EAST REGION,2502965.367,2396204.454,2,1,0,0,1,1,1,1,0,0,1,0,0,1,0,0,0,0,1,0,No,0,2,0,1,1,0,MELB_URBAN,MELB_URBAN,BAYSIDE,METROPOLITAN SOUTH EAST REGION,,,Local Road,Local Road,Undivided,Undiv,Metro,2019,2,09,0
3476599,T20190001932,ABS to receive accident,Finished,1/2/2019,08.35.00,No,Collision with vehicle,Friday,REAR END(VEHICLES IN SAME LANE),No,Day,Yes,T intersection,Serious injury accident,Not known,No,395,144.98262,-37.74304,Intersection,DAREBIN,METROPOLITAN NORTH WEST REGION,2498468.091,2417543.681,2,1,0,1,0,1,1,1,0,0,2,0,0,0,0,0,0,0,0,0,No,0,2,0,1,0,0,MELB_URBAN,MELB_URBAN,DAREBIN,METROPOLITAN NORTH WEST REGION,,,Arterial Highway,"Arterial Highway,Local Road",Divided,"Div,Undiv",Metro,2019,2,08,0
3476600,T20190002532,ABS to receive accident,Finished,9/2/2019,18.11.00,Yes,Collision with vehicle,Saturday,RIGHT FAR (INTERSECTIONS ONLY),No,Day,Yes,Cross intersection,Other injury accident,80 km/hr,No,342396,145.32,-38.02811,Intersection,CASEY,METROPOLITAN SOUTH EAST REGION,2528095.68,2385856.519,2,1,0,0,1,1,1,1,0,0,2,0,0,0,0,0,0,0,0,0,No,0,2,0,2,0,0,MELB_URBAN,MELB_URBAN,CASEY,METROPOLITAN SOUTH EAST REGION,M,"M,C",Freeway,"Freeway,Arterial Other,Arterial Highway",Divided,"Div,Undiv",Metro,2019,2,18,0
3476601,T20190002536,ABS to receive accident,Finished,9/2/2019,19.40.00,Yes,Collision with vehicle,Saturday,CROSS TRAFFIC(INTERSECTIONS ONLY),No,Day,Yes,Cross intersection,Serious injury accident,75 km/hr,No,278628,145.16227,-37.99737,Intersection,DANDENONG,METROPOLITAN SOUTH EAST REGION,2514252.846,2389303.604,4,3,0,3,0,1,4,0,0,2,2,0,0,0,0,0,0,0,0,1,No,0,2,0,2,0,0,MELB_URBAN,MELB_URBAN,DANDENONG,METROPOLITAN SOUTH EAST REGION,,,Arterial Highway,"Arterial Highway,Local Road",Divided,"Div,Undiv",Metro,2019,2,19,0
3476602,T20190002538,ABS to receive accident,Finished,9/2/2019,22.40.00,Yes,Collision with a fixed object,Saturday,RIGHT OFF CARRIAGEWAY INTO OBJECT/PARKED VEHICLE,No,Dark Street lights on,Yes,Not at intersection,Other injury accident,80 km/hr,Yes,342057,145.01013,-37.90788,Non-Intersection,BAYSIDE,METROPOLITAN SOUTH EAST REGION,2500890.985,2399249.415,1,1,0,0,1,0,1,0,0,0,0,0,0,1,0,0,0,0,0,0,No,0,1,0,0,1,0,MELB_URBAN,MELB_URBAN,BAYSIDE,METROPOLITAN SOUTH EAST REGION,,,Arterial Highway,Arterial Highway,Divided,Div,Metro,2019,2,22,0
3476603,T20190002539,ABS to receive accident,Finished,9/2/2019,17.30.00,Yes,Struck Pedestrian,Friday,PED NEAR SIDE. PED HIT BY VEHICLE FROM THE RIGHT.,No,Day,Yes,Not at intersection,Serious injury accident,60 km/hr,No,342213,144.65269,-37.90236,Non-Intersection,WYNDHAM,METROPOLITAN NORTH WEST REGION,2469455.712,2399805.678,2,1,0,1,0,1,2,0,0,0,1,1,0,0,0,0,0,0,0,1,No,0,1,0,1,0,0,MELB_URBAN,MELB_URBAN,WYNDHAM,METROPOLITAN NORTH WEST REGION,C,C,Arterial Other,Arterial Other,Divided,Div,Metro,2019,2,17,0
3476604,T20190002540,ABS to receive accident,Finished,10/2/2019,01.00.00,Yes,Collision with a fixed object,Sunday,LEFT OFF CARRIAGEWAY INTO OBJECT/PARKED VEHICLE,No,Dark No street lights,Yes,T intersection,Serious injury accident,100 km/hr,Yes,342056,144.29208,-37.04984,Non-Intersection,MOUNT ALEXANDER,NORTHERN REGION,2437038.346,2494235.052,1,1,0,1,0,0,1,0,0,0,1,0,0,0,0,0,0,0,0,0,No,0,1,0,1,0,0,RURAL_VICTORIA,RURAL_VICTORIA,MOUNT ALEXANDER,NORTHERN REGION,M,M,Freeway,"Freeway,Local Road",Divided,"Div,Undiv",Country,2019,2,01,0
3476605,T20190002542,ABS to receive accident,Finished,9/2/2019,22.08.00,Yes,Collision with vehicle,Saturday,CROSS TRAFFIC(INTERSECTIONS ONLY),No,Dark Street lights on,Yes,Cross intersection,Other injury accident,50 km/hr,No,39436,144.79945,-37.73444,Intersection,BRIMBANK,METROPOLITAN NORTH WEST REGION,2482322.979,2418479.98,8,3,0,0,3,5,4,4,0,5,3,0,0,0,0,0,0,0,0,1,No,0,3,0,3,0,0,MELB_URBAN,MELB_URBAN,BRIMBANK,METROPOLITAN NORTH WEST REGION,,,Local Road,Local Road,Undivided,Undiv,Metro,2019,2,22,0
3476606,T20190002543,ABS to receive accident,Finished,10/2/2019,00.45.00,Yes,Collision with vehicle,Sunday,RIGHT THROUGH,No,Dark Street lights on,Yes,Cross intersection,Serious injury accident,50 km/hr,No,35414,144.99656,-37.83484,Intersection,STONNINGTON,METROPOLITAN SOUTH EAST REGION,2499696.81,2407355.624,2,1,0,1,0,1,1,1,0,0,1,0,0,0,1,0,0,0,0,1,No,0,2,0,1,1,0,MELB_URBAN,MELB_URBAN,STONNINGTON,METROPOLITAN SOUTH EAST REGION,,,Arterial Other,Arterial Other,Undivided,Undiv,Metro,2019,2,00,0
3476607,T20190002547,ABS to receive accident,Finished,10/2/2019,05.00.00,No,Collision with a fixed object,,LEFT OFF CARRIAGEWAY INTO OBJECT/PARKED VEHICLE,No,Dark Street lights on,Yes,T intersection,Other injury accident,60 km/hr,Yes,41022,145.28612,-37.85274,Intersection,KNOX,METROPOLITAN SOUTH EAST REGION,2525179.767,2405331.592,1,1,0,0,1,0,0,1,0,0,1,0,0,0,0,0,0,0,0,0,No,0,1,0,1,0,0,MELB_URBAN,MELB_URBAN,KNOX,METROPOLITAN SOUTH EAST REGION,,,Arterial Other,"Arterial Other,Local Road",Divided,"Div,Undiv",Metro,2019,2,05,0
3476608,T20190002548,ABS to receive accident,Finished,9/2/2019,14.30.00,Yes,Collision with a fixed object,Saturday,OFF LEFT BEND INTO OBJECT/PARKED VEHICLE,No,Day,Yes,Not at intersection,Serious injury accident,100 km/hr,Yes,342195,143.18308,-36.6853,Non-Intersection,NORTHERN GRAMPIANS,WESTERN REGION,2337640.419,2533369.465,1,1,0,1,0,0,1,0,0,0,0,0,0,1,0,0,0,0,0,0,No,0,1,0,0,1,0,RURAL_VICTORIA,RURAL_VICTORIA,NORTHERN GRAMPIANS,WESTERN REGION,C,C,Arterial Other,Arterial Other,Undivided,Undiv,Country,2019,2,14,0
3476609,T20190002549,ABS to receive accident,Finished,10/2/2019,08.50.00,No,collision with some other object,,STRUCK OBJECT ON CARRIAGEWAY,No,Day,Yes,Not at intersection,Other injury accident,60 km/hr,No,342082,144.61751,-38.26553,Non-Intersection,GEELONG,SOUTH WESTERN REGION,2466523.806,2359481.891,1,1,0,0,1,0,1,0,1,0,0,0,0,0,0,0,0,0,0,0,No,0,1,0,0,0,0,RURAL_VICTORIA,RURAL_VICTORIA,GEELONG,SOUTH WESTERN REGION,B,B,Arterial Highway,Arterial Highway,Undivided,Undiv,Country,2019,2,08,0