OBJECTID,ACCIDENT_NO,ABS_CODE,ACCIDENT_STATUS,ACCIDENT_DATE,ACCIDENT_TIME,ALCOHOLTIME,ACCIDENT_TYPE,DAY_OF_WEEK,DCA_CODE,HIT_RUN_FLAG,LIGHT_CONDITION,POLICE_ATTEND,ROAD_GEOMETRY,SEVERITY,SPEED_ZONE,RUN_OFFROAD,NODE_ID,LONGITUDE,LATITUDE,NODE_TYPE,LGA_NAME,REGION_NAME,VICGRID_X,VICGRID_Y,TOTAL_PERSONS,INJ_OR_FATAL,FATALITY,SERIOUSINJURY,OTHERINJURY,NONINJURED,MALES,FEMALES,BICYCLIST,PASSENGER,DRIVER,PEDESTRIAN,PILLION,MOTORIST,UNKNOWN,PED_CYCLIST_5_12,PED_CYCLIST_13_18,OLD_PEDESTRIAN,OLD_DRIVER,YOUNG_DRIVER,ALCOHOL_RELATED,UNLICENCSED,NO_OF_VEHICLES,HEAVYVEHICLE,PASSENGERVEHICLE,MOTORCYCLE,PUBLICVEHICLE,DEG_URBAN_NAME,DEG_URBAN_ALL,LGA_NAME_ALL,REGION_NAME_ALL,SRNS,SRNS_ALL,RMA,RMA_ALL,DIVIDED,DIVIDED_ALL,STAT_DIV_NAME,Year,Month,Hour,ALCOHOL_RELATED
3476610,T20190002555,ABS to receive accident,Finished,10/2/2019,10.50.00,No,Collision with vehicle,,VEHICLE STRIKES ANOTHER VEH WHILE EMERGING FROM DRIVEWAY,No,Day,Yes,T intersection,Other injury accident,60 km/hr,No,342279,145.28826,-37.79691,Non-Intersection,MAROONDAH,METROPOLITAN SOUTH EAST REGION,2525386.808,2411527.14,2,1,0,0,1,1,0,2,0,0,2,0,0,0,0,0,0,0,0,1,No,0,2,0,2,0,0,MELB_URBAN,MELB_URBAN,MAROONDAH,METROPOLITAN SOUTH EAST REGION,,,Local Road,Local Road,Undivided,Undiv,Metro,2019,2,10,0
3476611,T20190002558,ABS to receive accident,Finished,10/2/2019,10.30.00,No,Collision with vehicle,,CROSS TRAFFIC(INTERSECTIONS ONLY),No,Day,Yes,Cross intersection,Other injury accident,80 km/hr,No,897,145.17854,-38.09218,Intersection,FRANKSTON,METROPOLITAN SOUTH EAST REGION,2515662.758,2378777.698,3,1,0,0,1,2,0,3,0,1,2,0,0,0,0,0,0,0,0,1,No,0,2,0,2,0,0,MELB_URBAN,MELB_URBAN,FRANKSTON,METROPOLITAN SOUTH EAST REGION,,,Arterial Highway,"Arterial Highway,Local Road",Divided,"Div,Undiv",Metro,2019,2,10,0
3476612,T20190002559,ABS to receive accident,Finished,10/2/2019,12.30.00,No,Collision with vehicle,,REAR END(VEHICLES IN SAME LANE),No,Day,Yes,T intersection,Serious injury accident,60 km/hr,No,342219,145.02682,-37.89797,Non-Intersection,GLEN EIRA,METROPOLITAN SOUTH EAST REGION,2502358.772,2400348.891,3,1,0,1,0,2,0,2,0,0,2,0,0,0,1,0,0,0,1,0,No,0,3,0,2,0,0,MELB_URBAN,MELB_URBAN,GLEN EIRA,METROPOLITAN SOUTH EAST REGION,,,Local Road,Local Road,Undivided,Undiv,Metro,2019,2,12,0
3476613,T20190003166,ABS to receive accident,Finished,18/2/2019,22.15.00,Yes,Collision with vehicle,Sunday,LEFT REAR,No,Dark No street lights,Yes,Cross intersection,Other injury accident,100 km/hr,No,51274,145.33884,-36.42552,Intersection,SHEPPARTON,NORTH EASTERN REGION,2530382.638,2563688.528,2,2,0,0,2,0,2,0,0,0,2,0,0,0,0,0,0,0,0,2,No,0,2,0,2,0,0,RURAL_VICTORIA,RURAL_VICTORIA,SHEPPARTON,NORTH EASTERN REGION,C,C,Arterial Other,"Arterial Other,Local Road",Undivided,Undiv,Country,2019,2,22,0
3476614,T20190003169,ABS to receive accident,Finished,17/2/2019,11.50.00,No,Collision with a fixed object,Sunday,LEFT OFF CARRIAGEWAY INTO OBJECT/PARKED VEHICLE,No,Day,Yes,Not at intersection,Serious injury accident,60 km/hr,Yes,342451,145.08573,-37.90606,Non-Intersection,MONASH,METROPOLITAN SOUTH EAST REGION,2507539.113,2399447.958,3,1,0,1,0,2,0,3,0,2,1,0,0,0,0,0,0,0,0,0,No,0,1,0,1,0,0,MELB_URBAN,MELB_URBAN,MONASH,METROPOLITAN SOUTH EAST REGION,,,Arterial Highway,Arterial Highway,Undivided,Undiv,Metro,2019,2,11,0
3476615,T20190003171,ABS to receive accident,Finished,18/2/2019,07.19.00,No,Collision with vehicle,Monday,RIGHT THROUGH,No,Day,Yes,T intersection,Other injury accident,80 km/hr,No,277083,145.28544,-37.92503,Intersection,KNOX,METROPOLITAN SOUTH EAST REGION,2525095.445,2397308.296,2,1,0,0,1,1,2,0,0,0,2,0,0,0,0,0,0,0,0,1,No,0,2,0,2,0,0,RURAL_VICTORIA,RURAL_VICTORIA,KNOX,METROPOLITAN SOUTH EAST REGION,C,C,Arterial Other,Arterial Other,Undivided,Undiv,Metro,2019,2,07,0
3476616,T20190003175,ABS to receive accident,Finished,19/2/2019,08.50.00,No,Collision with vehicle,Tuesday,LEFT THROUGH,Yes,Day,Yes,T intersection,Other injury accident,50 km/hr,No,342382,145.28293,-38.06647,Intersection,CASEY,METROPOLITAN SOUTH EAST REGION,2524828.907,2381609.705,5,1,0,0,1,4,0,2,0,3,1,0,0,0,1,0,0,0,0,0,No,0,2,0,1,0,0,MELB_URBAN,MELB_URBAN,CASEY,METROPOLITAN SOUTH EAST REGION,,,Local Road,Local Road,Undivided,Undiv,Metro,2019,2,08,0
3476617,T20190003181,ABS to receive accident,Finished,19/2/2019,11.20.00,No,Collision with vehicle,Monday,CROSS TRAFFIC(INTERSECTIONS ONLY),No,Day,Yes,Cross intersection,Other injury accident,50 km/hr,No,38066,145.02142,-37.75936,Intersection,DAREBIN,METROPOLITAN NORTH WEST REGION,2501887.76,2415732.726,3,2,0,0,2,1,2,1,0,1,2,0,0,0,0,0,0,0,0,1,No,0,2,0,2,0,0,MELB_URBAN,MELB_URBAN,DAREBIN,METROPOLITAN NORTH WEST REGION,,,Arterial Other,"Arterial Other,Local Road",Divided,"Div,Undiv",Metro,2019,2,11,0
3476618,T20190003183,ABS to receive accident,Finished,18/2/2019,12.30.00,No,Vehicle overturned (no collision),Sunday,OFF CARRIAGEWAY ON RIGHT BEND,No,Day,Yes,Not at intersection,Other injury accident,80 km/hr,Yes,342608,145.66408,-37.82861,Non-Intersection,YARRA RANGES,METROPOLITAN SOUTH EAST REGION,2558459.938,2407842.745,1,1,0,0,1,0,1,0,0,0,1,0,0,0,0,0,0,0,0,0,No,0,1,0,1,0,0,RURAL_VICTORIA,RURAL_VICTORIA,YARRA RANGES,METROPOLITAN SOUTH EAST REGION,C,C,Arterial Other,Arterial Other,Undivided,Undiv,Metro,2019,2,12,0
3476619,T20190003185,ABS to receive accident,Finished,17/2/2019,13.10.00,No,Collision with vehicle,Sunday,RIGHT THROUGH,No,Day,No,T intersection,Other injury accident,60 km/hr,No,42035,145.00095,-37.946,Intersection,BAYSIDE,METROPOLITAN SOUTH EAST REGION,2500083.209,2395017.736,2,1,0,0,1,1,2,0,1,0,1,0,0,0,0,0,0,0,0,0,No,0,2,0,1,0,0,MELB_URBAN,MELB_URBAN,BAYSIDE,METROPOLITAN SOUTH EAST REGION,,,Arterial Other,"Arterial Other,Local Road",Undivided,Undiv,Metro,2019,2,13,0
3476620,T20190003186,ABS to receive accident,Finished,19/2/2019,07.30.00,No,Collision with vehicle,Monday,RIGHT/LEFT FAR (INTERSECTIONS ONLY),No,Day,Yes,T intersection,Other injury accident,50 km/hr,No,48123,144.95422,-37.75978,Intersection,MORELAND,METROPOLITAN NORTH WEST REGION,2495966.054,2415685.769,2,1,0,0,1,1,1,1,1,0,1,0,0,0,0,0,0,0,0,0,No,0,2,0,1,0,0,MELB_URBAN,MELB_URBAN,MORELAND,METROPOLITAN NORTH WEST REGION,,,Local Road,Local Road,Undivided,Undiv,Metro,2019,2,07,0
3476621,T20190003189,ABS to receive accident,Finished,19/2/2019,10.38.00,No,Collision with vehicle,Monday,REAR END(VEHICLES IN SAME LANE),No,Day,Yes,Not at intersection,Serious injury accident,70 km/hr,No,342650,145.13558,-37.62086,Non-Intersection,NILLUMBIK,METROPOLITAN NORTH WEST REGION,2511968.142,2431094.853,4,1,0,1,0,3,1,3,0,1,3,0,0,0,0,0,0,0,1,0,No,0,3,0,3,0,0,MELB_URBAN,MELB_URBAN,NILLUMBIK,METROPOLITAN NORTH WEST REGION,,,Arterial Other,Arterial Other,Undivided,Undiv,Metro,2019,2,10,0
3476622,T20190003193,ABS to receive accident,Finished,15/2/2019,12.45.00,No,Struck Pedestrian,Friday,ANY MANOEUVRE INVOLVING PED NOT INCLUDED IN DCAs 100-108.,No,Day,Yes,Not at intersection,Other injury accident,40 km/hr,No,342426,145.01328,-38.26721,Non-Intersection,MORNINGTON PENINSULA,METROPOLITAN SOUTH EAST REGION,2501162.075,2359362.513,2,1,0,0,1,1,1,1,0,0,1,1,0,0,0,0,0,1,1,0,No,0,1,0,1,0,0,MELB_URBAN,MELB_URBAN,MORNINGTON PENINSULA,METROPOLITAN SOUTH EAST REGION,,,Local Road,Local Road,Undivided,Undiv,Metro,2019,2,12,0
3476623,T20190003201,ABS to receive accident,Finished,19/2/2019,13.17.00,No,Collision with vehicle,Tuesday,RIGHT NEAR (INTERSECTIONS ONLY),No,Day,Yes,Cross intersection,Other injury accident,60 km/hr,No,19431,144.28425,-36.75551,Intersection,BENDIGO,NORTHERN REGION,2436096.064,2526888.323,2,1,0,0,1,1,0,2,0,0,2,0,0,0,0,0,0,0,0,1,No,0,2,0,2,0,0,LARGE_PROVINCIAL_CITIES,LARGE_PROVINCIAL_CITIES,BENDIGO,NORTHERN REGION,A,"A,B,C",Arterial Highway,"Arterial Highway,Arterial Other",Divided,"Div,Undiv",Country,2019,2,13,0
3476624,T20190003204,ABS to receive accident,Finished,17/2/2019,06.50.00,Yes,Collision with vehicle,Sunday,CROSS TRAFFIC(INTERSECTIONS ONLY),No,Dusk/Dawn,Yes,Cross intersection,Serious injury accident,80 km/hr,No,343234,145.24156,-37.85722,Intersection,KNOX,METROPOLITAN SOUTH EAST REGION,2521257.319,2404845.065,2,1,0,1,0,1,1,1,0,0,2,0,0,0,0,0,0,0,0,0,No,0,2,1,1,0,0,MELB_URBAN,MELB_URBAN,KNOX,METROPOLITAN SOUTH EAST REGION,,,Arterial Other,"Arterial Other,Local Road",Undivided,Undiv,Metro,2019,2,06,0
3476625,T20190003206,ABS to receive accident,Finished,19/2/2019,08.05.00,No,Collision with a fixed object,Monday,OFF RIGHT BEND INTO OBJECT/PARKED VEHICLE,No,Day,Yes,Not at intersection,Other injury accident,80 km/hr,Yes,342429,146.04371,-37.88701,Non-Intersection,BAW BAW,EASTERN REGION,2591807.531,2401062.048,3,3,0,0,3,0,0,2,0,2,1,0,0,0,0,0,0,0,0,0,No,0,1,0,1,0,0,RURAL_VICTORIA,RURAL_VICTORIA,BAW BAW,"EASTERN REGION,EASTERN REGION",C,C,Arterial Other,Arterial Other,Undivided,Undiv,Country,2019,2,08,0
3476626,T20190001347,ABS to receive accident,Finished,23/1/2019,11.55.00,No,Collision with a fixed object,Wednesday,LEFT OFF CARRIAGEWAY INTO OBJECT/PARKED VEHICLE,No,Day,Yes,Not at intersection,Other injury accident,50 km/hr,Yes,341545,144.73383,-37.75135,Non-Intersection,MELTON,METROPOLITAN NORTH WEST REGION,2476544.477,2416589.368,1,1,0,0,1,0,0,1,0,0,1,0,0,0,0,0,0,0,0,0,No,0,1,0,1,0,0,MELB_URBAN,MELB_URBAN,MELTON,METROPOLITAN NORTH WEST REGION,,,Local Road,Local Road,Undivided,Undiv,Metro,2019,1,11,0
3476627,T20190001348,ABS to receive accident,Finished,23/1/2019,12.27.00,No,Struck Pedestrian,Tuesday,PED NEAR SIDE. PED HIT BY VEHICLE FROM THE RIGHT.,No,Day,Yes,Not at intersection,Other injury accident,50 km/hr,No,119353,144.9518,-37.79708,Non-Intersection,MELBOURNE,METROPOLITAN NORTH WEST REGION,2495755.253,2411545.668,2,1,0,0,1,1,0,1,0,0,1,1,0,0,0,0,1,0,0,0,No,0,1,0,1,0,0,MELB_URBAN,MELB_URBAN,MELBOURNE,METROPOLITAN NORTH WEST REGION,,,Arterial Other,Arterial Other,Divided,Div,Metro,2019,1,12,0
3476628,T20190001350,ABS to receive accident,Finished,23/1/2019,12.40.00,No,Collision with vehicle,Wednesday,REVERSING IN STREAM OF TRAFFIC,No,Day,Yes,Cross intersection,Other injury accident,80 km/hr,No,35537,144.99899,-37.88627,Intersection,BAYSIDE,METROPOLITAN SOUTH EAST REGION,2499911.566,2401647.274,2,1,0,0,1,1,0,2,0,0,1,0,0,1,0,0,0,0,0,0,No,0,2,0,1,1,0,MELB_URBAN,MELB_URBAN,BAYSIDE,METROPOLITAN SOUTH EAST REGION,,,Arterial Highway,"Arterial Highway,Local Road",Divided,"Div,Undiv",Metro,2019,1,12,0
3476629,T20190001352,ABS to receive accident,Finished,23/1/2019,13.00.00,No,Collision with vehicle,Tuesday,REAR END(VEHICLES IN SAME LANE),No,Day,Yes,T intersection,Serious injury accident,60 km/hr,No,37643,144.99114,-37.83348,Intersection,STONNINGTON,METROPOLITAN SOUTH EAST REGION,2499220.204,2407506.205,2,1,0,1,0,1,2,0,0,0,1,0,0,1,0,0,0,0,0,0,No,0,2,0,1,1,0,MELB_URBAN,MELB_URBAN,STONNINGTON,METROPOLITAN SOUTH EAST REGION,,,Arterial Other,"Arterial Other,Local Road",Undivided,Undiv,Metro,2019,1,13,0
3476630,T20190001355,ABS to receive accident,Finished,23/1/2019,07.30.00,No,collision with some other object,Tuesday,TEMPORARY ROADWORKS,No,Day,Yes,Not at intersection,Other injury accident,40 km/hr,No,343177,142.52249,-37.88451,Non-Intersection,MOYNE,SOUTH WESTERN REGION,2282085.343,2399006.914,1,1,0,0,1,0,1,0,0,0,1,0,0,0,0,0,0,0,0,0,No,0,1,1,0,0,0,RURAL_VICTORIA,RURAL_VICTORIA,MOYNE,SOUTH WESTERN REGION,,,Local Road,Local Road,Undivided,Undiv,Country,2019,1,07,0
3476631,T20190001358,ABS to receive accident,Finished,23/1/2019,07.28.00,No,Collision with a fixed object,Wednesday,RIGHT OFF CARRIAGEWAY INTO OBJECT/PARKED VEHICLE,No,Day,Yes,Not at intersection,Serious injury accident,60 km/hr,Yes,341862,145.30475,-38.08571,Non-Intersection,CASEY,METROPOLITAN SOUTH EAST REGION,2526736.582,2379467.701,1,1,0,1,0,0,0,1,0,0,1,0,0,0,0,0,0,0,0,1,No,0,1,0,1,0,0,MELB_URBAN,MELB_URBAN,CASEY,METROPOLITAN SOUTH EAST REGION,,,Arterial Other,Arterial Other,Undivided,Undiv,Metro,2019,1,07,0
3476632,T20190001364,ABS to receive accident,Finished,23/1/2019,15.30.00,No,Collision with vehicle,Tuesday,RIGHT NEAR (INTERSECTIONS ONLY),No,Day,Yes,T intersection,Other injury accident,60 km/hr,No,46515,145.15427,-37.88779,Intersection,MONASH,METROPOLITAN SOUTH EAST REGION,2513570.312,2401467.537,5,3,0,0,3,2,3,1,0,3,2,0,0,0,0,0,0,0,0,0,No,0,2,0,2,0,0,MELB_URBAN,MELB_URBAN,MONASH,METROPOLITAN SOUTH EAST REGION,,,Arterial Other,"Arterial Other,Local Road",Undivided,Undiv,Metro,2019,1,15,0
3476633,T20190001365,ABS to receive accident,Reopened,23/1/2019,14.25.00,No,Collision with vehicle,Wednesday,HEAD ON (NOT OVERTAKING),No,Day,Yes,Not at intersection,Serious injury accident,60 km/hr,No,341616,147.27054,-36.85092,Non-Intersection,(FALLS CREEK),NORTH EASTERN REGION,2702449.53,2514127.52,2,1,0,1,0,1,2,0,0,0,1,0,0,1,0,0,0,0,0,0,No,0,2,0,1,1,0,RURAL_VICTORIA,RURAL_VICTORIA,(FALLS CREEK),NORTH EASTERN REGION,C,C,Arterial Other,Arterial Other,Undivided,Undiv,Country,2019,1,14,0
3476634,T20190001367,ABS to receive accident,Finished,23/1/2019,12.50.00,No,Collision with a fixed object,Tuesday,LEFT OFF CARRIAGEWAY INTO OBJECT/PARKED VEHICLE,No,Day,Yes,Not at intersection,Serious injury accident,100 km/hr,Yes,343143,145.03241,-37.56561,Non-Intersection,WHITTLESEA,METROPOLITAN NORTH WEST REGION,2502863.057,2437235.361,1,1,0,1,0,0,1,0,0,0,1,0,0,0,0,0,0,0,0,0,No,0,1,0,1,0,0,RURAL_VICTORIA,RURAL_VICTORIA,WHITTLESEA,METROPOLITAN NORTH WEST REGION,C,C,Arterial Other,Arterial Other,Undivided,Undiv,Metro,2019,1,12,0
3476635,T20190001368,ABS to receive accident,Finished,23/1/2019,14.48.00,No,Collision with vehicle,Tuesday,RIGHT FAR (INTERSECTIONS ONLY),No,Day,Yes,Cross intersection,Other injury accident,80 km/hr,No,341462,145.31031,-38.027,Intersection,CASEY,METROPOLITAN SOUTH EAST REGION,2527245.291,2385982.826,7,1,0,0,1,6,2,5,0,5,2,0,0,0,0,0,0,0,0,1,No,0,2,0,2,0,0,MELB_URBAN,MELB_URBAN,CASEY,METROPOLITAN SOUTH EAST REGION,,,Arterial Highway,"Arterial Highway,Local Road",Divided,"Div,Undiv",Metro,2019,1,14,0
3476636,T20190001371,ABS to receive accident,Finished,23/1/2019,14.35.00,No,Collision with vehicle,Wednesday,RIGHT THROUGH,No,Day,Yes,T intersection,Fatal accident,80 km/hr,No,37385,145.2879,-37.81825,Intersection,MAROONDAH,METROPOLITAN SOUTH EAST REGION,2525348.247,2409158.258,2,1,1,0,0,1,2,0,0,0,2,0,0,0,0,0,0,0,1,0,No,0,2,1,1,0,0,MELB_URBAN,MELB_URBAN,MAROONDAH,METROPOLITAN SOUTH EAST REGION,,,Arterial Other,"Arterial Other,Local Road",Divided,"Div,Undiv",Metro,2019,1,14,0
3476637,T20190001373,ABS to receive accident,Finished,23/1/2019,17.55.00,No,Collision with vehicle,Tuesday,RIGHT REAR.,No,Day,Yes,Cross intersection,Other injury accident,60 km/hr,No,51000,145.41256,-36.36805,Intersection,SHEPPARTON,NORTH EASTERN REGION,2537021.241,2570038.776,2,2,0,0,2,0,1,1,0,0,2,0,0,0,0,0,0,0,0,1,No,0,2,0,2,0,0,SMALL_CITIES,SMALL_CITIES,SHEPPARTON,NORTH EASTERN REGION,C,C,Arterial Other,"Arterial Other,Local Road",Undivided,Undiv,Country,2019,1,17,0
3476638,T20190001376,ABS to receive accident,Finished,23/1/2019,19.00.00,Yes,Struck Pedestrian,Tuesday,PED ON FOOTHPATH STRUCK BY VEHENTERING/LEAVING DRIVEWAY.,No,Day,Yes,Not at intersection,Other injury accident,50 km/hr,No,341585,144.94477,-37.79828,Non-Intersection,MELBOURNE,METROPOLITAN NORTH WEST REGION,2495135.837,2411412.343,3,1,0,0,1,2,2,1,0,1,1,1,0,0,0,1,0,0,0,0,No,0,1,0,1,0,0,MELB_URBAN,MELB_URBAN,MELBOURNE,METROPOLITAN NORTH WEST REGION,,,Local Road,Local Road,Divided,Div,Metro,2019,1,19,0
3476639,T20190001934,ABS to receive accident,Finished,31/1/2019,10.30.00,No,Collision with vehicle,Wednesday,RIGHT THROUGH,No,Day,Yes,T intersection,Other injury accident,60 km/hr,No,57358,144.59492,-37.68375,Intersection,MELTON,METROPOLITAN NORTH WEST REGION,2464271.904,2424048.167,3,3,0,0,3,0,2,1,0,1,2,0,0,0,0,0,0,0,0,1,No,0,2,0,2,0,0,SMALL_CITIES,SMALL_CITIES,MELTON,METROPOLITAN NORTH WEST REGION,C,C,Arterial Other,"Arterial Other,Local Road",Undivided,Undiv,Metro,2019,1,10,0
3476640,T20190001940,ABS to receive accident,Finished,1/2/2019,10.30.00,No,Fall from or in moving vehicle,Friday,OTHER ACCIDENTS-OFF STRAIGHT NOT INCLUDED IN DCAs 170-175,No,Day,Yes,Not at intersection,Other injury accident,60 km/hr,No,342103,145.33418,-37.55698,Non-Intersection,NILLUMBIK,METROPOLITAN NORTH WEST REGION,2529524.566,2438141.865,1,1,0,0,1,0,1,0,0,0,0,0,0,1,0,0,0,0,0,0,No,0,1,0,0,1,0,RURAL_VICTORIA,RURAL_VICTORIA,NILLUMBIK,METROPOLITAN NORTH WEST REGION,C,C,Arterial Other,Arterial Other,Undivided,Undiv,Metro,2019,2,10,0
3476641,T20190001944,ABS to receive accident,Finished,26/1/2019,16.00.00,Yes,Vehicle overturned (no collision),Friday,OUT OF CONTROL ON CARRIAGEWAY (ON BEND),No,Day,No,Not at intersection,Other injury accident,Not known,No,341954,145.88656,-37.16749,Non-Intersection,MANSFIELD,NORTH EASTERN REGION,2578728.271,2481048.22,1,1,0,0,1,0,1,0,0,0,0,0,0,1,0,0,0,0,0,0,No,0,1,0,0,1,0,RURAL_VICTORIA,RURAL_VICTORIA,MANSFIELD,NORTH EASTERN REGION,,,Local Road,Local Road,Undivided,Undiv,Country,2019,1,16,0
3476642,T20190001945,ABS to receive accident,Finished,1/2/2019,12.00.00,No,Collision with vehicle,Friday,LANE SIDE SWIPE (VEHICLES IN PARALLEL LANES),No,Unk.,No,Cross intersection,Other injury accident,Not known,No,341879,144.69036,-37.83788,Non-Intersection,WYNDHAM,METROPOLITAN NORTH WEST REGION,2472745.047,2406974.062,2,1,0,0,1,1,2,0,0,0,2,0,0,0,0,0,0,0,0,0,No,0,2,0,2,0,0,MELB_URBAN,MELB_URBAN,WYNDHAM,METROPOLITAN NORTH WEST REGION,C,C,Arterial Other,Arterial Other,Undivided,Undiv,Metro,2019,2,12,0
3476643,T20190001949,ABS to receive accident,Finished,1/2/2019,13.07.00,No,Collision with vehicle,Thursday,RIGHT THROUGH,No,Day,Yes,T intersection,Other injury accident,60 km/hr,No,35526,145.13581,-37.83331,Intersection,WHITEHORSE,METROPOLITAN SOUTH EAST REGION,2511954.808,2407516.594,2,1,0,0,1,1,1,1,0,0,2,0,0,0,0,0,0,0,0,1,No,0,2,0,2,0,0,MELB_URBAN,MELB_URBAN,WHITEHORSE,METROPOLITAN SOUTH EAST REGION,,,Arterial Other,"Arterial Other,Local Road",Undivided,Undiv,Metro,2019,2,13,0
3476644,T20190001953,ABS to receive accident,Finished,1/2/2019,11.15.00,No,Collision with vehicle,Friday,REAR END(VEHICLES IN SAME LANE),No,Day,Yes,Not at intersection,Serious injury accident,60 km/hr,No,341874,145.02822,-37.62642,Non-Intersection,WHITTLESEA,METROPOLITAN NORTH WEST REGION,2502490.641,2430486.91,5,1,0,1,0,4,4,1,0,1,4,0,0,0,0,0,0,0,0,1,No,0,4,0,4,0,0,MELB_URBAN,MELB_URBAN,WHITTLESEA,METROPOLITAN NORTH WEST REGION,C,C,Arterial Other,Arterial Other,Undivided,Undiv,Metro,2019,2,11,0
3476645,T20190001958,ABS to receive accident,Finished,29/1/2019,12.00.00,No,Collision with a fixed object,Tuesday,OFF LEFT BEND INTO OBJECT/PARKED VEHICLE,No,Unk.,No,Not at intersection,Other injury accident,100 km/hr,Yes,341883,146.27917,-38.32917,Non-Intersection,LATROBE,EASTERN REGION,2611858.482,2351733.258,1,1,0,0,1,0,1,0,0,0,1,0,0,0,0,0,0,0,0,0,No,0,1,0,1,0,0,RURAL_VICTORIA,RURAL_VICTORIA,LATROBE,"EASTERN REGION,EASTERN REGION",,,Local Road,Local Road,Undivided,Undiv,Country,2019,1,12,0
3476646,T20190001961,ABS to receive accident,Finished,1/2/2019,15.00.00,No,Collision with vehicle,Friday,RIGHT THROUGH,No,Day,Yes,Not at intersection,Other injury accident,70 km/hr,No,342267,144.82355,-37.82351,Non-Intersection,WYNDHAM,METROPOLITAN NORTH WEST REGION,2484465.528,2408598.937,2,1,0,0,1,1,1,1,0,0,2,0,0,0,0,0,0,0,0,0,No,0,2,1,1,0,0,MELB_URBAN,MELB_URBAN,WYNDHAM,METROPOLITAN NORTH WEST REGION,,,Arterial Other,Arterial Other,Undivided,Undiv,Metro,2019,2,15,0
3476647,T20190001963,ABS to receive accident,Finished,1/2/2019,13.55.00,No,Collision with vehicle,Friday,OTHER MANOEUVRING NOT INCLUDED IN DCAs 140-148,No,Day,Yes,T intersection,Other injury accident,80 km/hr,No,341888,144.96209,-37.64501,Intersection,HUME,METROPOLITAN NORTH WEST REGION,2496654.863,2428422.836,7,1,0,0,1,6,5,2,0,3,4,0,0,0,0,0,0,0,0,0,No,0,4,1,3,0,0,MELB_URBAN,MELB_URBAN,HUME,METROPOLITAN NORTH WEST REGION,,,Arterial Other,Arterial Other,Divided,"Div,Undiv",Metro,2019,2,13,0
3476648,T20190001967,ABS to receive accident,Finished,31/1/2019,21.45.00,Yes,Collision with a fixed object,Wednesday,OUT OF CONTROL (OVERTAKING),No,Dark Street lights on,No,T intersection,Other injury accident,40 km/hr,Yes,46652,144.99937,-37.80851,Intersection,YARRA,METROPOLITAN NORTH WEST REGION,2499944.776,2410277.591,3,1,0,0,1,2,1,0,0,0,0,0,0,1,2,0,0,0,0,0,No,0,2,0,0,1,0,MELB_URBAN,MELB_URBAN,YARRA,METROPOLITAN NORTH WEST REGION,,,Local Road,Local Road,Undivided,Undiv,Metro,2019,1,21,0
3476649,T20190001969,ABS to receive accident,Finished,7/1/2019,09.30.00,No,Struck Pedestrian,Monday,ANY MANOEUVRE INVOLVING PED NOT INCLUDED IN DCAs 100-108.,No,Day,Yes,Cross intersection,Other injury accident,60 km/hr,No,36095,144.9459,-37.80053,Intersection,MELBOURNE,METROPOLITAN NORTH WEST REGION,2495235.741,2411162.539,2,1,0,0,1,1,1,1,0,0,1,1,0,0,0,0,0,0,0,0,No,0,1,0,0,0,1,MELB_URBAN,MELB_URBAN,MELBOURNE,METROPOLITAN NORTH WEST REGION,,,Local Road,Local Road,Undivided,Undiv,Metro,2019,1,09,0
3476650,T20190001978,ABS to receive accident,Finished,1/2/2019,17.28.00,Yes,Collision with vehicle,Friday,REAR END(VEHICLES IN SAME LANE),No,Day,Yes,Not at intersection,Serious injury accident,80 km/hr,No,343046,145.18532,-37.95881,Non-Intersection,DANDENONG,METROPOLITAN SOUTH EAST REGION,2516285.913,2393580.104,3,1,0,1,0,2,2,1,0,0,3,0,0,0,0,0,0,0,0,0,No,0,3,0,3,0,0,MELB_URBAN,MELB_URBAN,DANDENONG,METROPOLITAN SOUTH EAST REGION,,,Arterial Highway,Arterial Highway,Divided,Div,Metro,2019,2,17,0
3476651,T20190001981,ABS to receive accident,Finished,1/2/2019,18.44.00,Yes,Collision with a fixed object,Friday,PERMANENT OBSTRUCTION ON CARRIAGEWAY,No,Day,Yes,Not at intersection,Other injury accident,100 km/hr,No,342152,147.05922,-38.02514,Non-Intersection,WELLINGTON,EASTERN REGION,2680792.209,2384278.011,4,4,0,0,4,0,0,4,0,3,1,0,0,0,0,0,0,0,0,0,No,0,1,0,1,0,0,RURAL_VICTORIA,RURAL_VICTORIA,WELLINGTON,"EASTERN REGION,EASTERN REGION",A,A,Arterial Highway,Arterial Highway,Undivided,Undiv,Country,2019,2,18,0